{"type":"FeatureCollection","features":[{"type":"Feature","id":0,"geometry":{"type":"Polygon","coordinates":[[[-71.1052,45.29487],[-71.1022,45.29733],[-71.09955,45.29911],[-71.09877,45.30003],[-71.09822,45.30018],[-71.09814,45.30058],[-71.09839,45.30086],[-71.09817,45.30164],[-71.09749,45.30174],[-71.09731,45.30201],[-71.09697,45.30217],[-71.09554,45.3022],[-71.09485,45.30239],[-71.09254,45.30387],[-71.09044,45.30414],[-71.08928,45.30472],[-71.08798,45.3046],[-71.08673,45.30469],[-71.08686,45.30504],[-71.08668,45.30521],[-71.08588,45.30533],[-71.08568,45.30572],[-71.0847,45.30565],[-71.08452,45.30551],[-71.08392,45.30542],[-71.08214,45.29051],[-71.1052,45.29487]]]},"properties":{"id":"p-005-001~M1","property_id":"p-005-001","label":"Block M1","score":54,"status":"verified"}},{"type":"Feature","id":1,"geometry":{"type":"Polygon","coordinates":[[[-71.08214,45.29051],[-71.0798,45.27134],[-71.10957,45.27697],[-71.10872,45.27703],[-71.10719,45.27833],[-71.1069,45.27963],[-71.10632,45.28],[-71.10623,45.28084],[-71.10641,45.28153],[-71.10593,45.28189],[-71.10544,45.28251],[-71.10544,45.28282],[-71.10831,45.28232],[-71.10917,45.28236],[-71.11007,45.28315],[-71.11029,45.28415],[-71.11092,45.28437],[-71.11021,45.28514],[-71.10899,45.28612],[-71.10786,45.28949],[-71.10707,45.28981],[-71.10646,45.29111],[-71.10591,45.29129],[-71.10463,45.29116],[-71.10416,45.29149],[-71.10393,45.29233],[-71.10407,45.29265],[-71.10516,45.29346],[-71.10539,45.29403],[-71.1052,45.29487],[-71.08214,45.29051]]]},"properties":{"id":"p-005-001~M2","property_id":"p-005-001","label":"Block M2","score":51,"status":"verified"}},{"type":"Feature","id":2,"geometry":{"type":"Polygon","coordinates":[[[-71.26485,45.2875],[-71.28989,45.2922],[-71.28671,45.30063],[-71.28576,45.30031],[-71.28478,45.30122],[-71.28419,45.30232],[-71.28371,45.30197],[-71.28309,45.30093],[-71.28371,45.30033],[-71.28357,45.29998],[-71.28223,45.29946],[-71.28201,45.29911],[-71.28215,45.29794],[-71.28271,45.29711],[-71.28127,45.29607],[-71.28086,45.29551],[-71.28089,45.29516],[-71.28049,45.29454],[-71.27916,45.29444],[-71.27825,45.29464],[-71.27785,45.2949],[-71.27732,45.29497],[-71.27668,45.29483],[-71.27581,45.29499],[-71.27483,45.29563],[-71.27425,45.29573],[-71.27382,45.29605],[-71.27265,45.29653],[-71.27195,45.29599],[-71.26998,45.29529],[-71.26905,45.29525],[-71.26699,45.29439],[-71.26626,45.29433],[-71.2649,45.29373],[-71.26447,45.29323],[-71.26564,45.29227],[-71.26618,45.29144],[-71.26578,45.2905],[-71.26592,45.28941],[-71.26517,45.28849],[-71.26485,45.2875]]]},"properties":{"id":"p-005-001~F3","property_id":"p-005-001","label":"Block F3","score":79,"status":"verified"}},{"type":"Feature","id":3,"geometry":{"type":"Polygon","coordinates":[[[-71.12108,45.26042],[-71.1201,45.26151],[-71.11954,45.26162],[-71.11948,45.26179],[-71.11963,45.26253],[-71.11922,45.26309],[-71.12025,45.26365],[-71.11993,45.26418],[-71.12019,45.26513],[-71.11968,45.2664],[-71.11919,45.26706],[-71.11839,45.26773],[-71.11742,45.26831],[-71.11641,45.26946],[-71.11623,45.27043],[-71.1163,45.27143],[-71.11677,45.27267],[-71.11646,45.27317],[-71.1163,45.27405],[-71.11565,45.27445],[-71.11408,45.27491],[-71.11322,45.27476],[-71.1116,45.27562],[-71.11067,45.27533],[-71.10954,45.27612],[-71.10982,45.27671],[-71.10957,45.27697],[-71.08498,45.27232],[-71.09163,45.25485],[-71.12108,45.26042]]]},"properties":{"id":"p-005-001~M3","property_id":"p-005-001","label":"Block M3","score":55,"status":"verified"}},{"type":"Feature","id":4,"geometry":{"type":"Polygon","coordinates":[[[-71.0798,45.27134],[-71.07898,45.2641],[-71.07746,45.25217],[-71.09163,45.25485],[-71.08498,45.27232],[-71.0798,45.27134]]]},"properties":{"id":"p-005-001~N3","property_id":"p-005-001","label":"Block N3","score":56,"status":"verified"}},{"type":"Feature","id":5,"geometry":{"type":"Polygon","coordinates":[[[-71.31965,45.28285],[-71.31913,45.28298],[-71.31866,45.28387],[-71.31733,45.28494],[-71.31701,45.28539],[-71.31574,45.28604],[-71.31539,45.28655],[-71.31438,45.28679],[-71.31363,45.28672],[-71.3129,45.28685],[-71.31122,45.28652],[-71.31022,45.28685],[-71.30904,45.28694],[-71.30753,45.28752],[-71.30698,45.28817],[-71.30631,45.28949],[-71.30639,45.28998],[-71.30497,45.29154],[-71.30445,45.29239],[-71.30298,45.29298],[-71.30266,45.2939],[-71.30181,45.29531],[-71.30051,45.2966],[-71.30004,45.29635],[-71.29944,45.29686],[-71.29879,45.29699],[-71.29623,45.2991],[-71.29529,45.29869],[-71.29448,45.29852],[-71.29336,45.2986],[-71.29276,45.29848],[-71.29098,45.29866],[-71.29064,45.29895],[-71.29052,45.29956],[-71.28991,45.29994],[-71.28873,45.30003],[-71.28788,45.30087],[-71.28671,45.30063],[-71.29648,45.27472],[-71.32128,45.27937],[-71.32015,45.28236],[-71.31965,45.28285]]]},"properties":{"id":"p-005-001~E4","property_id":"p-005-001","label":"Block E4","score":67,"status":"verified"}},{"type":"Feature","id":6,"geometry":{"type":"Polygon","coordinates":[[[-71.29648,45.27472],[-71.28989,45.2922],[-71.26509,45.28755],[-71.2717,45.27007],[-71.29648,45.27472]]]},"properties":{"id":"p-005-001~F4","property_id":"p-005-001","label":"Block F4","score":61,"status":"verified"}},{"type":"Feature","id":7,"geometry":{"type":"Polygon","coordinates":[[[-71.24559,45.26878],[-71.24493,45.2682],[-71.24796,45.2669],[-71.24855,45.26647],[-71.24896,45.2658],[-71.2717,45.27007],[-71.26509,45.28755],[-71.26485,45.2875],[-71.26464,45.28725],[-71.26396,45.2855],[-71.26399,45.28514],[-71.26376,45.2848],[-71.26393,45.28291],[-71.26369,45.28225],[-71.2633,45.28185],[-71.26352,45.28023],[-71.26282,45.27949],[-71.26273,45.27919],[-71.26291,45.27875],[-71.26297,45.27743],[-71.26222,45.27653],[-71.2623,45.276],[-71.26076,45.27526],[-71.26038,45.27484],[-71.25966,45.27453],[-71.25988,45.27395],[-71.25927,45.2728],[-71.25954,45.27242],[-71.25939,45.27203],[-71.25902,45.27182],[-71.25878,45.27183],[-71.25638,45.27317],[-71.25593,45.27289],[-71.25539,45.27193],[-71.25426,45.27159],[-71.25306,45.27101],[-71.25234,45.27049],[-71.25167,45.27021],[-71.25142,45.26982],[-71.25029,45.26959],[-71.25011,45.26915],[-71.24976,45.26901],[-71.24983,45.26866],[-71.24947,45.26802],[-71.24874,45.26785],[-71.24739,45.26863],[-71.24689,45.26849],[-71.24559,45.26878]]]},"properties":{"id":"p-005-001~G4","property_id":"p-005-001","label":"Block G4","score":75,"status":"verified"}},{"type":"Feature","id":8,"geometry":{"type":"Polygon","coordinates":[[[-71.09865,45.23639],[-71.12409,45.24141],[-71.12235,45.25944],[-71.12108,45.26042],[-71.09163,45.25485],[-71.09865,45.23639]]]},"properties":{"id":"p-005-001~M4","property_id":"p-005-001","label":"Block M4","score":56,"status":"verified"}},{"type":"Feature","id":9,"geometry":{"type":"Polygon","coordinates":[[[-71.09865,45.23639],[-71.09163,45.25485],[-71.07746,45.25217],[-71.07718,45.25001],[-71.07627,45.23412],[-71.08172,45.23479],[-71.0855,45.24161],[-71.09558,45.23579],[-71.09865,45.23639]]]},"properties":{"id":"p-005-001~N4","property_id":"p-005-001","label":"Block N4","score":58,"status":"verified"}},{"type":"Feature","id":10,"geometry":{"type":"Polygon","coordinates":[[[-71.35168,45.2691],[-71.35084,45.2695],[-71.35024,45.2695],[-71.34864,45.27076],[-71.34763,45.27195],[-71.34682,45.27198],[-71.3458,45.27144],[-71.34434,45.27121],[-71.34237,45.27121],[-71.34037,45.27204],[-71.33849,45.27249],[-71.33643,45.27271],[-71.33503,45.27349],[-71.33301,45.2758],[-71.33302,45.27691],[-71.33268,45.27732],[-71.33243,45.27817],[-71.33155,45.27893],[-71.33166,45.2795],[-71.33074,45.28023],[-71.329,45.28052],[-71.32851,45.28077],[-71.32656,45.28122],[-71.32465,45.28128],[-71.32084,45.28189],[-71.32015,45.28236],[-71.32786,45.26188],[-71.35265,45.26652],[-71.35168,45.2691]]]},"properties":{"id":"p-005-001~D5","property_id":"p-005-001","label":"Block D5","score":58,"status":"verified"}},{"type":"Feature","id":11,"geometry":{"type":"Polygon","coordinates":[[[-71.32786,45.26188],[-71.32128,45.27937],[-71.29648,45.27472],[-71.30308,45.25724],[-71.32786,45.26188]]]},"properties":{"id":"p-005-001~E5","property_id":"p-005-001","label":"Block E5","score":60,"status":"verified"}},{"type":"Feature","id":12,"geometry":{"type":"Polygon","coordinates":[[[-71.27574,45.25934],[-71.27759,45.25957],[-71.28006,45.2605],[-71.28039,45.26076],[-71.28154,45.26125],[-71.28225,45.26129],[-71.27759,45.25446],[-71.27829,45.25259],[-71.30308,45.25724],[-71.29648,45.27472],[-71.2717,45.27007],[-71.27574,45.25934]]]},"properties":{"id":"p-005-001~F5","property_id":"p-005-001","label":"Block F5","score":46,"status":"verified"}},{"type":"Feature","id":13,"geometry":{"type":"MultiPolygon","coordinates":[[[[-71.24897,45.26577],[-71.24953,45.26471],[-71.25034,45.26389],[-71.25087,45.26262],[-71.25107,45.26242],[-71.25206,45.26204],[-71.25209,45.2617],[-71.25248,45.26105],[-71.25612,45.25963],[-71.25716,45.25973],[-71.25774,45.25965],[-71.25797,45.25918],[-71.25818,45.25905],[-71.25873,45.25901],[-71.25957,45.25847],[-71.26096,45.25811],[-71.26243,45.25811],[-71.26421,45.25748],[-71.26621,45.2574],[-71.26722,45.25777],[-71.26813,45.25786],[-71.26929,45.25827],[-71.26974,45.25831],[-71.27074,45.25812],[-71.27192,45.2584],[-71.2721,45.25849],[-71.2723,45.25903],[-71.27303,45.25949],[-71.27438,45.25923],[-71.27574,45.25934],[-71.2717,45.27007],[-71.24897,45.26577]]],[[[-71.27602,45.25216],[-71.27829,45.25259],[-71.27759,45.25446],[-71.27602,45.25216]]]]},"properties":{"id":"p-005-001~G5","property_id":"p-005-001","label":"Block G5","score":59,"status":"verified"}},{"type":"Feature","id":14,"geometry":{"type":"Polygon","coordinates":[[[-71.36144,45.24945],[-71.35925,45.25052],[-71.35877,45.25092],[-71.35654,45.2539],[-71.35636,45.25468],[-71.35698,45.25531],[-71.35661,45.2566],[-71.3587,45.25946],[-71.35933,45.26211],[-71.3602,45.26313],[-71.3618,45.26448],[-71.36318,45.26672],[-71.36301,45.26734],[-71.36236,45.26769],[-71.36083,45.26885],[-71.3606,45.26982],[-71.36027,45.27026],[-71.35952,45.27004],[-71.35844,45.26942],[-71.35572,45.26857],[-71.35339,45.26857],[-71.35265,45.26867],[-71.35168,45.2691],[-71.35265,45.26652],[-71.32786,45.26188],[-71.33444,45.2444],[-71.36144,45.24945]]]},"properties":{"id":"p-005-001~D6","property_id":"p-005-001","label":"Block D6","score":54,"status":"verified"}},{"type":"Feature","id":15,"geometry":{"type":"Polygon","coordinates":[[[-71.33444,45.2444],[-71.32786,45.26188],[-71.30308,45.25724],[-71.30966,45.23976],[-71.33444,45.2444]]]},"properties":{"id":"p-005-001~E6","property_id":"p-005-001","label":"Block E6","score":54,"status":"verified"}},{"type":"Feature","id":16,"geometry":{"type":"Polygon","coordinates":[[[-71.30966,45.23976],[-71.30308,45.25724],[-71.27829,45.25259],[-71.28489,45.23511],[-71.30966,45.23976]]]},"properties":{"id":"p-005-001~F6","property_id":"p-005-001","label":"Block F6","score":57,"status":"verified"}},{"type":"Feature","id":17,"geometry":{"type":"Polygon","coordinates":[[[-71.2665,45.2382],[-71.25896,45.23352],[-71.26011,45.23045],[-71.28489,45.23511],[-71.27829,45.25259],[-71.27602,45.25216],[-71.2665,45.2382]]]},"properties":{"id":"p-005-001~G6","property_id":"p-005-001","label":"Block G6","score":59,"status":"verified"}},{"type":"Feature","id":18,"geometry":{"type":"MultiPolygon","coordinates":[[[[-71.39048,45.2364],[-71.39024,45.23616],[-71.39021,45.23612],[-71.39058,45.23619],[-71.39048,45.2364]]],[[[-71.38298,45.23477],[-71.3825,45.23532],[-71.3819,45.23686],[-71.38035,45.23864],[-71.37967,45.24069],[-71.37901,45.2414],[-71.37887,45.2428],[-71.37833,45.24346],[-71.37742,45.24377],[-71.37588,45.24511],[-71.3735,45.24539],[-71.37204,45.24621],[-71.36803,45.24633],[-71.36756,45.24665],[-71.36694,45.24735],[-71.36576,45.24736],[-71.36279,45.24826],[-71.36202,45.24917],[-71.36144,45.24945],[-71.35923,45.24904],[-71.3658,45.23156],[-71.38298,45.23477]]]]},"properties":{"id":"p-005-001~C7","property_id":"p-005-001","label":"Block C7","score":59,"status":"verified"}},{"type":"Feature","id":19,"geometry":{"type":"Polygon","coordinates":[[[-71.3658,45.23156],[-71.35923,45.24904],[-71.33444,45.2444],[-71.34102,45.22692],[-71.3658,45.23156]]]},"properties":{"id":"p-005-001~D7","property_id":"p-005-001","label":"Block D7","score":51,"status":"verified"}},{"type":"Feature","id":20,"geometry":{"type":"Polygon","coordinates":[[[-71.34102,45.22692],[-71.33444,45.2444],[-71.30966,45.23976],[-71.31625,45.22227],[-71.34102,45.22692]]]},"properties":{"id":"p-005-001~E7","property_id":"p-005-001","label":"Block E7","score":53,"status":"verified"}},{"type":"Feature","id":21,"geometry":{"type":"Polygon","coordinates":[[[-71.31625,45.22227],[-71.30966,45.23976],[-71.28489,45.23511],[-71.29148,45.21763],[-71.31625,45.22227]]]},"properties":{"id":"p-005-001~F7","property_id":"p-005-001","label":"Block F7","score":51,"status":"verified"}},{"type":"Feature","id":22,"geometry":{"type":"Polygon","coordinates":[[[-71.29148,45.21763],[-71.28489,45.23511],[-71.26011,45.23045],[-71.26671,45.21298],[-71.29148,45.21763]]]},"properties":{"id":"p-005-001~G7","property_id":"p-005-001","label":"Block G7","score":69,"status":"verified"}},{"type":"Feature","id":23,"geometry":{"type":"Polygon","coordinates":[[[-71.24789,45.21971],[-71.23853,45.21737],[-71.24195,45.20832],[-71.26671,45.21298],[-71.25896,45.23352],[-71.24843,45.22698],[-71.24789,45.21971]]]},"properties":{"id":"p-005-001~H7","property_id":"p-005-001","label":"Block H7","score":64,"status":"verified"}},{"type":"Feature","id":24,"geometry":{"type":"Polygon","coordinates":[[[-71.23395,45.21622],[-71.22968,45.21765],[-71.21116,45.2196],[-71.21719,45.20366],[-71.24195,45.20832],[-71.23853,45.21737],[-71.23395,45.21622]]]},"properties":{"id":"p-005-001~I7","property_id":"p-005-001","label":"Block I7","score":50,"status":"verified"}},{"type":"Feature","id":25,"geometry":{"type":"Polygon","coordinates":[[[-71.20266,45.20856],[-71.1992,45.20399],[-71.20117,45.20325],[-71.20058,45.20257],[-71.20018,45.20045],[-71.21719,45.20366],[-71.21116,45.2196],[-71.20301,45.22046],[-71.20266,45.20856]]]},"properties":{"id":"p-005-001~J7","property_id":"p-005-001","label":"Block J7","score":48,"status":"verified"}},{"type":"Feature","id":26,"geometry":{"type":"Polygon","coordinates":[[[-71.1011,45.18875],[-71.07444,45.20365],[-71.07196,45.17621],[-71.09763,45.18108],[-71.1011,45.18875]]]},"properties":{"id":"p-005-001~O7","property_id":"p-005-001","label":"Block O7","score":52,"status":"verified"}},{"type":"Feature","id":27,"geometry":{"type":"Polygon","coordinates":[[[-71.42163,45.22412],[-71.42341,45.22496],[-71.42379,45.22481],[-71.42451,45.22499],[-71.42542,45.22496],[-71.4259,45.22521],[-71.42654,45.22535],[-71.42646,45.22631],[-71.42982,45.22827],[-71.43066,45.22822],[-71.43096,45.22844],[-71.43119,45.22839],[-71.43163,45.22858],[-71.4316,45.22891],[-71.43186,45.22924],[-71.43263,45.22957],[-71.4331,45.23024],[-71.43358,45.23023],[-71.43481,45.23109],[-71.43534,45.23178],[-71.43565,45.2318],[-71.43582,45.23143],[-71.43664,45.23186],[-71.4367,45.23207],[-71.43742,45.23217],[-71.43789,45.23256],[-71.43835,45.23264],[-71.43837,45.233],[-71.43923,45.23372],[-71.43966,45.23452],[-71.44006,45.23468],[-71.44055,45.2351],[-71.44161,45.23522],[-71.44207,45.23507],[-71.4427,45.23508],[-71.44355,45.23491],[-71.44381,45.2352],[-71.44325,45.23598],[-71.44317,45.23622],[-71.44338,45.23674],[-71.44285,45.23825],[-71.44177,45.23864],[-71.44039,45.23858],[-71.43968,45.23907],[-71.43728,45.23877],[-71.43531,45.23811],[-71.43424,45.23841],[-71.43229,45.23693],[-71.43135,45.2364],[-71.43029,45.23623],[-71.42964,45.23592],[-71.42965,45.23508],[-71.42909,45.23393],[-71.42792,45.23387],[-71.42747,45.2342],[-71.42675,45.23411],[-71.42634,45.23362],[-71.42542,45.23328],[-71.42393,45.23363],[-71.42173,45.23279],[-71.42106,45.2322],[-71.41996,45.23276],[-71.4192,45.23402],[-71.41751,45.2351],[-71.42163,45.22412]]]},"properties":{"id":"p-005-001~A8","property_id":"p-005-001","label":"Block A8","score":52,"status":"verified"}},{"type":"Feature","id":28,"geometry":{"type":"Polygon","coordinates":[[[-71.4003,45.21029],[-71.40096,45.211],[-71.40156,45.2115],[-71.40155,45.21195],[-71.40189,45.21229],[-71.40197,45.2126],[-71.40192,45.21314],[-71.40174,45.21337],[-71.40211,45.21358],[-71.40202,45.21383],[-71.40217,45.21422],[-71.40261,45.21445],[-71.40312,45.2153],[-71.40478,45.21567],[-71.4051,45.21608],[-71.40556,45.21625],[-71.40589,45.21614],[-71.40676,45.21634],[-71.40763,45.21697],[-71.40826,45.21701],[-71.40942,45.21684],[-71.41026,45.21708],[-71.41046,45.21733],[-71.41129,45.21763],[-71.41195,45.21735],[-71.4129,45.21759],[-71.41322,45.21748],[-71.41377,45.21752],[-71.41546,45.2182],[-71.41602,45.21865],[-71.41577,45.21897],[-71.41603,45.21963],[-71.41685,45.22031],[-71.41696,45.22109],[-71.41741,45.22175],[-71.41846,45.22192],[-71.41903,45.2222],[-71.41923,45.22245],[-71.42005,45.22286],[-71.41995,45.22305],[-71.42042,45.22336],[-71.42077,45.22388],[-71.42163,45.22412],[-71.41751,45.2351],[-71.41677,45.23576],[-71.41398,45.23609],[-71.41293,45.23584],[-71.41229,45.23687],[-71.41244,45.23783],[-71.41194,45.23867],[-71.41093,45.23908],[-71.40987,45.23894],[-71.40852,45.23926],[-71.40774,45.23998],[-71.40741,45.24123],[-71.40579,45.24183],[-71.40392,45.24204],[-71.40215,45.24257],[-71.39964,45.24206],[-71.39779,45.24208],[-71.39636,45.24185],[-71.39443,45.24086],[-71.39253,45.23943],[-71.39262,45.23855],[-71.3919,45.23755],[-71.3905,45.23641],[-71.4003,45.21029]]]},"properties":{"id":"p-005-001~B8","property_id":"p-005-001","label":"Block B8","score":63,"status":"verified"}},{"type":"Feature","id":29,"geometry":{"type":"Polygon","coordinates":[[[-71.39021,45.23612],[-71.38926,45.23495],[-71.38692,45.23389],[-71.3859,45.23305],[-71.38522,45.23304],[-71.38407,45.23352],[-71.38298,45.23477],[-71.3658,45.23156],[-71.37237,45.21407],[-71.39714,45.21871],[-71.39058,45.23619],[-71.39021,45.23612]]]},"properties":{"id":"p-005-001~C8","property_id":"p-005-001","label":"Block C8","score":59,"status":"verified"}},{"type":"Feature","id":30,"geometry":{"type":"Polygon","coordinates":[[[-71.37237,45.21407],[-71.3658,45.23156],[-71.34102,45.22692],[-71.3476,45.20944],[-71.37237,45.21407]]]},"properties":{"id":"p-005-001~D8","property_id":"p-005-001","label":"Block D8","score":54,"status":"verified"}},{"type":"Feature","id":31,"geometry":{"type":"Polygon","coordinates":[[[-71.3476,45.20944],[-71.34102,45.22692],[-71.31625,45.22227],[-71.32283,45.20479],[-71.3476,45.20944]]]},"properties":{"id":"p-005-001~E8","property_id":"p-005-001","label":"Block E8","score":51,"status":"verified"}},{"type":"Feature","id":32,"geometry":{"type":"Polygon","coordinates":[[[-71.32283,45.20479],[-71.31625,45.22227],[-71.29148,45.21763],[-71.29807,45.20015],[-71.32283,45.20479]]]},"properties":{"id":"p-005-001~F8","property_id":"p-005-001","label":"Block F8","score":46,"status":"verified"}},{"type":"Feature","id":33,"geometry":{"type":"Polygon","coordinates":[[[-71.29807,45.20015],[-71.29148,45.21763],[-71.26671,45.21298],[-71.2733,45.1955],[-71.29807,45.20015]]]},"properties":{"id":"p-005-001~G8","property_id":"p-005-001","label":"Block G8","score":59,"status":"verified"}},{"type":"Feature","id":34,"geometry":{"type":"Polygon","coordinates":[[[-71.2733,45.1955],[-71.26671,45.21298],[-71.24195,45.20832],[-71.24855,45.19084],[-71.2733,45.1955]]]},"properties":{"id":"p-005-001~H8","property_id":"p-005-001","label":"Block H8","score":45,"status":"verified"}},{"type":"Feature","id":35,"geometry":{"type":"Polygon","coordinates":[[[-71.24855,45.19084],[-71.24195,45.20832],[-71.21719,45.20366],[-71.22379,45.18618],[-71.24855,45.19084]]]},"properties":{"id":"p-005-001~I8","property_id":"p-005-001","label":"Block I8","score":57,"status":"verified"}},{"type":"Feature","id":36,"geometry":{"type":"Polygon","coordinates":[[[-71.19317,45.18873],[-71.19134,45.18887],[-71.19045,45.18563],[-71.18594,45.18334],[-71.18506,45.18205],[-71.1858,45.17902],[-71.22379,45.18618],[-71.21719,45.20366],[-71.20018,45.20045],[-71.19882,45.1997],[-71.19859,45.19904],[-71.19994,45.19681],[-71.19977,45.19571],[-71.19835,45.19484],[-71.1982,45.19386],[-71.1973,45.19287],[-71.19414,45.19088],[-71.19317,45.18873]]]},"properties":{"id":"p-005-001~J8","property_id":"p-005-001","label":"Block J8","score":63,"status":"verified"}},{"type":"Feature","id":37,"geometry":{"type":"MultiPolygon","coordinates":[[[[-71.11781,45.16667],[-71.09576,45.17416],[-71.10007,45.16282],[-71.12481,45.1675],[-71.12446,45.16842],[-71.11781,45.16667]]],[[[-71.09763,45.18108],[-71.09344,45.18028],[-71.09518,45.17569],[-71.09763,45.18108]]]]},"properties":{"id":"p-005-001~N8","property_id":"p-005-001","label":"Block N8","score":49,"status":"verified"}},{"type":"Feature","id":38,"geometry":{"type":"Polygon","coordinates":[[[-71.07202,45.17516],[-71.07054,45.15722],[-71.10007,45.16282],[-71.09576,45.17416],[-71.09466,45.17454],[-71.09518,45.17569],[-71.09344,45.18028],[-71.07196,45.17621],[-71.07202,45.17516]]]},"properties":{"id":"p-005-001~O8","property_id":"p-005-001","label":"Block O8","score":51,"status":"verified"}},{"type":"Feature","id":39,"geometry":{"type":"Polygon","coordinates":[[[-71.39994,45.20052],[-71.40015,45.20154],[-71.39952,45.20184],[-71.39878,45.202],[-71.39829,45.20229],[-71.39746,45.20314],[-71.39734,45.20352],[-71.39778,45.20449],[-71.39765,45.20532],[-71.39789,45.20563],[-71.39788,45.2061],[-71.39815,45.20622],[-71.39834,45.20703],[-71.39872,45.20709],[-71.3989,45.20758],[-71.39868,45.20773],[-71.39914,45.20795],[-71.39923,45.20825],[-71.39892,45.2085],[-71.39895,45.20875],[-71.39942,45.2089],[-71.39953,45.20912],[-71.39983,45.20923],[-71.3998,45.20934],[-71.4001,45.20952],[-71.39976,45.2097],[-71.39979,45.20983],[-71.40013,45.20987],[-71.40018,45.21026],[-71.4003,45.21029],[-71.39714,45.21871],[-71.37237,45.21407],[-71.37894,45.19659],[-71.39994,45.20052]]]},"properties":{"id":"p-005-001~C9","property_id":"p-005-001","label":"Block C9","score":48,"status":"verified"}},{"type":"Feature","id":40,"geometry":{"type":"Polygon","coordinates":[[[-71.37894,45.19659],[-71.37237,45.21407],[-71.3476,45.20944],[-71.35417,45.19195],[-71.37894,45.19659]]]},"properties":{"id":"p-005-001~D9","property_id":"p-005-001","label":"Block D9","score":65,"status":"verified"}},{"type":"Feature","id":41,"geometry":{"type":"Polygon","coordinates":[[[-71.35417,45.19195],[-71.3476,45.20944],[-71.32283,45.20479],[-71.32941,45.18731],[-71.35417,45.19195]]]},"properties":{"id":"p-005-001~E9","property_id":"p-005-001","label":"Block E9","score":55,"status":"verified"}},{"type":"Feature","id":42,"geometry":{"type":"Polygon","coordinates":[[[-71.32941,45.18731],[-71.32283,45.20479],[-71.29807,45.20015],[-71.30465,45.18267],[-71.32941,45.18731]]]},"properties":{"id":"p-005-001~F9","property_id":"p-005-001","label":"Block F9","score":62,"status":"verified"}},{"type":"Feature","id":43,"geometry":{"type":"Polygon","coordinates":[[[-71.30465,45.18267],[-71.29807,45.20015],[-71.2733,45.1955],[-71.27989,45.17802],[-71.30465,45.18267]]]},"properties":{"id":"p-005-001~G9","property_id":"p-005-001","label":"Block G9","score":57,"status":"verified"}},{"type":"Feature","id":44,"geometry":{"type":"Polygon","coordinates":[[[-71.27989,45.17802],[-71.2733,45.1955],[-71.24855,45.19084],[-71.25514,45.17337],[-71.27989,45.17802]]]},"properties":{"id":"p-005-001~H9","property_id":"p-005-001","label":"Block H9","score":48,"status":"verified"}},{"type":"Feature","id":45,"geometry":{"type":"Polygon","coordinates":[[[-71.25514,45.17337],[-71.24855,45.19084],[-71.22379,45.18618],[-71.23039,45.16871],[-71.25514,45.17337]]]},"properties":{"id":"p-005-001~I9","property_id":"p-005-001","label":"Block I9","score":58,"status":"verified"}},{"type":"Feature","id":46,"geometry":{"type":"Polygon","coordinates":[[[-71.23039,45.16871],[-71.22379,45.18618],[-71.19904,45.18152],[-71.20565,45.16404],[-71.23039,45.16871]]]},"properties":{"id":"p-005-001~J9","property_id":"p-005-001","label":"Block J9","score":53,"status":"verified"}},{"type":"Feature","id":47,"geometry":{"type":"Polygon","coordinates":[[[-71.1858,45.17902],[-71.18704,45.17769],[-71.19273,45.17433],[-71.19141,45.17128],[-71.1935,45.16888],[-71.19198,45.1637],[-71.18873,45.16169],[-71.18857,45.16082],[-71.20565,45.16404],[-71.19904,45.18152],[-71.1858,45.17902]]]},"properties":{"id":"p-005-001~K9","property_id":"p-005-001","label":"Block K9","score":62,"status":"verified"}},{"type":"Feature","id":48,"geometry":{"type":"Polygon","coordinates":[[[-71.15639,45.15499],[-71.15596,45.15553],[-71.15559,45.15689],[-71.15524,45.1574],[-71.15412,45.15829],[-71.15374,45.15883],[-71.15314,45.15914],[-71.15299,45.15953],[-71.15264,45.15967],[-71.15205,45.15955],[-71.15189,45.15967],[-71.15226,45.15974],[-71.15251,45.16],[-71.15311,45.1602],[-71.15337,45.16012],[-71.15386,45.16053],[-71.15403,45.161],[-71.15395,45.16127],[-71.15458,45.16264],[-71.15568,45.16439],[-71.158,45.16542],[-71.15862,45.16636],[-71.15886,45.16646],[-71.15966,45.16642],[-71.16067,45.16661],[-71.1617,45.16704],[-71.16264,45.1686],[-71.16251,45.16872],[-71.16268,45.16889],[-71.16259,45.16909],[-71.16329,45.17014],[-71.16291,45.17088],[-71.16307,45.17114],[-71.16295,45.17145],[-71.16303,45.17188],[-71.16385,45.17231],[-71.16456,45.17337],[-71.14713,45.17437],[-71.12446,45.16842],[-71.13144,45.15003],[-71.15642,45.15475],[-71.15639,45.15499]]]},"properties":{"id":"p-005-001~M9","property_id":"p-005-001","label":"Block M9","score":61,"status":"verified"}},{"type":"Feature","id":49,"geometry":{"type":"Polygon","coordinates":[[[-71.13144,45.15003],[-71.12481,45.1675],[-71.10007,45.16282],[-71.1067,45.14535],[-71.13144,45.15003]]]},"properties":{"id":"p-005-001~N9","property_id":"p-005-001","label":"Block N9","score":73,"status":"verified"}},{"type":"Feature","id":50,"geometry":{"type":"Polygon","coordinates":[[[-71.1067,45.14535],[-71.10007,45.16282],[-71.07534,45.15813],[-71.08198,45.14066],[-71.1067,45.14535]]]},"properties":{"id":"p-005-001~O9","property_id":"p-005-001","label":"Block O9","score":61,"status":"verified"}},{"type":"Feature","id":51,"geometry":{"type":"Polygon","coordinates":[[[-71.07054,45.15722],[-71.06946,45.14441],[-71.06897,45.1382],[-71.08198,45.14066],[-71.07534,45.15813],[-71.07054,45.15722]]]},"properties":{"id":"p-005-001~P9","property_id":"p-005-001","label":"Block P9","score":52,"status":"verified"}},{"type":"Feature","id":52,"geometry":{"type":"Polygon","coordinates":[[[-71.41446,45.18452],[-71.41341,45.18534],[-71.41177,45.18599],[-71.4107,45.1862],[-71.41019,45.18653],[-71.40903,45.18747],[-71.4086,45.18839],[-71.40779,45.18932],[-71.40727,45.18951],[-71.40684,45.19028],[-71.40736,45.1908],[-71.4074,45.19111],[-71.4072,45.19149],[-71.40648,45.19196],[-71.40636,45.19221],[-71.4066,45.19289],[-71.40628,45.19302],[-71.40581,45.19286],[-71.40535,45.19305],[-71.40494,45.19354],[-71.4047,45.19444],[-71.4042,45.19497],[-71.40503,45.19608],[-71.40504,45.19634],[-71.40477,45.19669],[-71.40545,45.19714],[-71.40566,45.19747],[-71.40527,45.19771],[-71.40496,45.19767],[-71.40435,45.19826],[-71.40316,45.1988],[-71.40277,45.19913],[-71.403,45.19919],[-71.40287,45.19926],[-71.403,45.1993],[-71.40295,45.19973],[-71.40258,45.19977],[-71.40203,45.20008],[-71.40158,45.20006],[-71.40109,45.19987],[-71.40074,45.1999],[-71.39997,45.20032],[-71.39994,45.20052],[-71.37894,45.19659],[-71.3855,45.17911],[-71.41446,45.18452]]]},"properties":{"id":"p-005-001~C10","property_id":"p-005-001","label":"Block C10","score":49,"status":"verified"}},{"type":"Feature","id":53,"geometry":{"type":"Polygon","coordinates":[[[-71.3855,45.17911],[-71.37894,45.19659],[-71.35417,45.19195],[-71.36074,45.17447],[-71.3855,45.17911]]]},"properties":{"id":"p-005-001~D10","property_id":"p-005-001","label":"Block D10","score":51,"status":"verified"}},{"type":"Feature","id":54,"geometry":{"type":"Polygon","coordinates":[[[-71.36074,45.17447],[-71.35417,45.19195],[-71.32941,45.18731],[-71.33598,45.16983],[-71.36074,45.17447]]]},"properties":{"id":"p-005-001~E10","property_id":"p-005-001","label":"Block E10","score":53,"status":"verified"}},{"type":"Feature","id":55,"geometry":{"type":"Polygon","coordinates":[[[-71.33598,45.16983],[-71.32941,45.18731],[-71.30465,45.18267],[-71.31123,45.16519],[-71.33598,45.16983]]]},"properties":{"id":"p-005-001~F10","property_id":"p-005-001","label":"Block F10","score":59,"status":"verified"}},{"type":"Feature","id":56,"geometry":{"type":"Polygon","coordinates":[[[-71.31123,45.16519],[-71.30465,45.18267],[-71.27989,45.17802],[-71.28648,45.16054],[-71.31123,45.16519]]]},"properties":{"id":"p-005-001~G10","property_id":"p-005-001","label":"Block G10","score":48,"status":"verified"}},{"type":"Feature","id":57,"geometry":{"type":"Polygon","coordinates":[[[-71.28648,45.16054],[-71.27989,45.17802],[-71.25514,45.17337],[-71.26173,45.15589],[-71.28648,45.16054]]]},"properties":{"id":"p-005-001~H10","property_id":"p-005-001","label":"Block H10","score":54,"status":"verified"}},{"type":"Feature","id":58,"geometry":{"type":"Polygon","coordinates":[[[-71.26173,45.15589],[-71.25514,45.17337],[-71.23039,45.16871],[-71.23699,45.15123],[-71.26173,45.15589]]]},"properties":{"id":"p-005-001~I10","property_id":"p-005-001","label":"Block I10","score":61,"status":"verified"}},{"type":"Feature","id":59,"geometry":{"type":"Polygon","coordinates":[[[-71.23699,45.15123],[-71.23039,45.16871],[-71.20565,45.16404],[-71.21225,45.14657],[-71.23699,45.15123]]]},"properties":{"id":"p-005-001~J10","property_id":"p-005-001","label":"Block J10","score":46,"status":"verified"}},{"type":"Feature","id":60,"geometry":{"type":"Polygon","coordinates":[[[-71.18817,45.15876],[-71.19024,45.15076],[-71.18763,45.14821],[-71.18715,45.14289],[-71.18977,45.14233],[-71.21225,45.14657],[-71.20565,45.16404],[-71.18857,45.16082],[-71.18817,45.15876]]]},"properties":{"id":"p-005-001~K10","property_id":"p-005-001","label":"Block K10","score":48,"status":"verified"}},{"type":"Feature","id":61,"geometry":{"type":"MultiPolygon","coordinates":[[[[-71.18707,45.14309],[-71.18705,45.14291],[-71.18715,45.14289],[-71.18707,45.14309]]],[[[-71.1672,45.13807],[-71.16625,45.14009],[-71.16501,45.14212],[-71.1652,45.14373],[-71.16496,45.14472],[-71.16512,45.14533],[-71.16501,45.14748],[-71.1647,45.14781],[-71.16456,45.1486],[-71.16357,45.14978],[-71.16239,45.15039],[-71.16184,45.15059],[-71.15981,45.15083],[-71.15949,45.15098],[-71.15871,45.15097],[-71.15766,45.15118],[-71.15766,45.15146],[-71.1574,45.15166],[-71.1573,45.15136],[-71.15707,45.15134],[-71.15683,45.15205],[-71.15612,45.15294],[-71.15618,45.15395],[-71.15642,45.15475],[-71.13144,45.15003],[-71.13806,45.13256],[-71.1672,45.13807]]]]},"properties":{"id":"p-005-001~M10","property_id":"p-005-001","label":"Block M10","score":57,"status":"verified"}},{"type":"Feature","id":62,"geometry":{"type":"Polygon","coordinates":[[[-71.13806,45.13256],[-71.13144,45.15003],[-71.1067,45.14535],[-71.11333,45.12788],[-71.13806,45.13256]]]},"properties":{"id":"p-005-001~N10","property_id":"p-005-001","label":"Block N10","score":58,"status":"verified"}},{"type":"Feature","id":63,"geometry":{"type":"Polygon","coordinates":[[[-71.11333,45.12788],[-71.1067,45.14535],[-71.08198,45.14066],[-71.08861,45.1232],[-71.11333,45.12788]]]},"properties":{"id":"p-005-001~O10","property_id":"p-005-001","label":"Block O10","score":55,"status":"verified"}},{"type":"Feature","id":64,"geometry":{"type":"Polygon","coordinates":[[[-71.06897,45.1382],[-71.06739,45.11917],[-71.08861,45.1232],[-71.08198,45.14066],[-71.06897,45.1382]]]},"properties":{"id":"p-005-001~P10","property_id":"p-005-001","label":"Block P10","score":43,"status":"verified"}},{"type":"Feature","id":65,"geometry":{"type":"Polygon","coordinates":[[[-71.42219,45.16726],[-71.42144,45.1682],[-71.42142,45.16849],[-71.42032,45.16908],[-71.41962,45.16989],[-71.41867,45.17029],[-71.41845,45.17053],[-71.41882,45.17123],[-71.41865,45.17156],[-71.41788,45.17211],[-71.41809,45.17299],[-71.41769,45.17319],[-71.41774,45.17365],[-71.41738,45.17484],[-71.41634,45.17537],[-71.41599,45.17569],[-71.41556,45.17766],[-71.4141,45.17899],[-71.4145,45.17941],[-71.41436,45.18006],[-71.41456,45.18035],[-71.41468,45.18042],[-71.41535,45.18037],[-71.41573,45.18071],[-71.41524,45.18202],[-71.41539,45.18249],[-71.41484,45.18325],[-71.41446,45.18452],[-71.3855,45.17911],[-71.39206,45.16163],[-71.42219,45.16726]]]},"properties":{"id":"p-005-001~C11","property_id":"p-005-001","label":"Block C11","score":54,"status":"verified"}},{"type":"Feature","id":66,"geometry":{"type":"Polygon","coordinates":[[[-71.39206,45.16163],[-71.3855,45.17911],[-71.36074,45.17447],[-71.3673,45.15699],[-71.39206,45.16163]]]},"properties":{"id":"p-005-001~D11","property_id":"p-005-001","label":"Block D11","score":45,"status":"verified"}},{"type":"Feature","id":67,"geometry":{"type":"Polygon","coordinates":[[[-71.3673,45.15699],[-71.36074,45.17447],[-71.33598,45.16983],[-71.34255,45.15235],[-71.3673,45.15699]]]},"properties":{"id":"p-005-001~E11","property_id":"p-005-001","label":"Block E11","score":48,"status":"verified"}},{"type":"Feature","id":68,"geometry":{"type":"Polygon","coordinates":[[[-71.34407,45.14833],[-71.33598,45.16983],[-71.31123,45.16519],[-71.31599,45.15253],[-71.34407,45.14833]]]},"properties":{"id":"p-005-001~F11","property_id":"p-005-001","label":"Block F11","score":52,"status":"verified"}},{"type":"Feature","id":69,"geometry":{"type":"MultiPolygon","coordinates":[[[[-71.29528,45.14348],[-71.29427,45.14428],[-71.29367,45.14492],[-71.29204,45.14577],[-71.29306,45.14307],[-71.29528,45.14348]]],[[[-71.29126,45.14786],[-71.2916,45.1478],[-71.29167,45.14804],[-71.29148,45.1482],[-71.29159,45.14839],[-71.29144,45.14854],[-71.29099,45.14857],[-71.29126,45.14786]]],[[[-71.29089,45.14885],[-71.29111,45.1489],[-71.29116,45.14904],[-71.291,45.14919],[-71.29075,45.1492],[-71.29089,45.14885]]],[[[-71.28792,45.15673],[-71.31599,45.15253],[-71.31123,45.16519],[-71.28648,45.16054],[-71.28792,45.15673]]]]},"properties":{"id":"p-005-001~G11","property_id":"p-005-001","label":"Block G11","score":48,"status":"verified"}},{"type":"Feature","id":70,"geometry":{"type":"Polygon","coordinates":[[[-71.29204,45.14578],[-71.29118,45.1469],[-71.29132,45.14731],[-71.29082,45.14752],[-71.29094,45.14765],[-71.29077,45.14793],[-71.29097,45.14798],[-71.29126,45.14786],[-71.29099,45.14857],[-71.29071,45.14866],[-71.29069,45.14878],[-71.29088,45.14885],[-71.29075,45.1492],[-71.2903,45.14932],[-71.29013,45.14979],[-71.28969,45.14986],[-71.28974,45.15011],[-71.28899,45.15033],[-71.28854,45.1507],[-71.28799,45.15077],[-71.28786,45.15098],[-71.28738,45.15118],[-71.28735,45.15134],[-71.28782,45.15144],[-71.28782,45.15177],[-71.28742,45.15199],[-71.28698,45.1518],[-71.28664,45.15253],[-71.28622,45.1526],[-71.28558,45.15316],[-71.28521,45.15311],[-71.28482,45.15341],[-71.28417,45.15309],[-71.28354,45.15313],[-71.2826,45.15372],[-71.28239,45.15434],[-71.28243,45.15555],[-71.28214,45.15609],[-71.28157,45.1567],[-71.28147,45.15704],[-71.2813,45.15717],[-71.28098,45.15718],[-71.28087,45.15779],[-71.28792,45.15673],[-71.28648,45.16054],[-71.26173,45.15589],[-71.26832,45.13842],[-71.29306,45.14307],[-71.29204,45.14578]]]},"properties":{"id":"p-005-001~H11","property_id":"p-005-001","label":"Block H11","score":45,"status":"verified"}},{"type":"Feature","id":71,"geometry":{"type":"Polygon","coordinates":[[[-71.26832,45.13842],[-71.26173,45.15589],[-71.23699,45.15123],[-71.24359,45.13376],[-71.26832,45.13842]]]},"properties":{"id":"p-005-001~I11","property_id":"p-005-001","label":"Block I11","score":50,"status":"verified"}},{"type":"Feature","id":72,"geometry":{"type":"MultiPolygon","coordinates":[[[[-71.22035,45.12938],[-71.21838,45.13035],[-71.21885,45.1291],[-71.22035,45.12938]]],[[[-71.22514,45.13035],[-71.24359,45.13376],[-71.23699,45.15123],[-71.21225,45.14657],[-71.21683,45.13447],[-71.22514,45.13035]]]]},"properties":{"id":"p-005-001~J11","property_id":"p-005-001","label":"Block J11","score":49,"status":"verified"}},{"type":"Feature","id":73,"geometry":{"type":"MultiPolygon","coordinates":[[[[-71.21838,45.13035],[-71.21449,45.13228],[-71.21126,45.13311],[-71.20934,45.13312],[-71.2076,45.13327],[-71.20793,45.1328],[-71.20768,45.13272],[-71.20774,45.13254],[-71.20821,45.13243],[-71.20941,45.13076],[-71.20866,45.12893],[-71.20847,45.12791],[-71.20811,45.12753],[-71.20807,45.12707],[-71.21885,45.1291],[-71.21838,45.13035]]],[[[-71.20435,45.12814],[-71.20498,45.12867],[-71.20487,45.12959],[-71.20544,45.12967],[-71.20645,45.12948],[-71.20638,45.13119],[-71.20215,45.1316],[-71.1944,45.13375],[-71.19201,45.13352],[-71.19139,45.13574],[-71.18957,45.13648],[-71.19413,45.12444],[-71.20429,45.12635],[-71.20442,45.12721],[-71.20435,45.12814]]],[[[-71.1976,45.13683],[-71.19197,45.13901],[-71.18926,45.13959],[-71.18917,45.13818],[-71.19318,45.13794],[-71.1947,45.13516],[-71.20337,45.13341],[-71.20598,45.13459],[-71.20357,45.13423],[-71.1976,45.13683]]],[[[-71.19347,45.14154],[-71.20066,45.13875],[-71.20647,45.13615],[-71.20934,45.13586],[-71.21196,45.13585],[-71.21629,45.13474],[-71.21683,45.13447],[-71.21225,45.14657],[-71.18977,45.14233],[-71.19347,45.14154]]]]},"properties":{"id":"p-005-001~K11","property_id":"p-005-001","label":"Block K11","score":63,"status":"verified"}},{"type":"Feature","id":74,"geometry":{"type":"MultiPolygon","coordinates":[[[[-71.18633,45.12296],[-71.18655,45.12486],[-71.18461,45.12645],[-71.18171,45.12693],[-71.18162,45.12509],[-71.18039,45.12508],[-71.18,45.12489],[-71.17676,45.12466],[-71.17547,45.12417],[-71.17507,45.12421],[-71.17461,45.12465],[-71.17424,45.12531],[-71.1735,45.12541],[-71.17276,45.12523],[-71.17152,45.12536],[-71.17148,45.12548],[-71.17329,45.12721],[-71.17455,45.12755],[-71.17496,45.1278],[-71.1749,45.12822],[-71.17459,45.12855],[-71.17462,45.12905],[-71.17537,45.12972],[-71.17525,45.13015],[-71.17467,45.12999],[-71.17428,45.13021],[-71.17436,45.13044],[-71.17476,45.1304],[-71.17494,45.13051],[-71.17472,45.13088],[-71.17402,45.13131],[-71.17384,45.13196],[-71.17301,45.13241],[-71.17277,45.13297],[-71.17321,45.134],[-71.17315,45.13433],[-71.17258,45.13368],[-71.17216,45.13264],[-71.17174,45.13251],[-71.17116,45.13261],[-71.17035,45.13257],[-71.17047,45.13284],[-71.17013,45.13302],[-71.1701,45.1333],[-71.16922,45.13371],[-71.16915,45.13435],[-71.16894,45.13452],[-71.16881,45.13516],[-71.16908,45.13587],[-71.16901,45.13685],[-71.16821,45.13759],[-71.1672,45.13807],[-71.16279,45.13724],[-71.1694,45.11977],[-71.18633,45.12296]]],[[[-71.18755,45.13731],[-71.18699,45.14006],[-71.18269,45.14044],[-71.18185,45.12872],[-71.18449,45.1286],[-71.18646,45.12784],[-71.18956,45.12451],[-71.189,45.12347],[-71.19413,45.12444],[-71.18957,45.13648],[-71.18755,45.13731]]]]},"properties":{"id":"p-005-001~L11","property_id":"p-005-001","label":"Block L11","score":64,"status":"verified"}},{"type":"Feature","id":75,"geometry":{"type":"Polygon","coordinates":[[[-71.1694,45.11977],[-71.16279,45.13724],[-71.13806,45.13256],[-71.14468,45.11509],[-71.1694,45.11977]]]},"properties":{"id":"p-005-001~M11","property_id":"p-005-001","label":"Block M11","score":63,"status":"verified"}},{"type":"Feature","id":76,"geometry":{"type":"Polygon","coordinates":[[[-71.14468,45.11509],[-71.13806,45.13256],[-71.11333,45.12788],[-71.11996,45.11041],[-71.14468,45.11509]]]},"properties":{"id":"p-005-001~N11","property_id":"p-005-001","label":"Block N11","score":49,"status":"verified"}},{"type":"Feature","id":77,"geometry":{"type":"Polygon","coordinates":[[[-71.11996,45.11041],[-71.11333,45.12788],[-71.08861,45.1232],[-71.09524,45.10573],[-71.11996,45.11041]]]},"properties":{"id":"p-005-001~O11","property_id":"p-005-001","label":"Block O11","score":53,"status":"verified"}},{"type":"Feature","id":78,"geometry":{"type":"Polygon","coordinates":[[[-71.06739,45.11917],[-71.06591,45.10017],[-71.09524,45.10573],[-71.08861,45.1232],[-71.06739,45.11917]]]},"properties":{"id":"p-005-001~P11","property_id":"p-005-001","label":"Block P11","score":58,"status":"verified"}},{"type":"Feature","id":79,"geometry":{"type":"Polygon","coordinates":[[[-71.43006,45.15061],[-71.4296,45.1508],[-71.42862,45.15089],[-71.42811,45.15106],[-71.42746,45.15147],[-71.4264,45.15267],[-71.42625,45.15447],[-71.42597,45.15494],[-71.42615,45.15534],[-71.42569,45.15603],[-71.4253,45.15609],[-71.42541,45.15653],[-71.42489,45.15658],[-71.42484,45.15673],[-71.42517,45.15683],[-71.42498,45.15726],[-71.42547,45.15751],[-71.42511,45.15802],[-71.42457,45.15832],[-71.42374,45.15941],[-71.42366,45.15968],[-71.42407,45.1599],[-71.42369,45.16017],[-71.42374,45.16029],[-71.42413,45.16037],[-71.42392,45.16055],[-71.42372,45.16046],[-71.42349,45.16067],[-71.42407,45.161],[-71.42412,45.16129],[-71.42396,45.16155],[-71.42366,45.16162],[-71.42343,45.16202],[-71.42389,45.16219],[-71.42372,45.16242],[-71.42408,45.16261],[-71.42437,45.16311],[-71.42378,45.16378],[-71.42346,45.16386],[-71.42369,45.16438],[-71.42344,45.16464],[-71.42378,45.16503],[-71.42402,45.16474],[-71.42479,45.16579],[-71.42467,45.16588],[-71.42413,45.16589],[-71.42391,45.16629],[-71.42362,45.16644],[-71.42275,45.16641],[-71.42246,45.16677],[-71.42247,45.1671],[-71.42219,45.16726],[-71.39206,45.16163],[-71.39861,45.14414],[-71.4303,45.15007],[-71.43006,45.15061]]]},"properties":{"id":"p-005-001~C12","property_id":"p-005-001","label":"Block C12","score":55,"status":"verified"}},{"type":"Feature","id":80,"geometry":{"type":"Polygon","coordinates":[[[-71.39861,45.14414],[-71.39206,45.16163],[-71.3673,45.15699],[-71.37386,45.13951],[-71.39861,45.14414]]]},"properties":{"id":"p-005-001~D12","property_id":"p-005-001","label":"Block D12","score":47,"status":"verified"}},{"type":"Feature","id":81,"geometry":{"type":"Polygon","coordinates":[[[-71.35539,45.14663],[-71.35739,45.14483],[-71.35848,45.14479],[-71.35891,45.14465],[-71.35886,45.14373],[-71.35908,45.14355],[-71.35952,45.14395],[-71.35988,45.14386],[-71.36048,45.14304],[-71.36021,45.14234],[-71.36028,45.14216],[-71.36117,45.1425],[-71.36145,45.14246],[-71.36133,45.14215],[-71.36043,45.1413],[-71.36028,45.14094],[-71.36119,45.13986],[-71.36101,45.13867],[-71.3613,45.13813],[-71.36169,45.13811],[-71.36317,45.1385],[-71.36379,45.13852],[-71.36407,45.13826],[-71.36344,45.13756],[-71.37386,45.13951],[-71.3673,45.15699],[-71.34255,45.15235],[-71.34407,45.14833],[-71.35539,45.14663]]]},"properties":{"id":"p-005-001~E12","property_id":"p-005-001","label":"Block E12","score":40,"status":"verified"}},{"type":"Feature","id":82,"geometry":{"type":"Polygon","coordinates":[[[-71.30618,45.12682],[-71.30557,45.12713],[-71.30519,45.12798],[-71.30466,45.12822],[-71.30442,45.12863],[-71.30424,45.12877],[-71.30356,45.12891],[-71.30362,45.12924],[-71.30349,45.12943],[-71.30248,45.12964],[-71.30223,45.13031],[-71.30192,45.1306],[-71.30149,45.1305],[-71.3013,45.13011],[-71.30085,45.13021],[-71.30142,45.13216],[-71.30112,45.13326],[-71.30047,45.13395],[-71.30015,45.13452],[-71.2993,45.13519],[-71.29928,45.13543],[-71.29983,45.13597],[-71.29992,45.13636],[-71.29932,45.13711],[-71.29904,45.1382],[-71.29872,45.13846],[-71.29792,45.13872],[-71.29775,45.13907],[-71.29776,45.14003],[-71.29739,45.14037],[-71.29685,45.14056],[-71.29659,45.14143],[-71.29547,45.14268],[-71.29528,45.14348],[-71.26832,45.13842],[-71.27419,45.12285],[-71.27962,45.12183],[-71.30618,45.12682]]]},"properties":{"id":"p-005-001~H12","property_id":"p-005-001","label":"Block H12","score":47,"status":"verified"}},{"type":"Feature","id":83,"geometry":{"type":"Polygon","coordinates":[[[-71.25362,45.12004],[-71.25285,45.11679],[-71.26799,45.11964],[-71.2676,45.12172],[-71.27329,45.12223],[-71.27319,45.12259],[-71.27393,45.12249],[-71.27383,45.12292],[-71.27419,45.12285],[-71.26832,45.13842],[-71.24359,45.13376],[-71.24854,45.12063],[-71.25362,45.12004]],[[-71.26901,45.13145],[-71.26986,45.13242],[-71.27056,45.13164],[-71.26954,45.13108],[-71.26901,45.13145]],[[-71.26467,45.12971],[-71.26482,45.12859],[-71.26405,45.12764],[-71.26398,45.12706],[-71.26313,45.12694],[-71.26377,45.12832],[-71.26381,45.12916],[-71.26421,45.12963],[-71.26411,45.13024],[-71.26459,45.13076],[-71.26636,45.13167],[-71.26664,45.13205],[-71.26701,45.13161],[-71.26522,45.13045],[-71.26467,45.12971]],[[-71.27024,45.12723],[-71.27133,45.12803],[-71.27182,45.12761],[-71.27059,45.12687],[-71.27024,45.12723]],[[-71.26889,45.12602],[-71.26688,45.12615],[-71.26632,45.12599],[-71.26623,45.12585],[-71.26591,45.12597],[-71.26615,45.12634],[-71.26647,45.12651],[-71.26965,45.12691],[-71.2698,45.1262],[-71.26889,45.12602]]]},"properties":{"id":"p-005-001~I12","property_id":"p-005-001","label":"Block I12","score":52,"status":"verified"}},{"type":"Feature","id":84,"geometry":{"type":"MultiPolygon","coordinates":[[[[-71.25175,45.11212],[-71.25151,45.11112],[-71.25228,45.11072],[-71.25175,45.11212]]],[[[-71.23157,45.10631],[-71.23195,45.10604],[-71.23198,45.10669],[-71.23257,45.10677],[-71.23289,45.10667],[-71.2334,45.10596],[-71.23367,45.10611],[-71.23371,45.10641],[-71.23351,45.10668],[-71.23299,45.10697],[-71.23248,45.10767],[-71.23212,45.10853],[-71.23231,45.10892],[-71.23279,45.10922],[-71.23267,45.1094],[-71.23287,45.10948],[-71.23305,45.1092],[-71.23357,45.10908],[-71.23407,45.10913],[-71.23433,45.1089],[-71.23426,45.10831],[-71.23493,45.10705],[-71.23481,45.10624],[-71.23498,45.10538],[-71.23526,45.10534],[-71.23535,45.10518],[-71.2353,45.10497],[-71.23496,45.10509],[-71.23472,45.10503],[-71.2343,45.1042],[-71.2345,45.10413],[-71.23486,45.10432],[-71.23505,45.10375],[-71.23542,45.10391],[-71.23605,45.10378],[-71.23661,45.10396],[-71.23693,45.10462],[-71.23695,45.10541],[-71.23671,45.10584],[-71.23769,45.10612],[-71.23853,45.1069],[-71.2385,45.1073],[-71.23901,45.10707],[-71.23937,45.10649],[-71.24102,45.11177],[-71.23054,45.11322],[-71.23192,45.11794],[-71.23669,45.11781],[-71.23578,45.1186],[-71.23406,45.12144],[-71.23032,45.12521],[-71.2231,45.12802],[-71.22035,45.12938],[-71.21885,45.1291],[-71.2219,45.12104],[-71.22257,45.12138],[-71.22337,45.12232],[-71.22428,45.12296],[-71.22441,45.1236],[-71.22526,45.12421],[-71.22581,45.12426],[-71.2259,45.12389],[-71.22636,45.12369],[-71.22688,45.12388],[-71.22707,45.12265],[-71.22659,45.12192],[-71.22655,45.12139],[-71.22636,45.12105],[-71.22568,45.12069],[-71.22465,45.11892],[-71.2248,45.11833],[-71.22465,45.11797],[-71.22494,45.11679],[-71.22476,45.11646],[-71.22488,45.11472],[-71.22454,45.11403],[-71.22709,45.10735],[-71.22781,45.10707],[-71.22838,45.10667],[-71.22842,45.10628],[-71.22873,45.1061],[-71.22896,45.10627],[-71.22883,45.10661],[-71.22915,45.10671],[-71.23056,45.10655],[-71.23101,45.10628],[-71.23157,45.10631]]],[[[-71.23747,45.12279],[-71.23913,45.12003],[-71.24282,45.11684],[-71.24356,45.12122],[-71.24854,45.12063],[-71.24359,45.13376],[-71.22526,45.13031],[-71.23297,45.12731],[-71.23747,45.12279]]]]},"properties":{"id":"p-005-001~J12","property_id":"p-005-001","label":"Block J12","score":63,"status":"verified"}},{"type":"Feature","id":85,"geometry":{"type":"MultiPolygon","coordinates":[[[[-71.21281,45.10927],[-71.21342,45.10966],[-71.21308,45.10987],[-71.21302,45.11027],[-71.21412,45.11168],[-71.2143,45.1122],[-71.21406,45.11277],[-71.21351,45.11323],[-71.21511,45.11438],[-71.21353,45.11515],[-71.21234,45.11598],[-71.20964,45.11674],[-71.20909,45.11737],[-71.20797,45.11774],[-71.20504,45.11954],[-71.20487,45.12097],[-71.20501,45.12143],[-71.20489,45.12165],[-71.2043,45.12165],[-71.20223,45.11982],[-71.19609,45.11923],[-71.20073,45.10696],[-71.21281,45.10927]]],[[[-71.20817,45.12666],[-71.20796,45.12484],[-71.2075,45.12372],[-71.20758,45.12321],[-71.20687,45.12223],[-71.20677,45.12109],[-71.20782,45.11937],[-71.20844,45.11924],[-71.21107,45.11791],[-71.2116,45.11752],[-71.21321,45.1169],[-71.21454,45.11674],[-71.21539,45.11725],[-71.21571,45.11731],[-71.21606,45.117],[-71.21666,45.11699],[-71.21704,45.1172],[-71.21733,45.11763],[-71.21689,45.11801],[-71.21632,45.11821],[-71.21621,45.11848],[-71.21633,45.11862],[-71.21684,45.11878],[-71.21753,45.1186],[-71.21792,45.11867],[-71.21922,45.11974],[-71.22018,45.12008],[-71.22057,45.12058],[-71.2214,45.12078],[-71.2219,45.12104],[-71.21885,45.1291],[-71.20807,45.12707],[-71.20817,45.12666]]],[[[-71.22454,45.11403],[-71.2239,45.11331],[-71.22376,45.11272],[-71.2239,45.11247],[-71.22358,45.11184],[-71.22332,45.11167],[-71.22294,45.11164],[-71.22277,45.11112],[-71.22545,45.11163],[-71.22454,45.11403]]],[[[-71.19803,45.12068],[-71.20138,45.12216],[-71.20481,45.12295],[-71.2047,45.12381],[-71.20452,45.12431],[-71.20422,45.12459],[-71.20404,45.12523],[-71.20407,45.12593],[-71.20429,45.12635],[-71.19413,45.12444],[-71.19541,45.12103],[-71.19803,45.12068]]]]},"properties":{"id":"p-005-001~K12","property_id":"p-005-001","label":"Block K12","score":60,"status":"verified"}},{"type":"Feature","id":86,"geometry":{"type":"MultiPolygon","coordinates":[[[[-71.19609,45.11923],[-71.19009,45.11955],[-71.18621,45.12194],[-71.18633,45.12296],[-71.1694,45.11977],[-71.17601,45.1023],[-71.20073,45.10696],[-71.19609,45.11923]]],[[[-71.189,45.12347],[-71.18845,45.12244],[-71.19191,45.12072],[-71.19407,45.1212],[-71.19541,45.12103],[-71.19413,45.12444],[-71.189,45.12347]]]]},"properties":{"id":"p-005-001~L12","property_id":"p-005-001","label":"Block L12","score":62,"status":"verified"}},{"type":"Feature","id":87,"geometry":{"type":"Polygon","coordinates":[[[-71.17601,45.1023],[-71.1694,45.11977],[-71.14468,45.11509],[-71.15129,45.09763],[-71.17601,45.1023]]]},"properties":{"id":"p-005-001~M12","property_id":"p-005-001","label":"Block M12","score":52,"status":"verified"}},{"type":"Feature","id":88,"geometry":{"type":"Polygon","coordinates":[[[-71.15129,45.09763],[-71.14468,45.11509],[-71.11996,45.11041],[-71.12658,45.09295],[-71.15129,45.09763]]]},"properties":{"id":"p-005-001~N12","property_id":"p-005-001","label":"Block N12","score":50,"status":"verified"}},{"type":"Feature","id":89,"geometry":{"type":"Polygon","coordinates":[[[-71.12658,45.09295],[-71.11996,45.11041],[-71.09524,45.10573],[-71.10187,45.08827],[-71.12658,45.09295]]]},"properties":{"id":"p-005-001~O12","property_id":"p-005-001","label":"Block O12","score":49,"status":"verified"}},{"type":"Feature","id":90,"geometry":{"type":"Polygon","coordinates":[[[-71.10187,45.08827],[-71.09524,45.10573],[-71.07053,45.10105],[-71.07716,45.08358],[-71.10187,45.08827]]]},"properties":{"id":"p-005-001~P12","property_id":"p-005-001","label":"Block P12","score":52,"status":"verified"}},{"type":"Feature","id":91,"geometry":{"type":"Polygon","coordinates":[[[-71.06591,45.10017],[-71.06444,45.08117],[-71.07716,45.08358],[-71.07053,45.10105],[-71.06591,45.10017]]]},"properties":{"id":"p-005-001~Q12","property_id":"p-005-001","label":"Block Q12","score":36,"status":"verified"}},{"type":"Feature","id":92,"geometry":{"type":"Polygon","coordinates":[[[-71.4276,45.13086],[-71.42813,45.13186],[-71.42804,45.13209],[-71.42738,45.13245],[-71.42803,45.13297],[-71.42777,45.13336],[-71.42832,45.13367],[-71.4285,45.13397],[-71.4284,45.13515],[-71.43111,45.1362],[-71.43145,45.13696],[-71.43217,45.13775],[-71.43244,45.13784],[-71.43242,45.138],[-71.43408,45.13862],[-71.43479,45.13924],[-71.43589,45.1397],[-71.43731,45.14123],[-71.43705,45.14198],[-71.43668,45.14215],[-71.43642,45.14217],[-71.43575,45.14167],[-71.43538,45.14166],[-71.43493,45.14379],[-71.43464,45.14377],[-71.43436,45.14398],[-71.43417,45.1446],[-71.43433,45.14527],[-71.4338,45.14542],[-71.43368,45.14516],[-71.43332,45.14528],[-71.43328,45.14568],[-71.43354,45.14651],[-71.4333,45.14693],[-71.43315,45.14805],[-71.43293,45.14845],[-71.43221,45.1489],[-71.4317,45.14947],[-71.43067,45.14962],[-71.43039,45.14979],[-71.4303,45.15007],[-71.39861,45.14414],[-71.40516,45.12666],[-71.4276,45.13086]]]},"properties":{"id":"p-005-001~C13","property_id":"p-005-001","label":"Block C13","score":49,"status":"verified"}},{"type":"Feature","id":93,"geometry":{"type":"Polygon","coordinates":[[[-71.40516,45.12666],[-71.39861,45.14414],[-71.37386,45.13951],[-71.38042,45.12203],[-71.40516,45.12666]]]},"properties":{"id":"p-005-001~D13","property_id":"p-005-001","label":"Block D13","score":48,"status":"verified"}},{"type":"Feature","id":94,"geometry":{"type":"Polygon","coordinates":[[[-71.36344,45.13756],[-71.3624,45.13672],[-71.36234,45.13588],[-71.3625,45.13542],[-71.36396,45.1344],[-71.36445,45.13381],[-71.36614,45.13239],[-71.36781,45.13151],[-71.36936,45.12975],[-71.3694,45.12929],[-71.36912,45.12905],[-71.36776,45.1286],[-71.36743,45.12817],[-71.36767,45.12773],[-71.36917,45.12608],[-71.36929,45.12581],[-71.36917,45.12486],[-71.37071,45.12252],[-71.37194,45.12182],[-71.37252,45.12135],[-71.37286,45.12062],[-71.38042,45.12203],[-71.37386,45.13951],[-71.36344,45.13756]]]},"properties":{"id":"p-005-001~E13","property_id":"p-005-001","label":"Block E13","score":35,"status":"verified"}},{"type":"Feature","id":95,"geometry":{"type":"Polygon","coordinates":[[[-71.31487,45.115],[-71.31529,45.11652],[-71.31626,45.11763],[-71.31585,45.11789],[-71.31359,45.11799],[-71.31272,45.11834],[-71.31246,45.11903],[-71.31252,45.11964],[-71.31299,45.12048],[-71.31308,45.12117],[-71.31236,45.12197],[-71.31096,45.12218],[-71.31024,45.12261],[-71.30902,45.12217],[-71.30868,45.12267],[-71.30758,45.12303],[-71.30752,45.12357],[-71.3068,45.12358],[-71.3067,45.12382],[-71.30703,45.12397],[-71.30698,45.12411],[-71.30662,45.12421],[-71.30631,45.12401],[-71.30607,45.12407],[-71.3053,45.12477],[-71.30517,45.12543],[-71.30561,45.12587],[-71.30521,45.1263],[-71.30531,45.1264],[-71.30605,45.12653],[-71.30618,45.12682],[-71.27962,45.12183],[-71.28559,45.12094],[-71.28552,45.12071],[-71.28569,45.12068],[-71.28447,45.11644],[-71.29433,45.11187],[-71.29585,45.1129],[-71.30003,45.11224],[-71.30175,45.11692],[-71.31451,45.11439],[-71.31487,45.115]]]},"properties":{"id":"p-005-001~H13","property_id":"p-005-001","label":"Block H13","score":52,"status":"verified"}},{"type":"Feature","id":96,"geometry":{"type":"MultiPolygon","coordinates":[[[[-71.26817,45.10751],[-71.26602,45.10845],[-71.26401,45.10913],[-71.2648,45.10623],[-71.27022,45.10709],[-71.26817,45.10751]]],[[[-71.26999,45.11184],[-71.26803,45.11003],[-71.26814,45.10925],[-71.26746,45.10815],[-71.26834,45.10776],[-71.27116,45.10721],[-71.26994,45.11264],[-71.2698,45.11256],[-71.26999,45.11184]]],[[[-71.25175,45.11212],[-71.25242,45.11065],[-71.25365,45.11027],[-71.25493,45.11008],[-71.25764,45.11005],[-71.25785,45.11016],[-71.25876,45.11403],[-71.25912,45.11726],[-71.26194,45.11712],[-71.26391,45.10946],[-71.26713,45.10829],[-71.26775,45.1093],[-71.26764,45.1101],[-71.26962,45.11194],[-71.26939,45.11258],[-71.26957,45.11283],[-71.26988,45.11292],[-71.26867,45.11828],[-71.26827,45.11818],[-71.26799,45.11964],[-71.25285,45.11679],[-71.25175,45.11212]]]]},"properties":{"id":"p-005-001~I13","property_id":"p-005-001","label":"Block I13","score":41,"status":"verified"}},{"type":"Feature","id":97,"geometry":{"type":"MultiPolygon","coordinates":[[[[-71.22613,45.09305],[-71.22583,45.09391],[-71.22519,45.09491],[-71.22467,45.09668],[-71.22383,45.09776],[-71.22374,45.09816],[-71.22334,45.09855],[-71.22178,45.09939],[-71.221,45.09997],[-71.2205,45.10011],[-71.22008,45.10059],[-71.219,45.10096],[-71.21831,45.10158],[-71.2171,45.10233],[-71.21625,45.10269],[-71.21498,45.10366],[-71.21465,45.10429],[-71.21436,45.10443],[-71.21415,45.10497],[-71.21385,45.10508],[-71.21397,45.10548],[-71.21375,45.10619],[-71.21343,45.10663],[-71.21344,45.10717],[-71.21381,45.10755],[-71.21354,45.10802],[-71.21368,45.10827],[-71.2132,45.1085],[-71.2132,45.10867],[-71.21285,45.1089],[-71.2128,45.10924],[-71.20073,45.10696],[-71.20733,45.08949],[-71.22613,45.09305]]],[[[-71.22277,45.11112],[-71.2228,45.11096],[-71.22306,45.11086],[-71.22371,45.1113],[-71.22277,45.11112]]],[[[-71.22412,45.11134],[-71.22529,45.11011],[-71.22519,45.10935],[-71.2261,45.10919],[-71.22629,45.10888],[-71.22624,45.10857],[-71.22674,45.10822],[-71.22545,45.11163],[-71.22378,45.11131],[-71.22412,45.11134]]],[[[-71.22677,45.10814],[-71.2268,45.10778],[-71.22705,45.10739],[-71.22677,45.10814]]]]},"properties":{"id":"p-005-001~K13","property_id":"p-005-001","label":"Block K13","score":43,"status":"verified"}},{"type":"Feature","id":98,"geometry":{"type":"Polygon","coordinates":[[[-71.20733,45.08949],[-71.20073,45.10696],[-71.17601,45.1023],[-71.18261,45.08483],[-71.20733,45.08949]]]},"properties":{"id":"p-005-001~L13","property_id":"p-005-001","label":"Block L13","score":42,"status":"verified"}},{"type":"Feature","id":99,"geometry":{"type":"Polygon","coordinates":[[[-71.18261,45.08483],[-71.17601,45.1023],[-71.15129,45.09763],[-71.1579,45.08016],[-71.18261,45.08483]]]},"properties":{"id":"p-005-001~M13","property_id":"p-005-001","label":"Block M13","score":47,"status":"verified"}},{"type":"Feature","id":100,"geometry":{"type":"Polygon","coordinates":[[[-71.1579,45.08016],[-71.15129,45.09763],[-71.12658,45.09295],[-71.1332,45.07548],[-71.1579,45.08016]]]},"properties":{"id":"p-005-001~N13","property_id":"p-005-001","label":"Block N13","score":61,"status":"verified"}},{"type":"Feature","id":101,"geometry":{"type":"Polygon","coordinates":[[[-71.1332,45.07548],[-71.12658,45.09295],[-71.10187,45.08827],[-71.10849,45.0708],[-71.1332,45.07548]]]},"properties":{"id":"p-005-001~O13","property_id":"p-005-001","label":"Block O13","score":45,"status":"verified"}},{"type":"Feature","id":102,"geometry":{"type":"Polygon","coordinates":[[[-71.10849,45.0708],[-71.10187,45.08827],[-71.07716,45.08358],[-71.08379,45.06612],[-71.10849,45.0708]]]},"properties":{"id":"p-005-001~P13","property_id":"p-005-001","label":"Block P13","score":47,"status":"verified"}},{"type":"Feature","id":103,"geometry":{"type":"Polygon","coordinates":[[[-71.06444,45.08117],[-71.06306,45.06218],[-71.08379,45.06612],[-71.07716,45.08358],[-71.06444,45.08117]]]},"properties":{"id":"p-005-001~Q13","property_id":"p-005-001","label":"Block Q13","score":37,"status":"verified"}},{"type":"Feature","id":104,"geometry":{"type":"Polygon","coordinates":[[[-71.44075,45.11461],[-71.44034,45.1153],[-71.44011,45.11597],[-71.43862,45.11727],[-71.43739,45.1177],[-71.4363,45.11775],[-71.43547,45.11812],[-71.43517,45.11848],[-71.43558,45.1191],[-71.43466,45.11961],[-71.43287,45.11982],[-71.43245,45.12004],[-71.43177,45.12047],[-71.43124,45.12131],[-71.42949,45.12229],[-71.429,45.12318],[-71.42839,45.12367],[-71.42882,45.12405],[-71.42887,45.12477],[-71.42816,45.12498],[-71.42783,45.12585],[-71.42739,45.12595],[-71.42732,45.12631],[-71.42653,45.12701],[-71.42647,45.12732],[-71.42678,45.12825],[-71.4261,45.12947],[-71.42665,45.13],[-71.42718,45.12986],[-71.4276,45.13086],[-71.40516,45.12666],[-71.41171,45.10918],[-71.44075,45.11461]]]},"properties":{"id":"p-005-001~C14","property_id":"p-005-001","label":"Block C14","score":50,"status":"verified"}},{"type":"Feature","id":105,"geometry":{"type":"Polygon","coordinates":[[[-71.38281,45.11176],[-71.38189,45.11],[-71.38197,45.1097],[-71.38236,45.10931],[-71.38325,45.10886],[-71.38458,45.10856],[-71.38624,45.10836],[-71.38726,45.10844],[-71.38864,45.10833],[-71.38977,45.10851],[-71.39077,45.10808],[-71.39102,45.10778],[-71.38991,45.1051],[-71.41171,45.10918],[-71.40516,45.12666],[-71.37286,45.12062],[-71.37278,45.12016],[-71.37228,45.11949],[-71.37218,45.11833],[-71.37307,45.11694],[-71.37458,45.11598],[-71.37559,45.11564],[-71.37898,45.11494],[-71.38096,45.11512],[-71.38328,45.11472],[-71.38354,45.11447],[-71.38366,45.11387],[-71.38281,45.11176]]]},"properties":{"id":"p-005-001~D14","property_id":"p-005-001","label":"Block D14","score":47,"status":"verified"}},{"type":"Feature","id":106,"geometry":{"type":"Polygon","coordinates":[[[-71.26199,45.08627],[-71.26157,45.08399],[-71.26133,45.08394],[-71.26106,45.08398],[-71.26042,45.08513],[-71.26042,45.08453],[-71.26007,45.08433],[-71.26001,45.08401],[-71.26001,45.08216],[-71.25965,45.08163],[-71.25972,45.08123],[-71.25937,45.08085],[-71.2594,45.0806],[-71.2886,45.08609],[-71.28738,45.08678],[-71.28586,45.08667],[-71.28567,45.08654],[-71.28416,45.0863],[-71.28254,45.08647],[-71.28179,45.0867],[-71.28089,45.0872],[-71.28041,45.08783],[-71.27869,45.08864],[-71.2772,45.08975],[-71.2767,45.09086],[-71.27617,45.0913],[-71.27569,45.0923],[-71.27382,45.09325],[-71.27317,45.09337],[-71.27097,45.09346],[-71.27006,45.09336],[-71.26595,45.09231],[-71.2646,45.0916],[-71.26357,45.09031],[-71.26338,45.08899],[-71.26355,45.08866],[-71.26337,45.08868],[-71.26266,45.0881],[-71.26266,45.0872],[-71.26199,45.08627]]]},"properties":{"id":"p-005-001~I14","property_id":"p-005-001","label":"Block I14","score":51,"status":"verified"}},{"type":"Feature","id":107,"geometry":{"type":"Polygon","coordinates":[[[-71.21393,45.07202],[-71.23613,45.07631],[-71.23595,45.07658],[-71.23555,45.0767],[-71.23542,45.0765],[-71.23518,45.07643],[-71.23515,45.07676],[-71.23486,45.07709],[-71.23413,45.07753],[-71.23407,45.07781],[-71.23457,45.07791],[-71.23544,45.07871],[-71.23511,45.07953],[-71.2346,45.07991],[-71.23439,45.07972],[-71.23432,45.07881],[-71.23396,45.07881],[-71.23414,45.07841],[-71.23388,45.07837],[-71.23362,45.07793],[-71.23312,45.07781],[-71.23263,45.07837],[-71.23254,45.07851],[-71.2327,45.07886],[-71.2325,45.07924],[-71.23308,45.08069],[-71.23291,45.08081],[-71.23261,45.08053],[-71.2323,45.08084],[-71.23176,45.08104],[-71.23163,45.08159],[-71.23094,45.082],[-71.23081,45.08289],[-71.23002,45.08334],[-71.23039,45.08372],[-71.23036,45.08405],[-71.22884,45.08476],[-71.22775,45.08454],[-71.22748,45.08424],[-71.22724,45.08433],[-71.22704,45.08425],[-71.22711,45.08504],[-71.22689,45.08601],[-71.22684,45.08737],[-71.22694,45.08805],[-71.22682,45.0918],[-71.22614,45.09304],[-71.20733,45.08949],[-71.21393,45.07202]]]},"properties":{"id":"p-005-001~K14","property_id":"p-005-001","label":"Block K14","score":41,"status":"verified"}},{"type":"Feature","id":108,"geometry":{"type":"Polygon","coordinates":[[[-71.21393,45.07202],[-71.20733,45.08949],[-71.18261,45.08483],[-71.18922,45.06736],[-71.21393,45.07202]]]},"properties":{"id":"p-005-001~L14","property_id":"p-005-001","label":"Block L14","score":44,"status":"verified"}},{"type":"Feature","id":109,"geometry":{"type":"Polygon","coordinates":[[[-71.18922,45.06736],[-71.18261,45.08483],[-71.1579,45.08016],[-71.16451,45.06269],[-71.18922,45.06736]]]},"properties":{"id":"p-005-001~M14","property_id":"p-005-001","label":"Block M14","score":45,"status":"verified"}},{"type":"Feature","id":110,"geometry":{"type":"Polygon","coordinates":[[[-71.16275,45.06244],[-71.16202,45.06275],[-71.16186,45.06238],[-71.1613,45.06208],[-71.16451,45.06269],[-71.1579,45.08016],[-71.1332,45.07548],[-71.13981,45.05802],[-71.16078,45.06198],[-71.16185,45.06548],[-71.16249,45.06433],[-71.1623,45.06364],[-71.16373,45.063],[-71.16275,45.06244]]]},"properties":{"id":"p-005-001~N14","property_id":"p-005-001","label":"Block N14","score":48,"status":"verified"}},{"type":"Feature","id":111,"geometry":{"type":"Polygon","coordinates":[[[-71.13981,45.05802],[-71.1332,45.07548],[-71.10849,45.0708],[-71.11511,45.05334],[-71.13981,45.05802]]]},"properties":{"id":"p-005-001~O14","property_id":"p-005-001","label":"Block O14","score":45,"status":"verified"}},{"type":"Feature","id":112,"geometry":{"type":"Polygon","coordinates":[[[-71.11511,45.05334],[-71.10849,45.0708],[-71.08379,45.06612],[-71.09042,45.04866],[-71.11511,45.05334]]]},"properties":{"id":"p-005-001~P14","property_id":"p-005-001","label":"Block P14","score":57,"status":"verified"}},{"type":"Feature","id":113,"geometry":{"type":"Polygon","coordinates":[[[-71.06306,45.06218],[-71.06162,45.04319],[-71.09042,45.04866],[-71.08379,45.06612],[-71.06306,45.06218]]]},"properties":{"id":"p-005-001~Q14","property_id":"p-005-001","label":"Block Q14","score":40,"status":"verified"}},{"type":"Feature","id":114,"geometry":{"type":"Polygon","coordinates":[[[-71.45782,45.09909],[-71.45622,45.09951],[-71.45595,45.09983],[-71.45567,45.10094],[-71.45548,45.1011],[-71.45355,45.10175],[-71.45304,45.10171],[-71.45207,45.10204],[-71.45094,45.10303],[-71.45076,45.10345],[-71.44929,45.10447],[-71.44919,45.10481],[-71.44952,45.10513],[-71.44917,45.10539],[-71.44893,45.10597],[-71.44905,45.10672],[-71.44922,45.10668],[-71.44972,45.10605],[-71.45008,45.10608],[-71.4499,45.10633],[-71.4503,45.10664],[-71.45035,45.10711],[-71.44981,45.10752],[-71.44939,45.10732],[-71.44862,45.1075],[-71.44863,45.10864],[-71.44869,45.10886],[-71.44961,45.10949],[-71.44992,45.10935],[-71.45053,45.10951],[-71.45029,45.10988],[-71.45043,45.11007],[-71.44912,45.11073],[-71.44893,45.11106],[-71.44847,45.11141],[-71.44869,45.11223],[-71.44775,45.11241],[-71.44582,45.11255],[-71.44516,45.1123],[-71.44457,45.1128],[-71.44411,45.11254],[-71.44331,45.11296],[-71.44239,45.11295],[-71.4416,45.11309],[-71.43994,45.11394],[-71.44075,45.11461],[-71.43645,45.11381],[-71.44299,45.09632],[-71.45782,45.09909]]]},"properties":{"id":"p-005-001~B15","property_id":"p-005-001","label":"Block B15","score":46,"status":"verified"}},{"type":"Feature","id":115,"geometry":{"type":"Polygon","coordinates":[[[-71.44299,45.09632],[-71.43645,45.11381],[-71.41171,45.10918],[-71.41826,45.0917],[-71.44299,45.09632]]]},"properties":{"id":"p-005-001~C15","property_id":"p-005-001","label":"Block C15","score":65,"status":"verified"}},{"type":"Feature","id":116,"geometry":{"type":"Polygon","coordinates":[[[-71.3882,45.10254],[-71.38704,45.09792],[-71.39775,45.09587],[-71.3962,45.09135],[-71.4062,45.0899],[-71.40606,45.08942],[-71.41826,45.0917],[-71.41171,45.10918],[-71.38991,45.1051],[-71.38885,45.10252],[-71.3882,45.10254]]]},"properties":{"id":"p-005-001~D15","property_id":"p-005-001","label":"Block D15","score":33,"status":"verified"}},{"type":"Feature","id":117,"geometry":{"type":"Polygon","coordinates":[[[-71.29872,45.06928],[-71.29938,45.07137],[-71.2886,45.08609],[-71.2594,45.0806],[-71.25957,45.08052],[-71.25978,45.07968],[-71.26036,45.07979],[-71.26096,45.07911],[-71.26085,45.07728],[-71.26046,45.07658],[-71.261,45.07489],[-71.26176,45.07329],[-71.26183,45.07252],[-71.26237,45.07157],[-71.26194,45.06999],[-71.26211,45.06959],[-71.26192,45.06934],[-71.26193,45.06839],[-71.26158,45.06794],[-71.26187,45.06805],[-71.2783,45.06785],[-71.28017,45.06579],[-71.29872,45.06928]]]},"properties":{"id":"p-005-001~I15","property_id":"p-005-001","label":"Block I15","score":57,"status":"verified"}},{"type":"Feature","id":118,"geometry":{"type":"Polygon","coordinates":[[[-71.24002,45.06617],[-71.23948,45.06713],[-71.23993,45.06743],[-71.2403,45.06739],[-71.24059,45.06759],[-71.24047,45.06806],[-71.24008,45.0685],[-71.24018,45.06876],[-71.23995,45.06908],[-71.23993,45.06944],[-71.23932,45.07044],[-71.2394,45.07053],[-71.23975,45.07046],[-71.23966,45.07079],[-71.23879,45.07105],[-71.23832,45.07169],[-71.23831,45.07209],[-71.23872,45.07205],[-71.2389,45.07223],[-71.23872,45.07244],[-71.23842,45.07243],[-71.23836,45.07223],[-71.23806,45.07211],[-71.23764,45.07217],[-71.23651,45.07325],[-71.23593,45.0745],[-71.23621,45.07465],[-71.23707,45.07444],[-71.23767,45.07484],[-71.23721,45.07532],[-71.23668,45.07544],[-71.23643,45.07538],[-71.23622,45.07553],[-71.23598,45.07575],[-71.23595,45.07618],[-71.21393,45.07202],[-71.22052,45.05456],[-71.23888,45.05802],[-71.24002,45.06617]]]},"properties":{"id":"p-005-001~K15","property_id":"p-005-001","label":"Block K15","score":40,"status":"verified"}},{"type":"Feature","id":119,"geometry":{"type":"Polygon","coordinates":[[[-71.22052,45.05456],[-71.21393,45.07202],[-71.18922,45.06736],[-71.19582,45.04989],[-71.22052,45.05456]]]},"properties":{"id":"p-005-001~L15","property_id":"p-005-001","label":"Block L15","score":52,"status":"verified"}},{"type":"Feature","id":120,"geometry":{"type":"Polygon","coordinates":[[[-71.19582,45.04989],[-71.18922,45.06736],[-71.16451,45.06269],[-71.17112,45.04522],[-71.19582,45.04989]]]},"properties":{"id":"p-005-001~M15","property_id":"p-005-001","label":"Block M15","score":44,"status":"verified"}},{"type":"Feature","id":121,"geometry":{"type":"Polygon","coordinates":[[[-71.16071,45.06177],[-71.16078,45.06198],[-71.13981,45.05802],[-71.14642,45.04055],[-71.17112,45.04522],[-71.16451,45.06269],[-71.1613,45.06208],[-71.16071,45.06177]]]},"properties":{"id":"p-005-001~N15","property_id":"p-005-001","label":"Block N15","score":57,"status":"verified"}},{"type":"Feature","id":122,"geometry":{"type":"Polygon","coordinates":[[[-71.14642,45.04055],[-71.13981,45.05802],[-71.11511,45.05334],[-71.12173,45.03588],[-71.14642,45.04055]]]},"properties":{"id":"p-005-001~O15","property_id":"p-005-001","label":"Block O15","score":54,"status":"verified"}},{"type":"Feature","id":123,"geometry":{"type":"Polygon","coordinates":[[[-71.12173,45.03588],[-71.11511,45.05334],[-71.09042,45.04866],[-71.09704,45.03119],[-71.12173,45.03588]]]},"properties":{"id":"p-005-001~P15","property_id":"p-005-001","label":"Block P15","score":42,"status":"verified"}},{"type":"Feature","id":124,"geometry":{"type":"Polygon","coordinates":[[[-71.09704,45.03119],[-71.09042,45.04866],[-71.06573,45.04397],[-71.07236,45.02651],[-71.09704,45.03119]]]},"properties":{"id":"p-005-001~Q15","property_id":"p-005-001","label":"Block Q15","score":41,"status":"verified"}},{"type":"Feature","id":125,"geometry":{"type":"Polygon","coordinates":[[[-71.06162,45.04319],[-71.06113,45.03657],[-71.06023,45.0242],[-71.07236,45.02651],[-71.06573,45.04397],[-71.06162,45.04319]]]},"properties":{"id":"p-005-001~R15","property_id":"p-005-001","label":"Block R15","score":45,"status":"verified"}},{"type":"Feature","id":126,"geometry":{"type":"Polygon","coordinates":[[[-71.46759,45.08068],[-71.4581,45.08086],[-71.4523,45.08593],[-71.46452,45.093],[-71.46425,45.0933],[-71.46401,45.09336],[-71.46301,45.09308],[-71.46208,45.09309],[-71.46094,45.09456],[-71.4606,45.09479],[-71.46007,45.09489],[-71.45903,45.09479],[-71.45835,45.09516],[-71.4586,45.09555],[-71.45927,45.09603],[-71.45944,45.09655],[-71.45859,45.09853],[-71.4583,45.09887],[-71.45782,45.09909],[-71.44299,45.09632],[-71.44985,45.07798],[-71.46737,45.07744],[-71.46759,45.08068]]]},"properties":{"id":"p-005-001~B16","property_id":"p-005-001","label":"Block B16","score":63,"status":"verified"}},{"type":"Feature","id":127,"geometry":{"type":"Polygon","coordinates":[[[-71.44985,45.07798],[-71.44299,45.09632],[-71.40606,45.08942],[-71.40345,45.08044],[-71.40878,45.07958],[-71.41163,45.08896],[-71.41577,45.08819],[-71.41706,45.08721],[-71.41633,45.08465],[-71.42663,45.08023],[-71.42934,45.07856],[-71.44985,45.07798]]]},"properties":{"id":"p-005-001~C16","property_id":"p-005-001","label":"Block C16","score":65,"status":"verified"}},{"type":"Feature","id":128,"geometry":{"type":"Polygon","coordinates":[[[-71.28952,45.05545],[-71.29745,45.05566],[-71.29791,45.05673],[-71.298,45.05871],[-71.29776,45.05929],[-71.2973,45.05983],[-71.29725,45.0605],[-71.2975,45.06124],[-71.29758,45.06251],[-71.29786,45.06368],[-71.29787,45.06583],[-71.29872,45.06928],[-71.28017,45.06579],[-71.28952,45.05545]]]},"properties":{"id":"p-005-001~I16","property_id":"p-005-001","label":"Block I16","score":38,"status":"verified"}},{"type":"Feature","id":129,"geometry":{"type":"Polygon","coordinates":[[[-71.23615,45.03879],[-71.23888,45.05802],[-71.22052,45.05456],[-71.22711,45.03709],[-71.23615,45.03879]]]},"properties":{"id":"p-005-001~K16","property_id":"p-005-001","label":"Block K16","score":61,"status":"verified"}},{"type":"Feature","id":130,"geometry":{"type":"Polygon","coordinates":[[[-71.22711,45.03709],[-71.22052,45.05456],[-71.19582,45.04989],[-71.20241,45.03242],[-71.22711,45.03709]]]},"properties":{"id":"p-005-001~L16","property_id":"p-005-001","label":"Block L16","score":51,"status":"verified"}},{"type":"Feature","id":131,"geometry":{"type":"Polygon","coordinates":[[[-71.20241,45.03242],[-71.19582,45.04989],[-71.17112,45.04522],[-71.17772,45.02776],[-71.20241,45.03242]]]},"properties":{"id":"p-005-001~M16","property_id":"p-005-001","label":"Block M16","score":42,"status":"verified"}},{"type":"Feature","id":132,"geometry":{"type":"Polygon","coordinates":[[[-71.17074,45.02902],[-71.1714,45.02656],[-71.17772,45.02776],[-71.17112,45.04522],[-71.14642,45.04055],[-71.15174,45.02651],[-71.17074,45.02902]]]},"properties":{"id":"p-005-001~N16","property_id":"p-005-001","label":"Block N16","score":51,"status":"verified"}},{"type":"Feature","id":133,"geometry":{"type":"Polygon","coordinates":[[[-71.12651,45.02324],[-71.15174,45.02651],[-71.14642,45.04055],[-71.12173,45.03588],[-71.12651,45.02324]]]},"properties":{"id":"p-005-001~O16","property_id":"p-005-001","label":"Block O16","score":54,"status":"verified"}},{"type":"Feature","id":134,"geometry":{"type":"Polygon","coordinates":[[[-71.12651,45.02324],[-71.12173,45.03588],[-71.09704,45.03119],[-71.10129,45.01999],[-71.12651,45.02324]]]},"properties":{"id":"p-005-001~P16","property_id":"p-005-001","label":"Block P16","score":43,"status":"verified"}},{"type":"Feature","id":135,"geometry":{"type":"Polygon","coordinates":[[[-71.10129,45.01999],[-71.09704,45.03119],[-71.07236,45.02651],[-71.07607,45.01672],[-71.10129,45.01999]]]},"properties":{"id":"p-005-001~Q16","property_id":"p-005-001","label":"Block Q16","score":41,"status":"verified"}},{"type":"Feature","id":136,"geometry":{"type":"Polygon","coordinates":[[[-71.06023,45.0242],[-71.05959,45.01459],[-71.07607,45.01672],[-71.07236,45.02651],[-71.06023,45.0242]]]},"properties":{"id":"p-005-001~R16","property_id":"p-005-001","label":"Block R16","score":37,"status":"verified"}},{"type":"Feature","id":137,"geometry":{"type":"Polygon","coordinates":[[[-71.25748,45.02669],[-71.24809,45.02533],[-71.24736,45.02561],[-71.2464,45.02674],[-71.24455,45.02822],[-71.24393,45.02898],[-71.24036,45.03101],[-71.2378,45.03397],[-71.23636,45.03465],[-71.23559,45.03488],[-71.23615,45.03879],[-71.22711,45.03709],[-71.23369,45.01962],[-71.25839,45.02427],[-71.25748,45.02669]]]},"properties":{"id":"p-005-001~K17","property_id":"p-005-001","label":"Block K17","score":43,"status":"verified"}},{"type":"Feature","id":138,"geometry":{"type":"Polygon","coordinates":[[[-71.23369,45.01962],[-71.22711,45.03709],[-71.20241,45.03242],[-71.209,45.01496],[-71.23369,45.01962]]]},"properties":{"id":"p-005-001~L17","property_id":"p-005-001","label":"Block L17","score":50,"status":"verified"}},{"type":"Feature","id":139,"geometry":{"type":"Polygon","coordinates":[[[-71.209,45.01496],[-71.20241,45.03242],[-71.17772,45.02776],[-71.18432,45.01029],[-71.209,45.01496]]]},"properties":{"id":"p-005-001~M17","property_id":"p-005-001","label":"Block M17","score":51,"status":"verified"}},{"type":"Feature","id":140,"geometry":{"type":"Polygon","coordinates":[[[-71.1714,45.02656],[-71.17608,45.00873],[-71.18432,45.01029],[-71.17772,45.02776],[-71.1714,45.02656]]]},"properties":{"id":"p-005-001~N17","property_id":"p-005-001","label":"Block N17","score":67,"status":"verified"}},{"type":"Feature","id":141,"geometry":{"type":"Polygon","coordinates":[[[-71.34279,45.02733],[-71.34371,45.02758],[-71.34379,45.02797],[-71.34437,45.02786],[-71.34464,45.02797],[-71.34544,45.02795],[-71.34639,45.02855],[-71.34642,45.02881],[-71.34524,45.03028],[-71.34495,45.03111],[-71.34435,45.03164],[-71.34458,45.03238],[-71.34442,45.03324],[-71.34389,45.03357],[-71.34265,45.03378],[-71.34223,45.03353],[-71.34077,45.03343],[-71.34045,45.03371],[-71.34019,45.03425],[-71.33874,45.03469],[-71.33788,45.03442],[-71.3374,45.03464],[-71.33703,45.03466],[-71.33661,45.03438],[-71.33537,45.03462],[-71.33478,45.03429],[-71.33371,45.03445],[-71.33063,45.03377],[-71.32995,45.03416],[-71.32932,45.0343],[-71.32838,45.03353],[-71.32806,45.03344],[-71.32752,45.03358],[-71.32694,45.0341],[-71.32624,45.03374],[-71.3248,45.03382],[-71.32379,45.03339],[-71.32297,45.03331],[-71.32224,45.0329],[-71.32152,45.03318],[-71.32001,45.03338],[-71.31959,45.03361],[-71.31814,45.03346],[-71.31635,45.03366],[-71.31548,45.03342],[-71.31443,45.03363],[-71.31209,45.03303],[-71.31043,45.0331],[-71.30972,45.03285],[-71.30811,45.03271],[-71.31435,45.0161],[-71.3428,45.02145],[-71.34172,45.02621],[-71.342,45.02636],[-71.34234,45.02696],[-71.34279,45.02733]]]},"properties":{"id":"p-005-001~H18","property_id":"p-005-001","label":"Block H18","score":52,"status":"verified"}},{"type":"Feature","id":142,"geometry":{"type":"Polygon","coordinates":[[[-71.30808,45.0327],[-71.30782,45.03219],[-71.30643,45.03255],[-71.30598,45.0325],[-71.30414,45.03202],[-71.30256,45.03124],[-71.30074,45.03069],[-71.29889,45.03043],[-71.29805,45.02999],[-71.29707,45.03008],[-71.29625,45.02987],[-71.29395,45.02839],[-71.29324,45.02782],[-71.29308,45.02743],[-71.29151,45.02616],[-71.29141,45.02622],[-71.29116,45.02606],[-71.29026,45.02659],[-71.28974,45.02706],[-71.28932,45.02723],[-71.28843,45.0271],[-71.28789,45.02667],[-71.28768,45.02599],[-71.28516,45.02342],[-71.28966,45.01145],[-71.31435,45.0161],[-71.30808,45.0327]]]},"properties":{"id":"p-005-001~I18","property_id":"p-005-001","label":"Block I18","score":43,"status":"verified"}},{"type":"Feature","id":143,"geometry":{"type":"Polygon","coordinates":[[[-71.28407,45.02287],[-71.28317,45.02304],[-71.28275,45.02348],[-71.28218,45.02375],[-71.28137,45.02358],[-71.28114,45.02338],[-71.28113,45.02284],[-71.2815,45.02248],[-71.28226,45.02233],[-71.28294,45.02255],[-71.28329,45.02239],[-71.28373,45.02125],[-71.28382,45.02046],[-71.28446,45.01994],[-71.28486,45.01926],[-71.28471,45.01912],[-71.28406,45.01978],[-71.2834,45.02013],[-71.28319,45.02066],[-71.28288,45.02098],[-71.28249,45.02095],[-71.28245,45.02077],[-71.28177,45.02063],[-71.28044,45.02136],[-71.27834,45.02181],[-71.27693,45.02186],[-71.27619,45.02203],[-71.27564,45.02198],[-71.27542,45.02211],[-71.27388,45.02239],[-71.27288,45.02247],[-71.2719,45.0231],[-71.27092,45.02331],[-71.27044,45.02332],[-71.26979,45.02314],[-71.26919,45.02368],[-71.26923,45.0239],[-71.2688,45.02365],[-71.26823,45.02372],[-71.26797,45.02361],[-71.26791,45.02382],[-71.26871,45.0238],[-71.26875,45.02405],[-71.26917,45.02436],[-71.27032,45.02475],[-71.27086,45.02508],[-71.27063,45.02536],[-71.27071,45.0261],[-71.26957,45.02697],[-71.26986,45.02792],[-71.26956,45.02916],[-71.26965,45.03003],[-71.26954,45.03037],[-71.26874,45.0307],[-71.26823,45.03133],[-71.26817,45.03172],[-71.26782,45.03213],[-71.26789,45.03278],[-71.26763,45.03299],[-71.26765,45.03327],[-71.26206,45.02735],[-71.25748,45.02669],[-71.26497,45.0068],[-71.28966,45.01145],[-71.28516,45.02342],[-71.28407,45.02287]]]},"properties":{"id":"p-005-001~J18","property_id":"p-005-001","label":"Block J18","score":42,"status":"verified"}},{"type":"Feature","id":144,"geometry":{"type":"Polygon","coordinates":[[[-71.26497,45.0068],[-71.25839,45.02427],[-71.23369,45.01962],[-71.24028,45.00215],[-71.26497,45.0068]]]},"properties":{"id":"p-005-001~K18","property_id":"p-005-001","label":"Block K18","score":41,"status":"verified"}},{"type":"Feature","id":145,"geometry":{"type":"Polygon","coordinates":[[[-71.24028,45.00215],[-71.23369,45.01962],[-71.209,45.01496],[-71.21559,44.99749],[-71.24028,45.00215]]]},"properties":{"id":"p-005-001~L18","property_id":"p-005-001","label":"Block L18","score":49,"status":"verified"}},{"type":"Feature","id":146,"geometry":{"type":"Polygon","coordinates":[[[-71.21559,44.99749],[-71.209,45.01496],[-71.18432,45.01029],[-71.19091,44.99283],[-71.21559,44.99749]]]},"properties":{"id":"p-005-001~M18","property_id":"p-005-001","label":"Block M18","score":49,"status":"verified"}},{"type":"Feature","id":147,"geometry":{"type":"Polygon","coordinates":[[[-71.1806,44.99088],[-71.19091,44.99283],[-71.18432,45.01029],[-71.17608,45.00873],[-71.1806,44.99088]]]},"properties":{"id":"p-005-001~N18","property_id":"p-005-001","label":"Block N18","score":50,"status":"verified"}},{"type":"Feature","id":148,"geometry":{"type":"Polygon","coordinates":[[[-71.36561,45.02041],[-71.3698,45.00924],[-71.39833,45.01274],[-71.39342,45.03187],[-71.37662,45.02983],[-71.37849,45.02197],[-71.36561,45.02041]],[[-71.38674,45.02321],[-71.3882,45.01749],[-71.37992,45.0165],[-71.37849,45.02197],[-71.38674,45.02321]]]},"properties":{"id":"p-005-001~F19","property_id":"p-005-001","label":"Block F19","score":46,"status":"verified"}},{"type":"Feature","id":149,"geometry":{"type":"Polygon","coordinates":[[[-71.36447,45.00859],[-71.3698,45.00924],[-71.36561,45.02041],[-71.34364,45.01776],[-71.3428,45.02145],[-71.33905,45.02074],[-71.3456,45.00327],[-71.36494,45.0069],[-71.36447,45.00859]]]},"properties":{"id":"p-005-001~G19","property_id":"p-005-001","label":"Block G19","score":41,"status":"verified"}},{"type":"Feature","id":150,"geometry":{"type":"Polygon","coordinates":[[[-71.33725,45.0017],[-71.3456,45.00327],[-71.33905,45.02074],[-71.31435,45.0161],[-71.32091,44.99863],[-71.32706,44.99978],[-71.32606,45.00394],[-71.33644,45.00492],[-71.33725,45.0017]]]},"properties":{"id":"p-005-001~H19","property_id":"p-005-001","label":"Block H19","score":48,"status":"verified"}},{"type":"Feature","id":151,"geometry":{"type":"Polygon","coordinates":[[[-71.32091,44.99863],[-71.31435,45.0161],[-71.28966,45.01145],[-71.29622,44.99398],[-71.32091,44.99863]]]},"properties":{"id":"p-005-001~I19","property_id":"p-005-001","label":"Block I19","score":45,"status":"verified"}},{"type":"Feature","id":152,"geometry":{"type":"Polygon","coordinates":[[[-71.29622,44.99398],[-71.28966,45.01145],[-71.26497,45.0068],[-71.27154,44.98934],[-71.29622,44.99398]]]},"properties":{"id":"p-005-001~J19","property_id":"p-005-001","label":"Block J19","score":41,"status":"verified"}},{"type":"Feature","id":153,"geometry":{"type":"Polygon","coordinates":[[[-71.27154,44.98934],[-71.26497,45.0068],[-71.24028,45.00215],[-71.24686,44.98468],[-71.27154,44.98934]]]},"properties":{"id":"p-005-001~K19","property_id":"p-005-001","label":"Block K19","score":39,"status":"verified"}},{"type":"Feature","id":154,"geometry":{"type":"Polygon","coordinates":[[[-71.24686,44.98468],[-71.24028,45.00215],[-71.21559,44.99749],[-71.22218,44.98002],[-71.24686,44.98468]]]},"properties":{"id":"p-005-001~L19","property_id":"p-005-001","label":"Block L19","score":56,"status":"verified"}},{"type":"Feature","id":155,"geometry":{"type":"Polygon","coordinates":[[[-71.22218,44.98002],[-71.21559,44.99749],[-71.19091,44.99283],[-71.1975,44.97536],[-71.22218,44.98002]]]},"properties":{"id":"p-005-001~M19","property_id":"p-005-001","label":"Block M19","score":47,"status":"verified"}},{"type":"Feature","id":156,"geometry":{"type":"Polygon","coordinates":[[[-71.1806,44.99088],[-71.1851,44.97302],[-71.1975,44.97536],[-71.19091,44.99283],[-71.1806,44.99088]]]},"properties":{"id":"p-005-001~N19","property_id":"p-005-001","label":"Block N19","score":45,"status":"verified"}},{"type":"Feature","id":157,"geometry":{"type":"Polygon","coordinates":[[[-71.35714,45.00042],[-71.36632,45.00184],[-71.36494,45.0069],[-71.3456,45.00327],[-71.35216,44.9858],[-71.36067,44.98739],[-71.35714,45.00042]]]},"properties":{"id":"p-005-001~G20","property_id":"p-005-001","label":"Block G20","score":45,"status":"verified"}},{"type":"Feature","id":158,"geometry":{"type":"Polygon","coordinates":[[[-71.33951,44.99272],[-71.32906,44.99142],[-71.32706,44.99978],[-71.32091,44.99863],[-71.32747,44.98116],[-71.35216,44.9858],[-71.3456,45.00327],[-71.33725,45.0017],[-71.33951,44.99272]]]},"properties":{"id":"p-005-001~H20","property_id":"p-005-001","label":"Block H20","score":45,"status":"verified"}},{"type":"Feature","id":159,"geometry":{"type":"Polygon","coordinates":[[[-71.32747,44.98116],[-71.32091,44.99863],[-71.29622,44.99398],[-71.30279,44.97651],[-71.32747,44.98116]]]},"properties":{"id":"p-005-001~I20","property_id":"p-005-001","label":"Block I20","score":42,"status":"verified"}},{"type":"Feature","id":160,"geometry":{"type":"Polygon","coordinates":[[[-71.28454,44.97308],[-71.30279,44.97651],[-71.29622,44.99398],[-71.27154,44.98934],[-71.27801,44.97214],[-71.28454,44.97308]]]},"properties":{"id":"p-005-001~J20","property_id":"p-005-001","label":"Block J20","score":41,"status":"verified"}},{"type":"Feature","id":161,"geometry":{"type":"Polygon","coordinates":[[[-71.27801,44.97214],[-71.27154,44.98934],[-71.24686,44.98468],[-71.25294,44.96854],[-71.27801,44.97214]]]},"properties":{"id":"p-005-001~K20","property_id":"p-005-001","label":"Block K20","score":39,"status":"verified"}},{"type":"Feature","id":162,"geometry":{"type":"Polygon","coordinates":[[[-71.25294,44.96854],[-71.24686,44.98468],[-71.22218,44.98002],[-71.22787,44.96493],[-71.25294,44.96854]]]},"properties":{"id":"p-005-001~L20","property_id":"p-005-001","label":"Block L20","score":58,"status":"verified"}},{"type":"Feature","id":163,"geometry":{"type":"Polygon","coordinates":[[[-71.20275,44.96147],[-71.22787,44.96493],[-71.22218,44.98002],[-71.1975,44.97536],[-71.20275,44.96147]]]},"properties":{"id":"p-005-001~M20","property_id":"p-005-001","label":"Block M20","score":55,"status":"verified"}},{"type":"Feature","id":164,"geometry":{"type":"Polygon","coordinates":[[[-71.18847,44.95951],[-71.20275,44.96147],[-71.1975,44.97536],[-71.1851,44.97302],[-71.18847,44.95951]]]},"properties":{"id":"p-005-001~N20","property_id":"p-005-001","label":"Block N20","score":49,"status":"verified"}},{"type":"Feature","id":165,"geometry":{"type":"Polygon","coordinates":[[[-71.35526,44.97798],[-71.37525,44.9808],[-71.3739,44.98561],[-71.3616,44.98399],[-71.36067,44.98739],[-71.35216,44.9858],[-71.35547,44.97695],[-71.35526,44.97798]]]},"properties":{"id":"p-005-001~G21","property_id":"p-005-001","label":"Block G21","score":48,"status":"verified"}},{"type":"Feature","id":166,"geometry":{"type":"Polygon","coordinates":[[[-71.33908,44.95314],[-71.33789,44.95739],[-71.35874,44.96022],[-71.36007,44.95554],[-71.36334,44.95594],[-71.35878,44.96812],[-71.35734,44.96792],[-71.35731,44.96806],[-71.33403,44.96369],[-71.33804,44.95299],[-71.33908,44.95314]]]},"properties":{"id":"p-005-001~H21","property_id":"p-005-001","label":"Block H21","score":54,"status":"verified"}},{"type":"Feature","id":167,"geometry":{"type":"Polygon","coordinates":[[[-71.35547,44.97695],[-71.35216,44.9858],[-71.32747,44.98116],[-71.33403,44.96369],[-71.35731,44.96806],[-71.35547,44.97695]],[[-71.33592,44.96517],[-71.33221,44.97981],[-71.34373,44.98155],[-71.34702,44.96648],[-71.33592,44.96517]]]},"properties":{"id":"p-005-001~H21-2","property_id":"p-005-001","label":"Block H21-2","score":49,"status":"verified"}},{"type":"Feature","id":168,"geometry":{"type":"Polygon","coordinates":[[[-71.31085,44.97689],[-71.31383,44.96671],[-71.30682,44.96579],[-71.30935,44.95904],[-71.33403,44.96369],[-71.32747,44.98116],[-71.30279,44.97651],[-71.30307,44.97578],[-71.31085,44.97689]],[[-71.32397,44.96843],[-71.32524,44.96326],[-71.31488,44.96198],[-71.31383,44.96671],[-71.32397,44.96843]]]},"properties":{"id":"p-005-001~I21","property_id":"p-005-001","label":"Block I21","score":44,"status":"verified"}},{"type":"Feature","id":169,"geometry":{"type":"MultiPolygon","coordinates":[[[[-71.30499,44.95747],[-71.30633,44.95275],[-71.3073,44.95289],[-71.30775,44.95411],[-71.30773,44.95508],[-71.30796,44.9563],[-71.31007,44.95714],[-71.30682,44.96579],[-71.29497,44.96423],[-71.29751,44.95664],[-71.30499,44.95747]]],[[[-71.29098,44.96973],[-71.30121,44.97104],[-71.30006,44.97535],[-71.30307,44.97578],[-71.30279,44.97651],[-71.28454,44.97308],[-71.29001,44.97386],[-71.29098,44.96973]]]]},"properties":{"id":"p-005-001~J21","property_id":"p-005-001","label":"Block J21","score":52,"status":"verified"}},{"type":"Feature","id":170,"geometry":{"type":"MultiPolygon","coordinates":[[[[-71.38051,44.95811],[-71.37084,44.95687],[-71.37211,44.95267],[-71.38171,44.95394],[-71.38051,44.95811]]],[[[-71.37084,44.95687],[-71.36737,44.96929],[-71.35878,44.96812],[-71.36334,44.95594],[-71.37084,44.95687]]]]},"properties":{"id":"p-005-001~G22","property_id":"p-005-001","label":"Block G22","score":63,"status":"verified"}},{"type":"Feature","id":171,"geometry":{"type":"Polygon","coordinates":[[[-71.31012,44.95719],[-71.31056,44.95769],[-71.31166,44.95849],[-71.31184,44.95884],[-71.31203,44.95887],[-71.31244,44.95848],[-71.31267,44.95862],[-71.31305,44.95844],[-71.31316,44.95905],[-71.31405,44.95966],[-71.31482,44.95911],[-71.31571,44.9579],[-71.31639,44.95733],[-71.31807,44.95663],[-71.31928,44.9568],[-71.31914,44.95591],[-71.31831,44.95541],[-71.31891,44.95473],[-71.32722,44.95592],[-71.32847,44.95157],[-71.33804,44.95299],[-71.33403,44.96369],[-71.30935,44.95904],[-71.31012,44.95719]]]},"properties":{"id":"p-005-001~I22","property_id":"p-005-001","label":"Block I22","score":45,"status":"verified"}},{"type":"Feature","id":172,"geometry":{"type":"Polygon","coordinates":[[[-71.28225,45.26129],[-71.28154,45.26125],[-71.28039,45.26076],[-71.28006,45.2605],[-71.27759,45.25957],[-71.27438,45.25923],[-71.27303,45.25949],[-71.2723,45.25903],[-71.2721,45.25849],[-71.27192,45.2584],[-71.27074,45.25812],[-71.26974,45.25831],[-71.26929,45.25827],[-71.26813,45.25786],[-71.26722,45.25777],[-71.26621,45.2574],[-71.26421,45.25748],[-71.26243,45.25811],[-71.26096,45.25811],[-71.25957,45.25847],[-71.25873,45.25901],[-71.25818,45.25905],[-71.25797,45.25918],[-71.25774,45.25965],[-71.25716,45.25973],[-71.25633,45.25963],[-71.25943,45.25143],[-71.27788,45.25489],[-71.28225,45.26129]]]},"properties":{"id":"p-006-004-32000-fo~A1","property_id":"p-006-004-32000-fo","label":"Block A1","score":39,"status":"verified"}},{"type":"Feature","id":173,"geometry":{"type":"Polygon","coordinates":[[[-71.25594,45.25969],[-71.2538,45.26062],[-71.25248,45.26105],[-71.25209,45.2617],[-71.25206,45.26204],[-71.25107,45.26242],[-71.25087,45.26262],[-71.25034,45.26389],[-71.24953,45.26471],[-71.24855,45.26647],[-71.24796,45.2669],[-71.24493,45.2682],[-71.24173,45.26494],[-71.23919,45.26333],[-71.23938,45.26159],[-71.23705,45.26136],[-71.23559,45.2609],[-71.23496,45.25961],[-71.23496,45.25919],[-71.2341,45.25829],[-71.23382,45.25778],[-71.2332,45.25753],[-71.2327,45.25691],[-71.2325,45.25523],[-71.23218,45.25462],[-71.23181,45.25429],[-71.23273,45.25185],[-71.23307,45.25174],[-71.23314,45.25146],[-71.23297,45.25121],[-71.23465,45.24677],[-71.25943,45.25143],[-71.25633,45.25963],[-71.25594,45.25969]]]},"properties":{"id":"p-006-004-32000-fo~B1","property_id":"p-006-004-32000-fo","label":"Block B1","score":58,"status":"verified"}},{"type":"Feature","id":174,"geometry":{"type":"MultiPolygon","coordinates":[[[[-71.21954,45.25055],[-71.221,45.24859],[-71.21962,45.24581],[-71.21343,45.24624],[-71.21091,45.25047],[-71.2105,45.25068],[-71.20969,45.25055],[-71.20903,45.25106],[-71.20836,45.25129],[-71.20805,45.25213],[-71.20755,45.25254],[-71.2062,45.25183],[-71.20988,45.24211],[-71.23465,45.24677],[-71.23297,45.25121],[-71.23276,45.2509],[-71.23189,45.25093],[-71.23157,45.25054],[-71.23143,45.24984],[-71.23088,45.24936],[-71.22951,45.24916],[-71.22902,45.24948],[-71.22831,45.2493],[-71.22792,45.24971],[-71.22718,45.25001],[-71.22623,45.25118],[-71.2249,45.25171],[-71.22443,45.25201],[-71.22373,45.25215],[-71.22304,45.2525],[-71.22207,45.25335],[-71.2214,45.25301],[-71.22156,45.25216],[-71.22089,45.25193],[-71.22055,45.2513],[-71.22063,45.2507],[-71.21954,45.25055]]],[[[-71.23136,45.25389],[-71.23211,45.2525],[-71.23273,45.25185],[-71.23181,45.25429],[-71.23136,45.25389]]]]},"properties":{"id":"p-006-004-32000-fo~C1","property_id":"p-006-004-32000-fo","label":"Block C1","score":57,"status":"verified"}},{"type":"Feature","id":175,"geometry":{"type":"MultiPolygon","coordinates":[[[[-71.20525,45.24123],[-71.20488,45.24117],[-71.20488,45.24116],[-71.20525,45.24123]]],[[[-71.1851,45.23744],[-71.19135,45.23861],[-71.19245,45.24132],[-71.19294,45.24918],[-71.20358,45.25362],[-71.2025,45.2543],[-71.20076,45.25396],[-71.20035,45.25335],[-71.2,45.25328],[-71.1997,45.25357],[-71.19923,45.25358],[-71.19866,45.25423],[-71.19776,45.2539],[-71.19731,45.25389],[-71.19715,45.25414],[-71.19625,45.25391],[-71.19598,45.25341],[-71.19608,45.25306],[-71.1955,45.2528],[-71.19487,45.25186],[-71.19514,45.25127],[-71.19507,45.25113],[-71.19377,45.25033],[-71.19342,45.24987],[-71.19171,45.24959],[-71.19121,45.24938],[-71.19147,45.24889],[-71.19144,45.24846],[-71.19106,45.24788],[-71.19049,45.24768],[-71.18941,45.24755],[-71.18894,45.24775],[-71.18823,45.24772],[-71.18778,45.24759],[-71.18736,45.24659],[-71.18744,45.24629],[-71.18729,45.2459],[-71.18778,45.24506],[-71.18692,45.24436],[-71.18607,45.24418],[-71.18539,45.24429],[-71.1851,45.23744]]],[[[-71.19869,45.24793],[-71.2002,45.24624],[-71.20097,45.2457],[-71.20158,45.2455],[-71.20204,45.24561],[-71.20261,45.24535],[-71.20317,45.24572],[-71.20342,45.24546],[-71.20334,45.2449],[-71.20347,45.24467],[-71.20448,45.24394],[-71.20471,45.24314],[-71.20564,45.24259],[-71.20545,45.2422],[-71.20556,45.24152],[-71.20527,45.24124],[-71.20988,45.24211],[-71.2062,45.25183],[-71.19869,45.24793]]]]},"properties":{"id":"p-006-004-32000-fo~D1","property_id":"p-006-004-32000-fo","label":"Block D1","score":49,"status":"verified"}},{"type":"Feature","id":176,"geometry":{"type":"Polygon","coordinates":[[[-71.2665,45.2382],[-71.27788,45.25489],[-71.25943,45.25143],[-71.26482,45.23716],[-71.2665,45.2382]]]},"properties":{"id":"p-006-004-32000-fo~A2","property_id":"p-006-004-32000-fo","label":"Block A2","score":49,"status":"verified"}},{"type":"Feature","id":177,"geometry":{"type":"Polygon","coordinates":[[[-71.24843,45.22698],[-71.26482,45.23716],[-71.25943,45.25143],[-71.23465,45.24677],[-71.24514,45.21902],[-71.24789,45.21971],[-71.24843,45.22698]]]},"properties":{"id":"p-006-004-32000-fo~B2","property_id":"p-006-004-32000-fo","label":"Block B2","score":55,"status":"verified"}},{"type":"Feature","id":178,"geometry":{"type":"Polygon","coordinates":[[[-71.24126,45.22929],[-71.23465,45.24677],[-71.20988,45.24211],[-71.21649,45.22463],[-71.24126,45.22929]]]},"properties":{"id":"p-006-004-32000-fo~C2","property_id":"p-006-004-32000-fo","label":"Block C2","score":68,"status":"verified"}},{"type":"Feature","id":179,"geometry":{"type":"MultiPolygon","coordinates":[[[[-71.20988,45.24211],[-71.20488,45.24116],[-71.20474,45.24088],[-71.2054,45.23947],[-71.20534,45.23927],[-71.20566,45.2389],[-71.20538,45.23875],[-71.20537,45.23847],[-71.20513,45.23828],[-71.20505,45.23721],[-71.20519,45.23661],[-71.20566,45.23596],[-71.20594,45.23476],[-71.20617,45.23446],[-71.20552,45.23381],[-71.20539,45.23326],[-71.2057,45.2331],[-71.20661,45.23323],[-71.20766,45.23299],[-71.20818,45.23261],[-71.20924,45.23221],[-71.21,45.23149],[-71.21,45.23131],[-71.20953,45.23107],[-71.20906,45.23042],[-71.20869,45.23017],[-71.20811,45.23056],[-71.20716,45.23071],[-71.20566,45.2314],[-71.20514,45.23141],[-71.204,45.23089],[-71.20331,45.23087],[-71.20311,45.23095],[-71.20259,45.23163],[-71.20156,45.23209],[-71.20068,45.23275],[-71.19963,45.23324],[-71.19897,45.23327],[-71.19804,45.23358],[-71.19737,45.23343],[-71.19699,45.23291],[-71.19692,45.23242],[-71.1966,45.23224],[-71.19638,45.23192],[-71.19665,45.23095],[-71.19768,45.23009],[-71.19624,45.22958],[-71.20195,45.22189],[-71.21649,45.22463],[-71.20988,45.24211]]],[[[-71.18859,45.23185],[-71.19135,45.23861],[-71.1851,45.23744],[-71.18487,45.23191],[-71.18787,45.21999],[-71.18776,45.21922],[-71.19819,45.22118],[-71.19196,45.22946],[-71.18859,45.23185]]]]},"properties":{"id":"p-006-004-32000-fo~D2","property_id":"p-006-004-32000-fo","label":"Block D2","score":54,"status":"verified"}},{"type":"Feature","id":180,"geometry":{"type":"Polygon","coordinates":[[[-71.22968,45.21765],[-71.23395,45.21622],[-71.24514,45.21902],[-71.24126,45.22929],[-71.21649,45.22463],[-71.21869,45.21881],[-71.22968,45.21765]]]},"properties":{"id":"p-006-004-32000-fo~C3","property_id":"p-006-004-32000-fo","label":"Block C3","score":54,"status":"verified"}},{"type":"Feature","id":181,"geometry":{"type":"MultiPolygon","coordinates":[[[[-71.1968,45.20657],[-71.19892,45.20933],[-71.19915,45.21992],[-71.19819,45.22118],[-71.19173,45.21996],[-71.1968,45.20657]]],[[[-71.20301,45.22046],[-71.21869,45.21881],[-71.21649,45.22463],[-71.20195,45.22189],[-71.20301,45.22046]]]]},"properties":{"id":"p-006-004-32000-fo~D3","property_id":"p-006-004-32000-fo","label":"Block D3","score":48,"status":"verified"}},{"type":"Feature","id":182,"geometry":{"type":"Polygon","coordinates":[[[-71.18243,45.1861],[-71.18136,45.1847],[-71.17979,45.18365],[-71.17945,45.1833],[-71.17985,45.18259],[-71.18108,45.18178],[-71.18115,45.18243],[-71.18235,45.18544],[-71.18721,45.18731],[-71.18961,45.19719],[-71.1968,45.20657],[-71.19173,45.21996],[-71.18776,45.21922],[-71.18585,45.2055],[-71.18384,45.1957],[-71.18243,45.1861]]]},"properties":{"id":"p-006-004-32000-fo~E3","property_id":"p-006-004-32000-fo","label":"Block E3","score":50,"status":"verified"}},{"type":"Feature","id":183,"geometry":{"type":"Polygon","coordinates":[[[-71.28952,45.05545],[-71.2783,45.06785],[-71.27564,45.06789],[-71.28241,45.04989],[-71.29079,45.05147],[-71.28952,45.05545]]]},"properties":{"id":"p-006-004-32000-fo~C12","property_id":"p-006-004-32000-fo","label":"Block C12","score":39,"status":"verified"}},{"type":"Feature","id":184,"geometry":{"type":"Polygon","coordinates":[[[-71.28241,45.04989],[-71.27564,45.06789],[-71.26187,45.06805],[-71.26131,45.06791],[-71.26092,45.06854],[-71.25989,45.06923],[-71.259,45.0695],[-71.25825,45.06946],[-71.25788,45.06926],[-71.25556,45.0658],[-71.25117,45.06313],[-71.25092,45.06326],[-71.25771,45.04524],[-71.28241,45.04989]]]},"properties":{"id":"p-006-004-32000-fo~D12","property_id":"p-006-004-32000-fo","label":"Block D12","score":43,"status":"verified"}},{"type":"Feature","id":185,"geometry":{"type":"Polygon","coordinates":[[[-71.25771,45.04524],[-71.25092,45.06326],[-71.24497,45.06642],[-71.24002,45.06617],[-71.2365,45.04124],[-71.25771,45.04524]]]},"properties":{"id":"p-006-004-32000-fo~E12","property_id":"p-006-004-32000-fo","label":"Block E12","score":50,"status":"verified"}},{"type":"Feature","id":186,"geometry":{"type":"Polygon","coordinates":[[[-71.26765,45.03328],[-71.26767,45.03412],[-71.26705,45.03432],[-71.2665,45.03496],[-71.26688,45.03495],[-71.26708,45.03474],[-71.2679,45.03449],[-71.26888,45.03433],[-71.26906,45.03413],[-71.26948,45.03457],[-71.2694,45.03406],[-71.26951,45.03391],[-71.27245,45.03279],[-71.27359,45.03263],[-71.27465,45.03282],[-71.27579,45.03329],[-71.27706,45.03405],[-71.27958,45.03491],[-71.28056,45.03538],[-71.28296,45.03588],[-71.28447,45.036],[-71.28569,45.03636],[-71.2863,45.03641],[-71.28653,45.03666],[-71.28615,45.03721],[-71.28614,45.03766],[-71.2891,45.03889],[-71.29017,45.03908],[-71.291,45.03954],[-71.29133,45.04008],[-71.29193,45.04043],[-71.29243,45.04093],[-71.29203,45.04175],[-71.29216,45.04252],[-71.29181,45.04375],[-71.29255,45.04391],[-71.29321,45.04449],[-71.29356,45.04446],[-71.29398,45.04403],[-71.29458,45.04385],[-71.29605,45.044],[-71.29652,45.04442],[-71.29669,45.04562],[-71.29281,45.04512],[-71.29079,45.05147],[-71.25771,45.04524],[-71.26376,45.02916],[-71.26765,45.03328]]]},"properties":{"id":"p-006-004-32000-fo~D13","property_id":"p-006-004-32000-fo","label":"Block D13","score":49,"status":"verified"}},{"type":"Feature","id":187,"geometry":{"type":"Polygon","coordinates":[[[-71.2365,45.04124],[-71.23559,45.03488],[-71.23636,45.03465],[-71.2378,45.03397],[-71.24036,45.03101],[-71.24393,45.02898],[-71.24455,45.02822],[-71.2464,45.02674],[-71.24736,45.02561],[-71.24785,45.02539],[-71.24809,45.02533],[-71.26206,45.02735],[-71.26376,45.02916],[-71.25771,45.04524],[-71.2365,45.04124]]]},"properties":{"id":"p-006-004-32000-fo~E13","property_id":"p-006-004-32000-fo","label":"Block E13","score":52,"status":"verified"}},{"type":"Feature","id":188,"geometry":{"type":"Polygon","coordinates":[[[-71.10806,45.23825],[-71.11069,45.23132],[-71.13545,45.236],[-71.13182,45.24556],[-71.131,45.24642],[-71.13074,45.24741],[-71.12988,45.24846],[-71.13013,45.24977],[-71.12965,45.25008],[-71.12941,45.25071],[-71.12965,45.25129],[-71.1295,45.25167],[-71.129,45.25237],[-71.12827,45.25299],[-71.12794,45.25369],[-71.12693,45.25416],[-71.12642,45.25383],[-71.12563,45.25456],[-71.12495,45.25444],[-71.12412,45.25514],[-71.12379,45.25597],[-71.12425,45.25751],[-71.12395,45.25824],[-71.12235,45.25944],[-71.12409,45.24141],[-71.10806,45.23825]]]},"properties":{"id":"p-006-004-32000-fo-2~C1","property_id":"p-006-004-32000-fo-2","label":"Block C1","score":64,"status":"verified"}},{"type":"Feature","id":189,"geometry":{"type":"Polygon","coordinates":[[[-71.07627,45.23412],[-71.07569,45.22469],[-71.11069,45.23132],[-71.10806,45.23825],[-71.09558,45.23579],[-71.0855,45.24161],[-71.08172,45.23479],[-71.07627,45.23412]]]},"properties":{"id":"p-006-004-32000-fo-2~D1","property_id":"p-006-004-32000-fo-2","label":"Block D1","score":63,"status":"verified"}},{"type":"Feature","id":190,"geometry":{"type":"Polygon","coordinates":[[[-71.18487,45.23191],[-71.18539,45.24429],[-71.18495,45.24503],[-71.18451,45.24484],[-71.18397,45.24489],[-71.18397,45.24358],[-71.18325,45.24339],[-71.18251,45.24247],[-71.18266,45.24217],[-71.18265,45.24157],[-71.1823,45.24126],[-71.18236,45.24057],[-71.18184,45.24016],[-71.18111,45.24013],[-71.1801,45.2399],[-71.17908,45.24108],[-71.17838,45.24133],[-71.17826,45.24196],[-71.17734,45.24304],[-71.17684,45.24397],[-71.1761,45.2442],[-71.17453,45.24542],[-71.17371,45.24566],[-71.1732,45.24625],[-71.17195,45.24596],[-71.17089,45.24594],[-71.17024,45.24649],[-71.16973,45.24636],[-71.16948,45.24658],[-71.16883,45.24622],[-71.16815,45.24697],[-71.16738,45.24701],[-71.16678,45.24741],[-71.16655,45.24776],[-71.16556,45.24846],[-71.16507,45.24902],[-71.16385,45.24886],[-71.1629,45.2496],[-71.16233,45.25032],[-71.15985,45.24876],[-71.15915,45.24878],[-71.15736,45.24822],[-71.16684,45.2232],[-71.18611,45.22683],[-71.18487,45.23191]]]},"properties":{"id":"p-006-004-32000-fo-2~A2","property_id":"p-006-004-32000-fo-2","label":"Block A2","score":66,"status":"verified"}},{"type":"Feature","id":191,"geometry":{"type":"Polygon","coordinates":[[[-71.16684,45.2232],[-71.16022,45.24067],[-71.13545,45.236],[-71.14208,45.21853],[-71.16684,45.2232]]]},"properties":{"id":"p-006-004-32000-fo-2~B2","property_id":"p-006-004-32000-fo-2","label":"Block B2","score":56,"status":"verified"}},{"type":"Feature","id":192,"geometry":{"type":"MultiPolygon","coordinates":[[[[-71.15706,45.24815],[-71.15686,45.24795],[-71.15715,45.24743],[-71.15621,45.2474],[-71.15572,45.24689],[-71.15598,45.24642],[-71.15521,45.24639],[-71.15477,45.24604],[-71.1537,45.24574],[-71.15257,45.24487],[-71.15155,45.24443],[-71.15077,45.24373],[-71.15003,45.24361],[-71.14945,45.24337],[-71.14804,45.24243],[-71.14784,45.24147],[-71.14742,45.24114],[-71.14737,45.24088],[-71.14776,45.2406],[-71.14832,45.23968],[-71.14807,45.23945],[-71.14758,45.23939],[-71.14627,45.23967],[-71.14648,45.24018],[-71.14578,45.24117],[-71.14363,45.24247],[-71.14151,45.2425],[-71.1404,45.24274],[-71.13931,45.24275],[-71.13822,45.2435],[-71.1371,45.24382],[-71.1357,45.24369],[-71.13492,45.24377],[-71.13294,45.24446],[-71.13182,45.24556],[-71.13545,45.236],[-71.16022,45.24067],[-71.15736,45.24822],[-71.15706,45.24815]]],[[[-71.1297,45.2514],[-71.1295,45.25167],[-71.12965,45.25129],[-71.1297,45.2514]]]]},"properties":{"id":"p-006-004-32000-fo-2~B2-2","property_id":"p-006-004-32000-fo-2","label":"Block B2-2","score":65,"status":"verified"}},{"type":"Feature","id":193,"geometry":{"type":"Polygon","coordinates":[[[-71.14208,45.21853],[-71.13545,45.236],[-71.11069,45.23132],[-71.11733,45.21385],[-71.14208,45.21853]]]},"properties":{"id":"p-006-004-32000-fo-2~C2","property_id":"p-006-004-32000-fo-2","label":"Block C2","score":65,"status":"verified"}},{"type":"Feature","id":194,"geometry":{"type":"Polygon","coordinates":[[[-71.11733,45.21385],[-71.11069,45.23132],[-71.08593,45.22663],[-71.09257,45.20916],[-71.11733,45.21385]]]},"properties":{"id":"p-006-004-32000-fo-2~D2","property_id":"p-006-004-32000-fo-2","label":"Block D2","score":54,"status":"verified"}},{"type":"Feature","id":195,"geometry":{"type":"Polygon","coordinates":[[[-71.07569,45.22469],[-71.07458,45.20575],[-71.09257,45.20916],[-71.08593,45.22663],[-71.07569,45.22469]]]},"properties":{"id":"p-006-004-32000-fo-2~E2","property_id":"p-006-004-32000-fo-2","label":"Block E2","score":61,"status":"verified"}},{"type":"Feature","id":196,"geometry":{"type":"Polygon","coordinates":[[[-71.17346,45.20573],[-71.16684,45.2232],[-71.14208,45.21853],[-71.14871,45.20105],[-71.17346,45.20573]]]},"properties":{"id":"p-006-004-32000-fo-2~B3","property_id":"p-006-004-32000-fo-2","label":"Block B3","score":42,"status":"verified"}},{"type":"Feature","id":197,"geometry":{"type":"Polygon","coordinates":[[[-71.124,45.19638],[-71.14871,45.20105],[-71.14208,45.21853],[-71.11733,45.21385],[-71.124,45.19638]]]},"properties":{"id":"p-006-004-32000-fo-2~C3","property_id":"p-006-004-32000-fo-2","label":"Block C3","score":67,"status":"verified"}},{"type":"Feature","id":198,"geometry":{"type":"Polygon","coordinates":[[[-71.11546,45.19611],[-71.1162,45.19716],[-71.11736,45.19786],[-71.12259,45.19727],[-71.12394,45.19642],[-71.11733,45.21385],[-71.09257,45.20916],[-71.09921,45.19169],[-71.11496,45.19467],[-71.11522,45.195],[-71.11546,45.19611]]]},"properties":{"id":"p-006-004-32000-fo-2~D3","property_id":"p-006-004-32000-fo-2","label":"Block D3","score":54,"status":"verified"}},{"type":"Feature","id":199,"geometry":{"type":"Polygon","coordinates":[[[-71.07458,45.20575],[-71.07444,45.20365],[-71.09669,45.19121],[-71.09921,45.19169],[-71.09257,45.20916],[-71.07458,45.20575]]]},"properties":{"id":"p-006-004-32000-fo-2~E3","property_id":"p-006-004-32000-fo-2","label":"Block E3","score":65,"status":"verified"}},{"type":"Feature","id":200,"geometry":{"type":"Polygon","coordinates":[[[-71.18384,45.1957],[-71.18585,45.2055],[-71.18622,45.20813],[-71.17346,45.20573],[-71.18008,45.18825],[-71.18282,45.18877],[-71.18384,45.1957]]]},"properties":{"id":"p-006-004-32000-fo-2~A4","property_id":"p-006-004-32000-fo-2","label":"Block A4","score":54,"status":"verified"}},{"type":"Feature","id":201,"geometry":{"type":"Polygon","coordinates":[[[-71.18787,45.21999],[-71.18611,45.22683],[-71.16684,45.2232],[-71.17346,45.20573],[-71.18622,45.20813],[-71.18787,45.21999]]]},"properties":{"id":"p-006-004-32000-fo-2~A4-2","property_id":"p-006-004-32000-fo-2","label":"Block A4-2","score":55,"status":"verified"}},{"type":"Feature","id":202,"geometry":{"type":"Polygon","coordinates":[[[-71.18008,45.18825],[-71.17346,45.20573],[-71.14871,45.20105],[-71.15533,45.18358],[-71.18008,45.18825]]]},"properties":{"id":"p-006-004-32000-fo-2~B4","property_id":"p-006-004-32000-fo-2","label":"Block B4","score":47,"status":"verified"}},{"type":"Feature","id":203,"geometry":{"type":"Polygon","coordinates":[[[-71.124,45.19638],[-71.12559,45.19539],[-71.1314,45.19345],[-71.13647,45.19504],[-71.14282,45.19526],[-71.15024,45.19029],[-71.14958,45.18772],[-71.14923,45.18746],[-71.14786,45.18784],[-71.14673,45.18715],[-71.14668,45.18702],[-71.14691,45.18681],[-71.14675,45.18666],[-71.14491,45.18618],[-71.14414,45.18609],[-71.14269,45.18632],[-71.14203,45.18686],[-71.14157,45.18699],[-71.1414,45.18739],[-71.14165,45.18832],[-71.14247,45.18847],[-71.14325,45.18936],[-71.14423,45.18989],[-71.14423,45.19043],[-71.14389,45.18996],[-71.14261,45.18927],[-71.1413,45.189],[-71.14087,45.18875],[-71.14052,45.18875],[-71.14015,45.18892],[-71.14012,45.18921],[-71.13977,45.18937],[-71.14043,45.18955],[-71.14021,45.18974],[-71.14061,45.18993],[-71.14058,45.1903],[-71.14012,45.19014],[-71.14012,45.19039],[-71.13956,45.19042],[-71.13942,45.19075],[-71.1391,45.19037],[-71.13895,45.19046],[-71.13899,45.19088],[-71.13876,45.19083],[-71.1387,45.19063],[-71.13831,45.19087],[-71.13811,45.1906],[-71.13776,45.19078],[-71.13764,45.19049],[-71.13783,45.19024],[-71.13747,45.19014],[-71.13733,45.19016],[-71.13716,45.1905],[-71.13648,45.19014],[-71.13625,45.1904],[-71.13567,45.1904],[-71.13529,45.19027],[-71.13474,45.19035],[-71.13458,45.19021],[-71.13437,45.19049],[-71.13405,45.19037],[-71.13391,45.19075],[-71.13348,45.19077],[-71.13323,45.19063],[-71.13298,45.19072],[-71.13258,45.19058],[-71.13277,45.19033],[-71.13262,45.18995],[-71.13066,45.18899],[-71.12991,45.18906],[-71.12955,45.18946],[-71.12932,45.18949],[-71.129,45.18872],[-71.1286,45.18855],[-71.1284,45.1883],[-71.12817,45.1885],[-71.12732,45.18849],[-71.12737,45.18865],[-71.12775,45.1887],[-71.12778,45.18882],[-71.12721,45.18921],[-71.12723,45.1895],[-71.12663,45.18965],[-71.12654,45.18957],[-71.13059,45.1789],[-71.15533,45.18358],[-71.14871,45.20105],[-71.124,45.19638]]]},"properties":{"id":"p-006-004-32000-fo-2~C4","property_id":"p-006-004-32000-fo-2","label":"Block C4","score":51,"status":"verified"}},{"type":"Feature","id":204,"geometry":{"type":"Polygon","coordinates":[[[-71.16458,45.17337],[-71.16469,45.17354],[-71.16493,45.17357],[-71.16527,45.17345],[-71.16506,45.17319],[-71.16529,45.17301],[-71.16508,45.17244],[-71.16568,45.17101],[-71.16609,45.17063],[-71.16672,45.17047],[-71.16735,45.17058],[-71.16767,45.17053],[-71.16865,45.17013],[-71.16926,45.16978],[-71.16963,45.16933],[-71.17029,45.16918],[-71.17091,45.16876],[-71.17174,45.16856],[-71.17248,45.16882],[-71.1726,45.16838],[-71.17294,45.16822],[-71.17338,45.16832],[-71.17346,45.16848],[-71.17323,45.16902],[-71.17591,45.16934],[-71.17626,45.16983],[-71.17749,45.1704],[-71.17777,45.1714],[-71.17743,45.17166],[-71.17694,45.1731],[-71.17729,45.17355],[-71.17725,45.17542],[-71.17758,45.17572],[-71.17762,45.17639],[-71.17695,45.17848],[-71.17625,45.17922],[-71.17594,45.18013],[-71.17522,45.18115],[-71.17522,45.18301],[-71.17476,45.18405],[-71.17383,45.18504],[-71.17401,45.18536],[-71.1739,45.18585],[-71.17429,45.18573],[-71.17489,45.18523],[-71.17527,45.18534],[-71.1756,45.1858],[-71.17586,45.18589],[-71.17666,45.18531],[-71.17696,45.18527],[-71.17706,45.18552],[-71.17624,45.18629],[-71.17653,45.18639],[-71.17683,45.18632],[-71.17736,45.18599],[-71.17771,45.18595],[-71.17951,45.18429],[-71.18077,45.1843],[-71.18136,45.1847],[-71.18243,45.1861],[-71.18282,45.18877],[-71.15533,45.18358],[-71.15908,45.17369],[-71.16458,45.17337]],[[-71.16337,45.17803],[-71.16285,45.1777],[-71.16212,45.1784],[-71.16269,45.17871],[-71.16337,45.17803]]]},"properties":{"id":"p-006-004-32000-fo-2~B5","property_id":"p-006-004-32000-fo-2","label":"Block B5","score":38,"status":"verified"}},{"type":"Feature","id":205,"geometry":{"type":"Polygon","coordinates":[[[-71.14713,45.17437],[-71.15908,45.17369],[-71.15533,45.18358],[-71.13059,45.1789],[-71.13365,45.17083],[-71.14713,45.17437]]]},"properties":{"id":"p-006-004-32000-fo-2~C5","property_id":"p-006-004-32000-fo-2","label":"Block C5","score":51,"status":"verified"}},{"type":"Feature","id":206,"geometry":{"type":"Polygon","coordinates":[[[-71.13365,45.17083],[-71.13059,45.1789],[-71.09926,45.17298],[-71.11781,45.16667],[-71.13365,45.17083]]]},"properties":{"id":"p-006-004-32000-fo-2~D5","property_id":"p-006-004-32000-fo-2","label":"Block D5","score":46,"status":"verified"}},{"type":"Feature","id":207,"geometry":{"type":"Polygon","coordinates":[[[-71.09926,45.17298],[-71.13059,45.1789],[-71.12654,45.18957],[-71.12639,45.1893],[-71.12602,45.18914],[-71.12602,45.18936],[-71.12631,45.18949],[-71.12628,45.18961],[-71.1257,45.18982],[-71.12579,45.18951],[-71.12566,45.18943],[-71.12531,45.18942],[-71.12523,45.18963],[-71.12495,45.18969],[-71.12489,45.18934],[-71.12468,45.1893],[-71.12453,45.18936],[-71.12465,45.18952],[-71.12453,45.18969],[-71.12445,45.18953],[-71.12428,45.18953],[-71.12418,45.18979],[-71.12383,45.18969],[-71.1238,45.18998],[-71.12332,45.18995],[-71.12329,45.19027],[-71.12293,45.19015],[-71.12261,45.19021],[-71.12279,45.19062],[-71.1227,45.19075],[-71.12238,45.19076],[-71.12227,45.19058],[-71.1221,45.19078],[-71.12166,45.19076],[-71.12143,45.19101],[-71.12119,45.19051],[-71.121,45.19045],[-71.12044,45.19101],[-71.12041,45.19146],[-71.1196,45.19212],[-71.11847,45.19094],[-71.11411,45.19263],[-71.11419,45.19374],[-71.11496,45.19467],[-71.09669,45.19121],[-71.1011,45.18875],[-71.09466,45.17454],[-71.09926,45.17298]]]},"properties":{"id":"p-006-004-32000-fo-2~D5-2","property_id":"p-006-004-32000-fo-2","label":"Block D5-2","score":47,"status":"verified"}},{"type":"Feature","id":208,"geometry":{"type":"Polygon","coordinates":[[[-71.30617,44.92257],[-71.28764,44.90561],[-71.31096,44.91],[-71.30966,44.91348],[-71.30862,44.91334],[-71.30826,44.9147],[-71.30915,44.91483],[-71.30748,44.91926],[-71.30706,44.9192],[-71.30617,44.92257]]]},"properties":{"id":"p-014-002~C1","property_id":"p-014-002","label":"Block C1","score":57,"status":"unknown"}},{"type":"Feature","id":209,"geometry":{"type":"MultiPolygon","coordinates":[[[[-71.31683,44.89686],[-71.31562,44.89757],[-71.31751,44.89254],[-71.31992,44.89299],[-71.31951,44.89398],[-71.31848,44.89548],[-71.31683,44.89686]]],[[[-71.34171,44.90344],[-71.33148,44.90203],[-71.33276,44.8974],[-71.34291,44.89876],[-71.34171,44.90344]]],[[[-71.32499,44.89467],[-71.3233,44.89609],[-71.32289,44.89603],[-71.3216,44.90071],[-71.33147,44.90203],[-71.3276,44.9159],[-71.30966,44.91348],[-71.31278,44.90516],[-71.31392,44.90626],[-71.3135,44.90803],[-71.3123,44.90887],[-71.3136,44.91155],[-71.31506,44.91121],[-71.31412,44.90912],[-71.31493,44.90855],[-71.31558,44.90603],[-71.31358,44.90403],[-71.31604,44.90061],[-71.31659,44.89843],[-71.31768,44.8978],[-71.3198,44.89616],[-71.321,44.89439],[-71.32144,44.89328],[-71.32488,44.89392],[-71.32499,44.89467]]],[[[-71.34774,44.92388],[-71.3459,44.92497],[-71.34698,44.92051],[-71.34839,44.92072],[-71.34924,44.91789],[-71.35894,44.91923],[-71.35901,44.92027],[-71.35842,44.92222],[-71.3583,44.9222],[-71.35665,44.92899],[-71.35616,44.92782],[-71.35516,44.92613],[-71.35472,44.92554],[-71.35382,44.92488],[-71.34856,44.92374],[-71.34774,44.92388]]],[[[-71.30915,44.91483],[-71.31589,44.91585],[-71.31475,44.92032],[-71.30748,44.91926],[-71.30915,44.91483]]]]},"properties":{"id":"p-014-002~B2","property_id":"p-014-002","label":"Block B2","score":47,"status":"unknown"}},{"type":"Feature","id":210,"geometry":{"type":"Polygon","coordinates":[[[-71.28658,44.90463],[-71.29286,44.88789],[-71.31751,44.89254],[-71.31562,44.89757],[-71.31518,44.89784],[-71.31457,44.9002],[-71.31173,44.90417],[-71.31278,44.90516],[-71.31096,44.91],[-71.28764,44.90561],[-71.28658,44.90463]]]},"properties":{"id":"p-014-002~C2","property_id":"p-014-002","label":"Block C2","score":52,"status":"unknown"}},{"type":"Feature","id":211,"geometry":{"type":"Polygon","coordinates":[[[-71.28658,44.90463],[-71.28112,44.89964],[-71.28199,44.89915],[-71.28119,44.89848],[-71.28117,44.89807],[-71.28143,44.89769],[-71.2814,44.89684],[-71.28201,44.89596],[-71.28204,44.89525],[-71.28173,44.89395],[-71.28198,44.89284],[-71.28161,44.89129],[-71.2817,44.88934],[-71.27979,44.88562],[-71.28043,44.88555],[-71.29286,44.88789],[-71.28658,44.90463]]]},"properties":{"id":"p-014-002~D2","property_id":"p-014-002","label":"Block D2","score":48,"status":"unknown"}},{"type":"Feature","id":212,"geometry":{"type":"MultiPolygon","coordinates":[[[[-71.30296,44.8731],[-71.3018,44.87366],[-71.30177,44.87389],[-71.29947,44.87578],[-71.29741,44.87578],[-71.29942,44.87043],[-71.30421,44.87133],[-71.30367,44.87206],[-71.30292,44.87266],[-71.30296,44.8731]]],[[[-71.32991,44.87617],[-71.32458,44.87808],[-71.32416,44.87941],[-71.32431,44.88003],[-71.32252,44.88042],[-71.321,44.88101],[-71.31845,44.88159],[-71.31729,44.88206],[-71.31788,44.88141],[-71.3183,44.88046],[-71.31949,44.87932],[-71.31966,44.87864],[-71.31947,44.87738],[-71.32068,44.87443],[-71.32991,44.87617]]],[[[-71.30173,44.87615],[-71.30311,44.87498],[-71.3049,44.87374],[-71.30493,44.87356],[-71.30549,44.8738],[-71.30704,44.87366],[-71.30801,44.87323],[-71.3093,44.87229],[-71.31983,44.87427],[-71.31904,44.87647],[-71.31865,44.87711],[-71.31872,44.87857],[-71.31855,44.87919],[-71.31735,44.88032],[-71.31693,44.88125],[-71.31596,44.88235],[-71.31583,44.88286],[-71.316,44.88306],[-71.31703,44.88317],[-71.31849,44.88231],[-71.3215,44.88164],[-71.32295,44.88104],[-71.32416,44.88078],[-71.32582,44.88084],[-71.32679,44.88161],[-71.3262,44.88207],[-71.32649,44.88233],[-71.32651,44.88281],[-71.32605,44.88476],[-71.32562,44.88571],[-71.32572,44.88709],[-71.3255,44.88778],[-71.32509,44.88818],[-71.32489,44.88869],[-71.32499,44.88901],[-71.32555,44.88965],[-71.32557,44.88991],[-71.32495,44.89174],[-71.32472,44.89323],[-71.32488,44.89392],[-71.32144,44.89328],[-71.32311,44.88905],[-71.32317,44.88573],[-71.3216,44.88574],[-71.32151,44.88888],[-71.31992,44.89299],[-71.29286,44.88789],[-71.29669,44.87771],[-71.29669,44.87916],[-71.30256,44.87916],[-71.30258,44.87651],[-71.30173,44.87615]]]]},"properties":{"id":"p-014-002~C3","property_id":"p-014-002","label":"Block C3","score":39,"status":"unknown"}},{"type":"Feature","id":213,"geometry":{"type":"Polygon","coordinates":[[[-71.28119,44.88546],[-71.28387,44.88363],[-71.28625,44.88261],[-71.28762,44.87963],[-71.28838,44.87932],[-71.28996,44.87742],[-71.29009,44.87673],[-71.28901,44.87655],[-71.28905,44.87647],[-71.29037,44.87506],[-71.29175,44.87441],[-71.29279,44.87355],[-71.2941,44.87185],[-71.29446,44.87099],[-71.2945,44.8702],[-71.29424,44.86976],[-71.29438,44.86948],[-71.29942,44.87043],[-71.29741,44.87578],[-71.29668,44.87578],[-71.29669,44.87771],[-71.29286,44.88789],[-71.28043,44.88555],[-71.28119,44.88546]]]},"properties":{"id":"p-014-002~D3","property_id":"p-014-002","label":"Block D3","score":55,"status":"unknown"}},{"type":"Feature","id":214,"geometry":{"type":"MultiPolygon","coordinates":[[[[-71.34885,44.87121],[-71.3485,44.8711],[-71.34709,44.87109],[-71.34715,44.86947],[-71.34597,44.8692],[-71.34442,44.868],[-71.34289,44.86728],[-71.3404,44.86811],[-71.33938,44.86729],[-71.33822,44.86681],[-71.33823,44.86666],[-71.33741,44.86613],[-71.33723,44.86563],[-71.33694,44.86557],[-71.33615,44.86591],[-71.33614,44.8655],[-71.33696,44.86538],[-71.33714,44.86508],[-71.33632,44.86411],[-71.33553,44.86431],[-71.33493,44.86407],[-71.33384,44.86447],[-71.33336,44.86434],[-71.33003,44.86221],[-71.33151,44.85777],[-71.35231,44.86169],[-71.34972,44.87156],[-71.349,44.87167],[-71.34885,44.87121]]],[[[-71.33144,44.87058],[-71.33015,44.86912],[-71.32936,44.86874],[-71.33158,44.86781],[-71.33506,44.86797],[-71.33675,44.86656],[-71.33911,44.86747],[-71.33997,44.86812],[-71.34046,44.86892],[-71.34104,44.87098],[-71.3415,44.87143],[-71.34232,44.87191],[-71.32991,44.87617],[-71.32406,44.87507],[-71.32532,44.87172],[-71.32748,44.87189],[-71.32883,44.87176],[-71.33144,44.87058]]]]},"properties":{"id":"p-014-002~B4","property_id":"p-014-002","label":"Block B4","score":54,"status":"unknown"}},{"type":"Feature","id":215,"geometry":{"type":"MultiPolygon","coordinates":[[[[-71.30312,44.86243],[-71.30328,44.86207],[-71.30262,44.86195],[-71.30622,44.85951],[-71.30757,44.85919],[-71.31038,44.85809],[-71.31166,44.85661],[-71.31258,44.85614],[-71.31411,44.86076],[-71.31786,44.86286],[-71.31454,44.86523],[-71.31247,44.86554],[-71.30971,44.86651],[-71.30799,44.8669],[-71.30758,44.8669],[-71.30616,44.86674],[-71.30386,44.86675],[-71.30196,44.866],[-71.30123,44.86542],[-71.30082,44.86477],[-71.29974,44.86439],[-71.30129,44.86342],[-71.30241,44.86311],[-71.30312,44.86243]]],[[[-71.30183,44.86626],[-71.30037,44.86708],[-71.30043,44.86742],[-71.30148,44.86869],[-71.30488,44.87041],[-71.30421,44.87133],[-71.29438,44.86948],[-71.29557,44.86764],[-71.29722,44.86658],[-71.29942,44.86468],[-71.30045,44.86498],[-71.30099,44.8657],[-71.30183,44.86626]]],[[[-71.32068,44.87443],[-71.32157,44.87326],[-71.32159,44.87294],[-71.321,44.87198],[-71.32442,44.87071],[-71.32532,44.87172],[-71.32406,44.87507],[-71.32068,44.87443]]],[[[-71.31049,44.87134],[-71.31214,44.87118],[-71.31349,44.87082],[-71.31488,44.87075],[-71.31637,44.8702],[-71.31927,44.87055],[-71.32001,44.87124],[-71.32008,44.87235],[-71.32059,44.8729],[-71.32056,44.87327],[-71.31983,44.87427],[-71.3093,44.87229],[-71.31054,44.87221],[-71.31049,44.87134]]]]},"properties":{"id":"p-014-002~C4","property_id":"p-014-002","label":"Block C4","score":48,"status":"unknown"}},{"type":"Feature","id":216,"geometry":{"type":"Polygon","coordinates":[[[-71.33169,44.85725],[-71.33224,44.85731],[-71.33325,44.85607],[-71.33312,44.85516],[-71.33344,44.85453],[-71.33326,44.85357],[-71.33255,44.85242],[-71.33583,44.84365],[-71.33646,44.8444],[-71.33669,44.84699],[-71.33992,44.84992],[-71.34496,44.853],[-71.34638,44.84821],[-71.35553,44.84949],[-71.35231,44.86169],[-71.33151,44.85777],[-71.33169,44.85725]]]},"properties":{"id":"p-014-002~B5","property_id":"p-014-002","label":"Block B5","score":55,"status":"unknown"}},{"type":"Feature","id":217,"geometry":{"type":"Polygon","coordinates":[[[-71.33255,44.85242],[-71.33192,44.85154],[-71.33149,44.85148],[-71.3307,44.8511],[-71.32961,44.85033],[-71.32862,44.85022],[-71.32705,44.8492],[-71.32646,44.84928],[-71.32562,44.84983],[-71.3245,44.84994],[-71.323,44.84861],[-71.32267,44.84848],[-71.32285,44.84793],[-71.32185,44.84789],[-71.32124,44.84733],[-71.3202,44.84744],[-71.31984,44.84542],[-71.31949,44.84519],[-71.31957,44.84473],[-71.31917,44.84453],[-71.31909,44.84417],[-71.3193,44.84297],[-71.31783,44.84099],[-71.31798,44.83947],[-71.31851,44.83857],[-71.31848,44.83802],[-71.31878,44.83668],[-71.3209,44.83739],[-71.32228,44.83761],[-71.32314,44.83807],[-71.32441,44.83842],[-71.32532,44.83856],[-71.32613,44.8385],[-71.3276,44.8391],[-71.33006,44.83942],[-71.33105,44.83995],[-71.33169,44.83964],[-71.33326,44.84077],[-71.33566,44.84344],[-71.33583,44.84365],[-71.33255,44.85242]]]},"properties":{"id":"p-014-002~C5","property_id":"p-014-002","label":"Block C5","score":47,"status":"unknown"}},{"type":"Feature","id":218,"geometry":{"type":"Polygon","coordinates":[[[-71.09499,44.97256],[-71.06841,44.97292],[-71.07685,44.95065],[-71.10151,44.95533],[-71.09499,44.97256]]]},"properties":{"id":"p-016-001~C1","property_id":"p-016-001","label":"Block C1","score":67,"status":"verified"}},{"type":"Feature","id":219,"geometry":{"type":"Polygon","coordinates":[[[-71.05664,44.97301],[-71.05409,44.94632],[-71.07685,44.95065],[-71.06841,44.97292],[-71.05664,44.97301]]]},"properties":{"id":"p-016-001~D1","property_id":"p-016-001","label":"Block D1","score":67,"status":"verified"}},{"type":"Feature","id":220,"geometry":{"type":"Polygon","coordinates":[[[-71.15431,44.94664],[-71.15011,44.96455],[-71.12617,44.96001],[-71.13278,44.94255],[-71.15431,44.94664]]]},"properties":{"id":"p-016-001~A2","property_id":"p-016-001","label":"Block A2","score":49,"status":"verified"}},{"type":"Feature","id":221,"geometry":{"type":"Polygon","coordinates":[[[-71.15011,44.96455],[-71.14879,44.9701],[-71.12185,44.97143],[-71.12617,44.96001],[-71.15011,44.96455]]]},"properties":{"id":"p-016-001~A2-2","property_id":"p-016-001","label":"Block A2-2","score":54,"status":"verified"}},{"type":"Feature","id":222,"geometry":{"type":"Polygon","coordinates":[[[-71.13278,44.94255],[-71.12617,44.96001],[-71.10151,44.95533],[-71.10812,44.93788],[-71.13278,44.94255]]]},"properties":{"id":"p-016-001~B2","property_id":"p-016-001","label":"Block B2","score":69,"status":"verified"}},{"type":"Feature","id":223,"geometry":{"type":"Polygon","coordinates":[[[-71.12185,44.97143],[-71.10132,44.97247],[-71.09499,44.97256],[-71.10151,44.95533],[-71.12617,44.96001],[-71.12185,44.97143]]]},"properties":{"id":"p-016-001~B2-2","property_id":"p-016-001","label":"Block B2-2","score":62,"status":"verified"}},{"type":"Feature","id":224,"geometry":{"type":"Polygon","coordinates":[[[-71.10812,44.93788],[-71.10151,44.95533],[-71.07685,44.95065],[-71.08347,44.93319],[-71.10812,44.93788]]]},"properties":{"id":"p-016-001~C2","property_id":"p-016-001","label":"Block C2","score":66,"status":"verified"}},{"type":"Feature","id":225,"geometry":{"type":"Polygon","coordinates":[[[-71.05409,44.94632],[-71.0523,44.92726],[-71.08347,44.93319],[-71.07685,44.95065],[-71.05409,44.94632]]]},"properties":{"id":"p-016-001~D2","property_id":"p-016-001","label":"Block D2","score":59,"status":"verified"}},{"type":"Feature","id":226,"geometry":{"type":"Polygon","coordinates":[[[-71.15852,44.92872],[-71.15431,44.94664],[-71.13278,44.94255],[-71.13938,44.92509],[-71.15852,44.92872]]]},"properties":{"id":"p-016-001~A3","property_id":"p-016-001","label":"Block A3","score":71,"status":"verified"}},{"type":"Feature","id":227,"geometry":{"type":"Polygon","coordinates":[[[-71.13938,44.92509],[-71.13278,44.94255],[-71.10812,44.93788],[-71.11473,44.92042],[-71.13938,44.92509]]]},"properties":{"id":"p-016-001~B3","property_id":"p-016-001","label":"Block B3","score":66,"status":"verified"}},{"type":"Feature","id":228,"geometry":{"type":"Polygon","coordinates":[[[-71.11473,44.92042],[-71.10812,44.93788],[-71.08347,44.93319],[-71.09008,44.91574],[-71.11473,44.92042]]]},"properties":{"id":"p-016-001~C3","property_id":"p-016-001","label":"Block C3","score":58,"status":"verified"}},{"type":"Feature","id":229,"geometry":{"type":"Polygon","coordinates":[[[-71.09008,44.91574],[-71.08347,44.93319],[-71.05882,44.92851],[-71.06544,44.91105],[-71.09008,44.91574]]]},"properties":{"id":"p-016-001~D3","property_id":"p-016-001","label":"Block D3","score":63,"status":"verified"}},{"type":"Feature","id":230,"geometry":{"type":"Polygon","coordinates":[[[-71.0523,44.92726],[-71.0505,44.90821],[-71.06544,44.91105],[-71.05882,44.92851],[-71.0523,44.92726]]]},"properties":{"id":"p-016-001~E3","property_id":"p-016-001","label":"Block E3","score":63,"status":"verified"}},{"type":"Feature","id":231,"geometry":{"type":"Polygon","coordinates":[[[-71.16274,44.91081],[-71.15852,44.92872],[-71.13938,44.92509],[-71.14598,44.90763],[-71.16274,44.91081]]]},"properties":{"id":"p-016-001~A4","property_id":"p-016-001","label":"Block A4","score":52,"status":"verified"}},{"type":"Feature","id":232,"geometry":{"type":"Polygon","coordinates":[[[-71.14598,44.90763],[-71.13938,44.92509],[-71.11473,44.92042],[-71.12133,44.90296],[-71.14598,44.90763]]]},"properties":{"id":"p-016-001~B4","property_id":"p-016-001","label":"Block B4","score":66,"status":"verified"}},{"type":"Feature","id":233,"geometry":{"type":"Polygon","coordinates":[[[-71.12133,44.90296],[-71.11473,44.92042],[-71.09008,44.91574],[-71.09669,44.89828],[-71.12133,44.90296]]]},"properties":{"id":"p-016-001~C4","property_id":"p-016-001","label":"Block C4","score":66,"status":"verified"}},{"type":"Feature","id":234,"geometry":{"type":"Polygon","coordinates":[[[-71.09669,44.89828],[-71.09008,44.91574],[-71.06544,44.91105],[-71.07206,44.89359],[-71.09669,44.89828]]]},"properties":{"id":"p-016-001~D4","property_id":"p-016-001","label":"Block D4","score":60,"status":"verified"}},{"type":"Feature","id":235,"geometry":{"type":"Polygon","coordinates":[[[-71.0505,44.90821],[-71.04882,44.88917],[-71.07206,44.89359],[-71.06544,44.91105],[-71.0505,44.90821]]]},"properties":{"id":"p-016-001~E4","property_id":"p-016-001","label":"Block E4","score":59,"status":"verified"}},{"type":"Feature","id":236,"geometry":{"type":"Polygon","coordinates":[[[-71.16701,44.89291],[-71.16274,44.91081],[-71.14598,44.90763],[-71.15257,44.89017],[-71.16701,44.89291]]]},"properties":{"id":"p-016-001~A5","property_id":"p-016-001","label":"Block A5","score":62,"status":"verified"}},{"type":"Feature","id":237,"geometry":{"type":"Polygon","coordinates":[[[-71.15257,44.89017],[-71.14598,44.90763],[-71.12133,44.90296],[-71.12793,44.8855],[-71.15257,44.89017]]]},"properties":{"id":"p-016-001~B5","property_id":"p-016-001","label":"Block B5","score":68,"status":"verified"}},{"type":"Feature","id":238,"geometry":{"type":"Polygon","coordinates":[[[-71.12793,44.8855],[-71.12133,44.90296],[-71.09669,44.89828],[-71.1033,44.88082],[-71.12793,44.8855]]]},"properties":{"id":"p-016-001~C5","property_id":"p-016-001","label":"Block C5","score":59,"status":"verified"}},{"type":"Feature","id":239,"geometry":{"type":"Polygon","coordinates":[[[-71.1033,44.88082],[-71.09669,44.89828],[-71.07206,44.89359],[-71.07867,44.87614],[-71.1033,44.88082]]]},"properties":{"id":"p-016-001~D5","property_id":"p-016-001","label":"Block D5","score":58,"status":"verified"}},{"type":"Feature","id":240,"geometry":{"type":"Polygon","coordinates":[[[-71.04882,44.88917],[-71.04714,44.87014],[-71.07867,44.87614],[-71.07206,44.89359],[-71.04882,44.88917]]]},"properties":{"id":"p-016-001~E5","property_id":"p-016-001","label":"Block E5","score":64,"status":"verified"}},{"type":"Feature","id":241,"geometry":{"type":"Polygon","coordinates":[[[-71.17133,44.87504],[-71.16701,44.89291],[-71.15257,44.89017],[-71.15916,44.87272],[-71.17133,44.87504]]]},"properties":{"id":"p-016-001~A6","property_id":"p-016-001","label":"Block A6","score":53,"status":"verified"}},{"type":"Feature","id":242,"geometry":{"type":"Polygon","coordinates":[[[-71.15916,44.87272],[-71.15257,44.89017],[-71.12793,44.8855],[-71.13453,44.86804],[-71.15916,44.87272]]]},"properties":{"id":"p-016-001~B6","property_id":"p-016-001","label":"Block B6","score":62,"status":"verified"}},{"type":"Feature","id":243,"geometry":{"type":"Polygon","coordinates":[[[-71.13453,44.86804],[-71.12793,44.8855],[-71.1033,44.88082],[-71.1099,44.86337],[-71.13453,44.86804]]]},"properties":{"id":"p-016-001~C6","property_id":"p-016-001","label":"Block C6","score":62,"status":"verified"}},{"type":"Feature","id":244,"geometry":{"type":"Polygon","coordinates":[[[-71.11115,44.86006],[-71.1033,44.88082],[-71.07867,44.87614],[-71.08428,44.86131],[-71.11115,44.86006]]]},"properties":{"id":"p-016-001~D6","property_id":"p-016-001","label":"Block D6","score":61,"status":"verified"}},{"type":"Feature","id":245,"geometry":{"type":"Polygon","coordinates":[[[-71.04675,44.86313],[-71.08428,44.86131],[-71.07867,44.87614],[-71.04714,44.87014],[-71.04675,44.86313]]]},"properties":{"id":"p-016-001~E6","property_id":"p-016-001","label":"Block E6","score":58,"status":"verified"}},{"type":"Feature","id":246,"geometry":{"type":"Polygon","coordinates":[[[-71.17532,44.85707],[-71.17133,44.87502],[-71.15916,44.87272],[-71.16488,44.85756],[-71.17532,44.85707]]]},"properties":{"id":"p-016-001~A7","property_id":"p-016-001","label":"Block A7","score":64,"status":"verified"}},{"type":"Feature","id":247,"geometry":{"type":"Polygon","coordinates":[[[-71.13802,44.85882],[-71.16488,44.85756],[-71.15916,44.87272],[-71.13453,44.86804],[-71.13802,44.85882]]]},"properties":{"id":"p-016-001~B7","property_id":"p-016-001","label":"Block B7","score":61,"status":"verified"}},{"type":"Feature","id":248,"geometry":{"type":"Polygon","coordinates":[[[-71.13802,44.85882],[-71.13453,44.86804],[-71.1099,44.86337],[-71.11115,44.86006],[-71.13802,44.85882]]]},"properties":{"id":"p-016-001~C7","property_id":"p-016-001","label":"Block C7","score":53,"status":"verified"}},{"type":"Feature","id":249,"geometry":{"type":"Polygon","coordinates":[[[-71.49015,44.8261],[-71.48859,44.83096],[-71.47754,44.82954],[-71.47609,44.83454],[-71.46567,44.83301],[-71.46395,44.83829],[-71.45405,44.83695],[-71.45696,44.82656],[-71.46718,44.82802],[-71.46853,44.82287],[-71.46495,44.82241],[-71.46567,44.81945],[-71.485,44.82307],[-71.48452,44.82515],[-71.49015,44.8261]]]},"properties":{"id":"p-018-004-31000-ce~C1","property_id":"p-018-004-31000-ce","label":"Block C1","score":58,"status":"unknown"}},{"type":"Feature","id":250,"geometry":{"type":"Polygon","coordinates":[[[-71.51424,44.81665],[-71.50731,44.81569],[-71.50586,44.82106],[-71.48714,44.81867],[-71.49197,44.80569],[-71.5166,44.81029],[-71.51424,44.81665]]]},"properties":{"id":"p-018-004-31000-ce~B2","property_id":"p-018-004-31000-ce","label":"Block B2","score":54,"status":"unknown"}},{"type":"Feature","id":251,"geometry":{"type":"Polygon","coordinates":[[[-71.46693,44.80216],[-71.48125,44.81439],[-71.48635,44.81121],[-71.48177,44.80378],[-71.49197,44.80569],[-71.48714,44.81867],[-71.48608,44.81853],[-71.485,44.82307],[-71.46567,44.81945],[-71.46581,44.81887],[-71.46091,44.81833],[-71.46693,44.80216]]]},"properties":{"id":"p-018-004-31000-ce~C2","property_id":"p-018-004-31000-ce","label":"Block C2","score":68,"status":"unknown"}},{"type":"Feature","id":252,"geometry":{"type":"Polygon","coordinates":[[[-71.46519,44.80067],[-71.46693,44.80216],[-71.46091,44.81833],[-71.45975,44.81819],[-71.46047,44.81477],[-71.43711,44.81149],[-71.44271,44.79646],[-71.46519,44.80067]]]},"properties":{"id":"p-018-004-31000-ce~D2","property_id":"p-018-004-31000-ce","label":"Block D2","score":60,"status":"unknown"}},{"type":"Feature","id":253,"geometry":{"type":"Polygon","coordinates":[[[-71.41984,44.80704],[-71.42185,44.80508],[-71.42283,44.80384],[-71.42353,44.80326],[-71.42445,44.80286],[-71.42597,44.8027],[-71.42693,44.80303],[-71.42777,44.80357],[-71.42858,44.80366],[-71.42919,44.80354],[-71.43128,44.80283],[-71.43319,44.80117],[-71.43482,44.80071],[-71.4356,44.8007],[-71.43591,44.80081],[-71.43739,44.8019],[-71.43781,44.80173],[-71.43875,44.80015],[-71.43934,44.79948],[-71.43989,44.79913],[-71.44056,44.79813],[-71.44104,44.79615],[-71.44271,44.79646],[-71.43711,44.81149],[-71.4209,44.80924],[-71.41909,44.81595],[-71.41301,44.81506],[-71.41477,44.80844],[-71.41949,44.80775],[-71.41984,44.80704]]]},"properties":{"id":"p-018-004-31000-ce~E2","property_id":"p-018-004-31000-ce","label":"Block E2","score":37,"status":"unknown"}},{"type":"Feature","id":254,"geometry":{"type":"Polygon","coordinates":[[[-71.52744,44.79363],[-71.52865,44.79972],[-71.53866,44.79876],[-71.54123,44.80973],[-71.53875,44.81001],[-71.5424,44.81046],[-71.54105,44.81541],[-71.51701,44.81202],[-71.51548,44.81681],[-71.51424,44.81665],[-71.52307,44.79288],[-71.52744,44.79363]]]},"properties":{"id":"p-018-004-31000-ce~A3","property_id":"p-018-004-31000-ce","label":"Block A3","score":50,"status":"unknown"}},{"type":"Feature","id":255,"geometry":{"type":"Polygon","coordinates":[[[-71.49062,44.79429],[-71.50327,44.79778],[-71.51632,44.79172],[-71.52307,44.79288],[-71.5166,44.81029],[-71.48177,44.80378],[-71.48113,44.80276],[-71.48769,44.80279],[-71.48667,44.79333],[-71.49062,44.79429]]]},"properties":{"id":"p-018-004-31000-ce~B3","property_id":"p-018-004-31000-ce","label":"Block B3","score":55,"status":"unknown"}},{"type":"Feature","id":256,"geometry":{"type":"Polygon","coordinates":[[[-71.44017,44.79386],[-71.46154,44.79037],[-71.46159,44.79763],[-71.46519,44.80067],[-71.44104,44.79615],[-71.44015,44.79456],[-71.44017,44.79386]]]},"properties":{"id":"p-018-004-31000-ce~D3","property_id":"p-018-004-31000-ce","label":"Block D3","score":43,"status":"unknown"}},{"type":"Feature","id":257,"geometry":{"type":"Polygon","coordinates":[[[-71.38089,44.79813],[-71.38165,44.7977],[-71.38204,44.79738],[-71.38213,44.79711],[-71.38295,44.79663],[-71.38406,44.79703],[-71.38464,44.79737],[-71.38571,44.79724],[-71.38635,44.79696],[-71.38749,44.79682],[-71.3884,44.79686],[-71.38894,44.79669],[-71.38937,44.7967],[-71.38985,44.79694],[-71.39023,44.79655],[-71.39094,44.79624],[-71.39133,44.7965],[-71.39213,44.7964],[-71.39376,44.79644],[-71.39606,44.79686],[-71.39668,44.7968],[-71.39726,44.79711],[-71.39845,44.79704],[-71.39904,44.79713],[-71.39945,44.797],[-71.4,44.79658],[-71.4004,44.79653],[-71.40097,44.7968],[-71.40197,44.79665],[-71.40431,44.79585],[-71.40028,44.80664],[-71.396,44.80611],[-71.39438,44.81277],[-71.38917,44.81205],[-71.39065,44.8056],[-71.37808,44.80407],[-71.37824,44.80345],[-71.37857,44.80301],[-71.37853,44.80255],[-71.37916,44.8015],[-71.37975,44.80123],[-71.38024,44.80117],[-71.38072,44.80073],[-71.38114,44.80055],[-71.38115,44.79992],[-71.38143,44.79973],[-71.3814,44.79913],[-71.38137,44.79888],[-71.38088,44.79836],[-71.38089,44.79813]]]},"properties":{"id":"p-019-003~G1","property_id":"p-019-003","label":"Block G1","score":62,"status":"unknown"}},{"type":"Feature","id":258,"geometry":{"type":"Polygon","coordinates":[[[-71.48125,44.81439],[-71.46159,44.79763],[-71.46158,44.79486],[-71.48737,44.79969],[-71.48769,44.80279],[-71.48113,44.80276],[-71.48635,44.81121],[-71.48125,44.81439]]]},"properties":{"id":"p-019-003~D2","property_id":"p-019-003","label":"Block D2","score":62,"status":"unknown"}},{"type":"Feature","id":259,"geometry":{"type":"Polygon","coordinates":[[[-71.44876,44.79246],[-71.44017,44.79386],[-71.44015,44.79456],[-71.44107,44.79625],[-71.44071,44.79763],[-71.44056,44.79813],[-71.43989,44.79913],[-71.43934,44.79948],[-71.43875,44.80015],[-71.43781,44.80173],[-71.43739,44.8019],[-71.43591,44.80081],[-71.4356,44.8007],[-71.43482,44.80071],[-71.43319,44.80117],[-71.4325,44.80168],[-71.43173,44.80252],[-71.43096,44.80298],[-71.42858,44.80366],[-71.42778,44.80357],[-71.43302,44.78951],[-71.44876,44.79246]]]},"properties":{"id":"p-019-003~E2","property_id":"p-019-003","label":"Block E2","score":47,"status":"unknown"}},{"type":"Feature","id":260,"geometry":{"type":"Polygon","coordinates":[[[-71.42778,44.80357],[-71.42693,44.80303],[-71.42597,44.8027],[-71.42445,44.80286],[-71.42397,44.80303],[-71.42353,44.80326],[-71.42257,44.80411],[-71.42185,44.80508],[-71.41984,44.80704],[-71.41949,44.80775],[-71.41477,44.80844],[-71.40028,44.80664],[-71.40431,44.79585],[-71.40766,44.79489],[-71.4094,44.79461],[-71.41154,44.79393],[-71.41192,44.79356],[-71.41241,44.7936],[-71.41374,44.79212],[-71.41619,44.79117],[-71.41649,44.79112],[-71.41704,44.79122],[-71.42131,44.79064],[-71.42168,44.7905],[-71.42349,44.78923],[-71.43353,44.78815],[-71.42778,44.80357]]]},"properties":{"id":"p-019-003~F2","property_id":"p-019-003","label":"Block F2","score":55,"status":"unknown"}},{"type":"Feature","id":261,"geometry":{"type":"Polygon","coordinates":[[[-71.52402,44.77386],[-71.52487,44.77812],[-71.52449,44.77815],[-71.5261,44.784],[-71.52744,44.79363],[-71.51632,44.79172],[-71.51018,44.79451],[-71.51846,44.77222],[-71.52402,44.77386]]]},"properties":{"id":"p-019-003~B3","property_id":"p-019-003","label":"Block B3","score":67,"status":"unknown"}},{"type":"Feature","id":262,"geometry":{"type":"Polygon","coordinates":[[[-71.51018,44.79451],[-71.50327,44.79778],[-71.49062,44.79429],[-71.48667,44.79333],[-71.48737,44.79969],[-71.48227,44.79874],[-71.48877,44.78126],[-71.51339,44.78587],[-71.51018,44.79451]]]},"properties":{"id":"p-019-003~C3","property_id":"p-019-003","label":"Block C3","score":65,"status":"unknown"}},{"type":"Feature","id":263,"geometry":{"type":"Polygon","coordinates":[[[-71.46158,44.79486],[-71.46154,44.79037],[-71.45888,44.79081],[-71.46415,44.77665],[-71.48877,44.78126],[-71.48227,44.79874],[-71.46158,44.79486]]]},"properties":{"id":"p-019-003~D3","property_id":"p-019-003","label":"Block D3","score":65,"status":"unknown"}},{"type":"Feature","id":264,"geometry":{"type":"Polygon","coordinates":[[[-71.43353,44.78815],[-71.45545,44.78578],[-71.45549,44.78388],[-71.45483,44.78236],[-71.45474,44.78193],[-71.45488,44.78118],[-71.45463,44.78053],[-71.45601,44.77977],[-71.45678,44.77812],[-71.45768,44.77544],[-71.46415,44.77665],[-71.45888,44.79081],[-71.44876,44.79246],[-71.43302,44.78951],[-71.43353,44.78815]]]},"properties":{"id":"p-019-003~E3","property_id":"p-019-003","label":"Block E3","score":59,"status":"unknown"}},{"type":"Feature","id":265,"geometry":{"type":"Polygon","coordinates":[[[-71.49601,44.76393],[-71.4968,44.76694],[-71.50631,44.77096],[-71.51445,44.77108],[-71.51846,44.77222],[-71.51339,44.78587],[-71.48877,44.78126],[-71.49526,44.76379],[-71.49601,44.76393]]]},"properties":{"id":"p-019-003~C4","property_id":"p-019-003","label":"Block C4","score":58,"status":"unknown"}},{"type":"Feature","id":266,"geometry":{"type":"Polygon","coordinates":[[[-71.46623,44.77127],[-71.46722,44.77086],[-71.46805,44.77013],[-71.4684,44.76954],[-71.46856,44.76861],[-71.46908,44.76802],[-71.47247,44.76614],[-71.47283,44.76571],[-71.47277,44.76541],[-71.47227,44.76481],[-71.47254,44.76449],[-71.47354,44.76403],[-71.47393,44.76338],[-71.47427,44.7632],[-71.47523,44.76325],[-71.47594,44.76245],[-71.47662,44.76196],[-71.47709,44.76192],[-71.47751,44.76153],[-71.47755,44.7612],[-71.4773,44.76086],[-71.4775,44.76047],[-71.49526,44.76379],[-71.48877,44.78126],[-71.45768,44.77544],[-71.45818,44.7743],[-71.46196,44.77389],[-71.46429,44.7733],[-71.46482,44.77228],[-71.4657,44.77196],[-71.46623,44.77127]]]},"properties":{"id":"p-019-003~D4","property_id":"p-019-003","label":"Block D4","score":66,"status":"unknown"}},{"type":"Feature","id":267,"geometry":{"type":"Polygon","coordinates":[[[-71.57463,44.74126],[-71.57537,44.74524],[-71.57172,44.74558],[-71.57227,44.75003],[-71.57393,44.75796],[-71.56718,44.7655],[-71.5614,44.75923],[-71.55199,44.75281],[-71.55745,44.73805],[-71.57463,44.74126]]]},"properties":{"id":"p-019-003~A5","property_id":"p-019-003","label":"Block A5","score":65,"status":"unknown"}},{"type":"Feature","id":268,"geometry":{"type":"MultiPolygon","coordinates":[[[[-71.50486,44.74691],[-71.50592,44.75228],[-71.51658,44.75116],[-71.51706,44.75093],[-71.51667,44.74911],[-71.51915,44.74958],[-71.50375,44.76144],[-71.49595,44.76194],[-71.50175,44.74632],[-71.50486,44.74691]]],[[[-71.49568,44.76267],[-71.49601,44.76393],[-71.49526,44.76379],[-71.49568,44.76267]]]]},"properties":{"id":"p-019-003~C5","property_id":"p-019-003","label":"Block C5","score":66,"status":"unknown"}},{"type":"Feature","id":269,"geometry":{"type":"Polygon","coordinates":[[[-71.47782,44.74592],[-71.50291,44.74321],[-71.49595,44.76194],[-71.49548,44.76197],[-71.49568,44.76267],[-71.49526,44.76379],[-71.4775,44.76047],[-71.47765,44.75991],[-71.47843,44.76008],[-71.47876,44.75998],[-71.47883,44.75971],[-71.47792,44.75783],[-71.47721,44.75726],[-71.47377,44.75534],[-71.473,44.75455],[-71.4721,44.75409],[-71.4718,44.75379],[-71.47241,44.75099],[-71.47226,44.75035],[-71.47204,44.75014],[-71.47184,44.74944],[-71.47027,44.74802],[-71.46941,44.74705],[-71.47782,44.74592]]]},"properties":{"id":"p-019-003~D5","property_id":"p-019-003","label":"Block D5","score":74,"status":"unknown"}},{"type":"Feature","id":270,"geometry":{"type":"Polygon","coordinates":[[[-71.53029,44.74035],[-71.53849,44.73946],[-71.53773,44.73437],[-71.55745,44.73805],[-71.55199,44.75281],[-71.54001,44.74478],[-71.53753,44.74146],[-71.53119,44.74116],[-71.52956,44.74233],[-71.53029,44.74035]]]},"properties":{"id":"p-019-003~B6","property_id":"p-019-003","label":"Block B6","score":64,"status":"unknown"}},{"type":"Feature","id":271,"geometry":{"type":"MultiPolygon","coordinates":[[[[-71.52478,44.7314],[-71.52666,44.74073],[-71.53029,44.74035],[-71.52956,44.74233],[-71.51915,44.74958],[-71.51667,44.74911],[-71.51335,44.73318],[-71.52478,44.7314]]],[[[-71.50369,44.74315],[-71.50486,44.74691],[-71.50175,44.74632],[-71.50291,44.74321],[-71.50369,44.74315]]]]},"properties":{"id":"p-019-003~C6","property_id":"p-019-003","label":"Block C6","score":53,"status":"unknown"}},{"type":"Feature","id":272,"geometry":{"type":"Polygon","coordinates":[[[-71.56262,44.72438],[-71.56288,44.72406],[-71.56322,44.72391],[-71.56468,44.7236],[-71.56535,44.72328],[-71.56593,44.72346],[-71.5673,44.72354],[-71.56865,44.72382],[-71.56965,44.72381],[-71.57063,44.72414],[-71.57161,44.72374],[-71.57332,44.72383],[-71.57496,44.72318],[-71.57525,44.72326],[-71.57829,44.72326],[-71.57839,44.7237],[-71.57969,44.72356],[-71.58023,44.72608],[-71.58271,44.72571],[-71.58486,44.7351],[-71.57368,44.7362],[-71.57463,44.74126],[-71.55745,44.73805],[-71.56262,44.72438]]]},"properties":{"id":"p-019-003~A7","property_id":"p-019-003","label":"Block A7","score":58,"status":"unknown"}},{"type":"Feature","id":273,"geometry":{"type":"Polygon","coordinates":[[[-71.53773,44.73437],[-71.53692,44.73047],[-71.54788,44.72952],[-71.54604,44.72051],[-71.55693,44.71945],[-71.55847,44.72363],[-71.55889,44.72536],[-71.56027,44.72527],[-71.56209,44.72443],[-71.56251,44.7244],[-71.55745,44.73805],[-71.53773,44.73437]]]},"properties":{"id":"p-019-003~B7","property_id":"p-019-003","label":"Block B7","score":63,"status":"unknown"}},{"type":"Feature","id":274,"geometry":{"type":"Polygon","coordinates":[[[-71.08317,44.86136],[-71.08636,44.85292],[-71.11098,44.8576],[-71.11003,44.86012],[-71.08317,44.86136]]]},"properties":{"id":"p-021-003~E1","property_id":"p-021-003","label":"Block E1","score":60,"status":"unknown"}},{"type":"Feature","id":275,"geometry":{"type":"Polygon","coordinates":[[[-71.07015,44.86196],[-71.06943,44.8497],[-71.08636,44.85292],[-71.08317,44.86136],[-71.07015,44.86196]]]},"properties":{"id":"p-021-003~F1","property_id":"p-021-003","label":"Block F1","score":58,"status":"unknown"}},{"type":"Feature","id":276,"geometry":{"type":"Polygon","coordinates":[[[-71.19056,44.85652],[-71.16376,44.85761],[-71.16683,44.84949],[-71.19145,44.85416],[-71.19056,44.85652]]]},"properties":{"id":"p-021-003~B2","property_id":"p-021-003","label":"Block B2","score":49,"status":"unknown"}},{"type":"Feature","id":277,"geometry":{"type":"Polygon","coordinates":[[[-71.16376,44.85761],[-71.1369,44.85887],[-71.14176,44.846],[-71.14454,44.84527],[-71.16683,44.84949],[-71.16376,44.85761]]]},"properties":{"id":"p-021-003~C2","property_id":"p-021-003","label":"Block C2","score":69,"status":"unknown"}},{"type":"Feature","id":278,"geometry":{"type":"Polygon","coordinates":[[[-71.11758,44.84015],[-71.1307,44.84264],[-71.13102,44.84333],[-71.13139,44.84371],[-71.13364,44.84416],[-71.13503,44.84511],[-71.13704,44.84605],[-71.14176,44.846],[-71.1369,44.85887],[-71.11003,44.86012],[-71.11758,44.84015]]]},"properties":{"id":"p-021-003~D2","property_id":"p-021-003","label":"Block D2","score":75,"status":"unknown"}},{"type":"Feature","id":279,"geometry":{"type":"Polygon","coordinates":[[[-71.09369,44.8337],[-71.09442,44.83351],[-71.09556,44.83291],[-71.09706,44.83272],[-71.09796,44.83317],[-71.0989,44.83327],[-71.09998,44.83357],[-71.10168,44.83446],[-71.10332,44.83448],[-71.10517,44.83521],[-71.10551,44.83482],[-71.11291,44.83028],[-71.11034,44.82802],[-71.11275,44.82615],[-71.11298,44.82624],[-71.11286,44.82651],[-71.11298,44.82678],[-71.11327,44.82698],[-71.11559,44.82677],[-71.11692,44.82688],[-71.11744,44.8271],[-71.11843,44.82721],[-71.11994,44.82692],[-71.12145,44.82685],[-71.12252,44.82708],[-71.11758,44.84015],[-71.09297,44.83547],[-71.09369,44.8337]]]},"properties":{"id":"p-021-003~E2","property_id":"p-021-003","label":"Block E2","score":56,"status":"unknown"}},{"type":"Feature","id":280,"geometry":{"type":"Polygon","coordinates":[[[-71.11758,44.84015],[-71.11098,44.8576],[-71.08636,44.85292],[-71.09297,44.83547],[-71.11758,44.84015]]]},"properties":{"id":"p-021-003~E2-2","property_id":"p-021-003","label":"Block E2-2","score":81,"status":"unknown"}},{"type":"Feature","id":281,"geometry":{"type":"Polygon","coordinates":[[[-71.08981,44.83347],[-71.09054,44.83368],[-71.09254,44.83355],[-71.09363,44.83371],[-71.08636,44.85292],[-71.06943,44.8497],[-71.06908,44.84515],[-71.06992,44.84513],[-71.06956,44.83849],[-71.08127,44.8379],[-71.08101,44.83611],[-71.08742,44.83579],[-71.08981,44.83347]]]},"properties":{"id":"p-021-003~F2","property_id":"p-021-003","label":"Block F2","score":51,"status":"unknown"}},{"type":"Feature","id":282,"geometry":{"type":"Polygon","coordinates":[[[-71.21732,44.85554],[-71.19056,44.85652],[-71.19803,44.8367],[-71.2163,44.84016],[-71.21732,44.85554]]]},"properties":{"id":"p-021-003~A3","property_id":"p-021-003","label":"Block A3","score":48,"status":"unknown"}},{"type":"Feature","id":283,"geometry":{"type":"Polygon","coordinates":[[[-71.1836,44.81686],[-71.18415,44.82521],[-71.20246,44.82495],[-71.19803,44.8367],[-71.17341,44.83204],[-71.17913,44.81686],[-71.1836,44.81686]]]},"properties":{"id":"p-021-003~B3","property_id":"p-021-003","label":"Block B3","score":65,"status":"unknown"}},{"type":"Feature","id":284,"geometry":{"type":"Polygon","coordinates":[[[-71.19803,44.8367],[-71.19145,44.85416],[-71.16683,44.84949],[-71.17341,44.83204],[-71.19803,44.8367]]]},"properties":{"id":"p-021-003~B3-2","property_id":"p-021-003","label":"Block B3-2","score":82,"status":"unknown"}},{"type":"Feature","id":285,"geometry":{"type":"Polygon","coordinates":[[[-71.15354,44.84263],[-71.15812,44.83995],[-71.15906,44.8382],[-71.15886,44.83459],[-71.15956,44.83441],[-71.15995,44.83416],[-71.16044,44.83328],[-71.16133,44.83253],[-71.16161,44.83164],[-71.16241,44.83046],[-71.15438,44.82864],[-71.15008,44.82932],[-71.14904,44.82741],[-71.17341,44.83204],[-71.16683,44.84949],[-71.14454,44.84527],[-71.15354,44.84263]]]},"properties":{"id":"p-021-003~C3","property_id":"p-021-003","label":"Block C3","score":64,"status":"unknown"}},{"type":"Feature","id":286,"geometry":{"type":"Polygon","coordinates":[[[-71.12252,44.82708],[-71.12537,44.82712],[-71.12595,44.82729],[-71.12753,44.82859],[-71.12874,44.82918],[-71.12975,44.82987],[-71.13035,44.83078],[-71.13066,44.83245],[-71.13074,44.83415],[-71.13055,44.83495],[-71.1306,44.83545],[-71.13012,44.8362],[-71.12928,44.83684],[-71.1292,44.83703],[-71.12965,44.83782],[-71.12962,44.83939],[-71.13035,44.84016],[-71.13033,44.84168],[-71.1307,44.84264],[-71.11758,44.84015],[-71.12252,44.82708]]]},"properties":{"id":"p-021-003~D3","property_id":"p-021-003","label":"Block D3","score":70,"status":"unknown"}},{"type":"Feature","id":287,"geometry":{"type":"Polygon","coordinates":[[[-71.20622,44.80654],[-71.21443,44.80636],[-71.21528,44.82482],[-71.2163,44.84016],[-71.19803,44.8367],[-71.20246,44.82495],[-71.20787,44.82487],[-71.20727,44.81678],[-71.20622,44.80654]]]},"properties":{"id":"p-021-003~A4","property_id":"p-021-003","label":"Block A4","score":46,"status":"unknown"}},{"type":"Feature","id":288,"geometry":{"type":"MultiPolygon","coordinates":[[[[-71.15749,44.8043],[-71.15917,44.80451],[-71.15951,44.80437],[-71.15928,44.80372],[-71.15949,44.80323],[-71.16093,44.80272],[-71.1618,44.80268],[-71.16217,44.80282],[-71.16238,44.80369],[-71.1623,44.80406],[-71.1611,44.80461],[-71.16074,44.8051],[-71.16093,44.80547],[-71.16068,44.8064],[-71.16085,44.80671],[-71.1612,44.80687],[-71.16116,44.80708],[-71.16162,44.80763],[-71.16168,44.80803],[-71.16105,44.80886],[-71.16102,44.80922],[-71.1604,44.80932],[-71.16128,44.80936],[-71.16166,44.80964],[-71.1616,44.80876],[-71.16204,44.80861],[-71.16278,44.80794],[-71.16312,44.80798],[-71.16375,44.817],[-71.15404,44.81735],[-71.1538,44.81409],[-71.15749,44.8043]]],[[[-71.17913,44.81686],[-71.17341,44.83204],[-71.14904,44.82741],[-71.14888,44.82712],[-71.15256,44.81738],[-71.15404,44.81735],[-71.15469,44.82559],[-71.17493,44.82536],[-71.17414,44.81685],[-71.17913,44.81686]]]]},"properties":{"id":"p-021-003~C4","property_id":"p-021-003","label":"Block C4","score":55,"status":"unknown"}},{"type":"Feature","id":289,"geometry":{"type":"MultiPolygon","coordinates":[[[[-71.14888,44.82712],[-71.14725,44.82412],[-71.14301,44.82472],[-71.13817,44.82444],[-71.1315,44.81954],[-71.13184,44.8169],[-71.13243,44.81428],[-71.13518,44.81091],[-71.13389,44.80843],[-71.13362,44.80578],[-71.14457,44.80786],[-71.14283,44.80793],[-71.1435,44.8176],[-71.15256,44.81738],[-71.14888,44.82712]]],[[[-71.15347,44.80955],[-71.15538,44.80991],[-71.1538,44.81409],[-71.15347,44.80955]]]]},"properties":{"id":"p-021-003~D4","property_id":"p-021-003","label":"Block D4","score":68,"status":"unknown"}},{"type":"Feature","id":290,"geometry":{"type":"Polygon","coordinates":[[[-71.13251,44.78893],[-71.14174,44.78861],[-71.14245,44.80106],[-71.15412,44.80078],[-71.15428,44.80232],[-71.15449,44.80286],[-71.1558,44.80374],[-71.15749,44.8043],[-71.15538,44.80991],[-71.15347,44.80955],[-71.15332,44.80748],[-71.14457,44.80786],[-71.13362,44.80578],[-71.13306,44.80121],[-71.13251,44.78893]]]},"properties":{"id":"p-021-003~D5","property_id":"p-021-003","label":"Block D5","score":48,"status":"unknown"}},{"type":"Feature","id":291,"geometry":{"type":"MultiPolygon","coordinates":[[[[-71.05713,44.8377],[-71.05743,44.84265],[-71.05788,44.84392],[-71.05855,44.84491],[-71.05699,44.84546],[-71.05624,44.84453],[-71.05531,44.844],[-71.05479,44.84396],[-71.05431,44.84415],[-71.05411,44.84405],[-71.05397,44.84414],[-71.05379,44.8446],[-71.05241,44.84507],[-71.04993,44.84568],[-71.04878,44.84627],[-71.04831,44.84634],[-71.04721,44.84624],[-71.04697,44.84589],[-71.04721,44.84517],[-71.04715,44.84571],[-71.04736,44.84588],[-71.04742,44.84537],[-71.04777,44.84525],[-71.04783,44.8454],[-71.04805,44.84516],[-71.04785,44.84498],[-71.04889,44.84391],[-71.04932,44.84325],[-71.04956,44.84318],[-71.04915,44.8437],[-71.04906,44.84413],[-71.04869,44.8443],[-71.04884,44.84443],[-71.04961,44.84418],[-71.04971,44.84391],[-71.0507,44.84338],[-71.052,44.84177],[-71.05208,44.8419],[-71.05159,44.84273],[-71.05156,44.84316],[-71.05188,44.84362],[-71.0525,44.84334],[-71.05215,44.8437],[-71.05226,44.84379],[-71.05266,44.84358],[-71.05263,44.84293],[-71.05246,44.84283],[-71.05232,44.84281],[-71.05229,44.8431],[-71.052,44.84317],[-71.05232,44.84219],[-71.05318,44.84074],[-71.05292,44.84035],[-71.05228,44.84006],[-71.05206,44.83979],[-71.05199,44.83906],[-71.05218,44.83758],[-71.0526,44.83684],[-71.05278,44.83697],[-71.053,44.83691],[-71.05713,44.8377]]],[[[-71.05492,44.84776],[-71.05278,44.84818],[-71.05259,44.84808],[-71.05234,44.84813],[-71.05174,44.84841],[-71.0517,44.84854],[-71.05177,44.84865],[-71.05267,44.84868],[-71.05337,44.8485],[-71.05309,44.84875],[-71.0527,44.84888],[-71.0518,44.84883],[-71.05137,44.84869],[-71.05071,44.84815],[-71.04981,44.84774],[-71.04913,44.84757],[-71.04816,44.84775],[-71.04756,44.84696],[-71.05215,44.84643],[-71.0522,44.84621],[-71.05144,44.84637],[-71.05205,44.84606],[-71.0515,44.84598],[-71.05064,44.84606],[-71.05328,44.84545],[-71.05422,44.84495],[-71.05456,44.84462],[-71.05489,44.84491],[-71.05499,44.84473],[-71.05468,44.84451],[-71.05505,44.84448],[-71.05569,44.84489],[-71.05617,44.84545],[-71.05748,44.84771],[-71.05726,44.84895],[-71.05738,44.84966],[-71.05693,44.84957],[-71.05635,44.84838],[-71.05557,44.84787],[-71.05492,44.84776]]],[[[-71.04789,44.84811],[-71.04881,44.84793],[-71.04957,44.84801],[-71.05012,44.84838],[-71.04991,44.84857],[-71.05002,44.84875],[-71.05011,44.8488],[-71.05017,44.84857],[-71.05064,44.84901],[-71.05038,44.84908],[-71.04951,44.8489],[-71.04947,44.84905],[-71.05044,44.8492],[-71.05092,44.84914],[-71.05163,44.84941],[-71.05293,44.8494],[-71.05403,44.84865],[-71.05508,44.84826],[-71.05551,44.84835],[-71.05587,44.8486],[-71.05618,44.84963],[-71.05703,44.85008],[-71.05749,44.84993],[-71.05787,44.85008],[-71.05841,44.85007],[-71.05841,44.84929],[-71.05914,44.84953],[-71.05922,44.84932],[-71.05996,44.84968],[-71.06042,44.84965],[-71.05963,44.85071],[-71.05792,44.85177],[-71.05751,44.85167],[-71.05657,44.85168],[-71.05597,44.85142],[-71.05525,44.85079],[-71.05515,44.85003],[-71.05459,44.84998],[-71.05419,44.85046],[-71.0548,44.85203],[-71.05478,44.85214],[-71.05428,44.85232],[-71.0531,44.85121],[-71.05183,44.8505],[-71.04872,44.84959],[-71.04836,44.84938],[-71.04797,44.84902],[-71.04785,44.84828],[-71.04789,44.84811]]],[[[-71.04817,44.84381],[-71.04774,44.84419],[-71.04724,44.84425],[-71.04646,44.84481],[-71.04626,44.84612],[-71.04643,44.84643],[-71.04729,44.84719],[-71.04716,44.84722],[-71.04647,44.84679],[-71.04601,44.847],[-71.04552,44.84785],[-71.04564,44.84891],[-71.04683,44.84957],[-71.04709,44.84967],[-71.04705,44.84954],[-71.04765,44.84976],[-71.04694,44.84916],[-71.04642,44.8482],[-71.04644,44.84795],[-71.04677,44.84753],[-71.04739,44.84728],[-71.04703,44.84813],[-71.04701,44.84859],[-71.04742,44.84939],[-71.04855,44.84993],[-71.04974,44.851],[-71.05049,44.85139],[-71.05063,44.85144],[-71.05074,44.85104],[-71.05125,44.8512],[-71.05134,44.85108],[-71.05162,44.85116],[-71.05139,44.85094],[-71.05013,44.85048],[-71.05197,44.85111],[-71.05376,44.85254],[-71.05498,44.85304],[-71.05487,44.85324],[-71.05454,44.85328],[-71.05299,44.85329],[-71.05135,44.85363],[-71.04973,44.8536],[-71.04807,44.8538],[-71.04588,44.85482],[-71.0451,44.84444],[-71.04592,44.8439],[-71.04817,44.84381]]],[[[-71.05525,44.85284],[-71.05602,44.8515],[-71.05655,44.85173],[-71.05751,44.85171],[-71.05788,44.85181],[-71.05711,44.85284],[-71.05617,44.85371],[-71.05521,44.85333],[-71.05546,44.85295],[-71.05525,44.85284]]],[[[-71.05405,44.85445],[-71.054,44.85405],[-71.05463,44.85404],[-71.0546,44.85445],[-71.05434,44.85483],[-71.05278,44.85618],[-71.05202,44.85664],[-71.05209,44.85678],[-71.05253,44.8566],[-71.05198,44.8574],[-71.05138,44.85781],[-71.05067,44.85773],[-71.05035,44.85745],[-71.05021,44.85711],[-71.05062,44.85623],[-71.05145,44.85565],[-71.05249,44.85549],[-71.0536,44.85511],[-71.05389,44.85489],[-71.05405,44.85445]]]]},"properties":{"id":"p-022-003-21000-fo~C1","property_id":"p-022-003-21000-fo","label":"Block C1","score":26,"status":"verified"}},{"type":"Feature","id":292,"geometry":{"type":"MultiPolygon","coordinates":[[[[-71.10551,44.83482],[-71.10517,44.83521],[-71.10332,44.83448],[-71.10168,44.83446],[-71.09998,44.83357],[-71.0989,44.83327],[-71.09796,44.83317],[-71.09706,44.83272],[-71.09556,44.83291],[-71.09442,44.83351],[-71.09369,44.8337],[-71.09254,44.83355],[-71.09054,44.83368],[-71.08981,44.83347],[-71.08742,44.83579],[-71.08101,44.83611],[-71.08127,44.8379],[-71.07293,44.83832],[-71.07362,44.83649],[-71.0789,44.83622],[-71.0774,44.82652],[-71.07878,44.82311],[-71.08166,44.82366],[-71.08186,44.82393],[-71.08202,44.82392],[-71.08207,44.82374],[-71.11192,44.82942],[-71.11291,44.83028],[-71.10551,44.83482]]],[[[-71.07572,44.83142],[-71.0758,44.83159],[-71.07628,44.83163],[-71.07617,44.83198],[-71.0757,44.83194],[-71.07547,44.83252],[-71.07515,44.83285],[-71.07502,44.8328],[-71.07553,44.83144],[-71.07572,44.83142]]]]},"properties":{"id":"p-022-003-21000-fo~B2","property_id":"p-022-003-21000-fo","label":"Block B2","score":47,"status":"verified"}},{"type":"Feature","id":293,"geometry":{"type":"MultiPolygon","coordinates":[[[[-71.07695,44.82654],[-71.07778,44.82462],[-71.07853,44.82352],[-71.0774,44.82652],[-71.07695,44.82654]]],[[[-71.06842,44.82353],[-71.06845,44.82462],[-71.06895,44.82611],[-71.06861,44.82711],[-71.06887,44.8271],[-71.06921,44.82633],[-71.06914,44.82574],[-71.0687,44.82459],[-71.06867,44.82357],[-71.0699,44.82254],[-71.07045,44.82153],[-71.07781,44.82293],[-71.0773,44.82345],[-71.0772,44.82421],[-71.07664,44.82553],[-71.07644,44.82654],[-71.07548,44.82658],[-71.07574,44.82913],[-71.07506,44.83146],[-71.07444,44.83235],[-71.07395,44.83241],[-71.07297,44.83218],[-71.07104,44.83108],[-71.07029,44.83079],[-71.06684,44.83021],[-71.06392,44.82932],[-71.06313,44.82868],[-71.06271,44.82853],[-71.06107,44.82829],[-71.06022,44.82829],[-71.05979,44.82839],[-71.05952,44.82898],[-71.05957,44.82998],[-71.0594,44.83057],[-71.05905,44.83103],[-71.05828,44.83134],[-71.05727,44.83083],[-71.05641,44.82963],[-71.05591,44.82945],[-71.05567,44.82956],[-71.05553,44.82984],[-71.04346,44.83052],[-71.04302,44.82141],[-71.05107,44.82102],[-71.05118,44.81972],[-71.05058,44.81853],[-71.05041,44.81771],[-71.07021,44.82148],[-71.06969,44.82244],[-71.06842,44.82353]],[[-71.05897,44.82858],[-71.05907,44.82829],[-71.05884,44.82828],[-71.05881,44.82845],[-71.0583,44.82851],[-71.05813,44.82874],[-71.05897,44.82858]]],[[[-71.07504,44.83231],[-71.07553,44.83144],[-71.07502,44.8328],[-71.0748,44.83281],[-71.07443,44.83262],[-71.07504,44.83231]]],[[[-71.07293,44.83832],[-71.06956,44.83849],[-71.06946,44.8367],[-71.07362,44.83649],[-71.07293,44.83832]]],[[[-71.05444,44.83582],[-71.05427,44.83626],[-71.05485,44.83585],[-71.05469,44.83572],[-71.05562,44.83479],[-71.05572,44.83504],[-71.05597,44.83493],[-71.05609,44.83554],[-71.05625,44.83527],[-71.05613,44.8357],[-71.05571,44.83565],[-71.05564,44.83601],[-71.05606,44.83605],[-71.05579,44.83745],[-71.053,44.83691],[-71.05444,44.83582]]],[[[-71.05365,44.83613],[-71.05277,44.83687],[-71.0526,44.83684],[-71.05316,44.83623],[-71.05365,44.83613]]],[[[-71.05609,44.8375],[-71.05715,44.83748],[-71.05713,44.8377],[-71.05609,44.8375]]]]},"properties":{"id":"p-022-003-21000-fo~C2","property_id":"p-022-003-21000-fo","label":"Block C2","score":52,"status":"verified"}},{"type":"Feature","id":294,"geometry":{"type":"Polygon","coordinates":[[[-71.13184,44.8169],[-71.1315,44.81954],[-71.13155,44.82105],[-71.13185,44.82205],[-71.12796,44.82595],[-71.12525,44.82588],[-71.12542,44.82658],[-71.12519,44.82712],[-71.12232,44.82709],[-71.12145,44.82685],[-71.11994,44.82692],[-71.11843,44.82721],[-71.11744,44.8271],[-71.11692,44.82688],[-71.11559,44.82677],[-71.11327,44.82698],[-71.11298,44.82678],[-71.11286,44.82651],[-71.11298,44.82624],[-71.11275,44.82615],[-71.11034,44.82802],[-71.11192,44.82942],[-71.1033,44.82778],[-71.1099,44.81032],[-71.11154,44.81064],[-71.11235,44.81166],[-71.1131,44.81345],[-71.11389,44.81391],[-71.11476,44.81378],[-71.11505,44.81364],[-71.11517,44.81341],[-71.1154,44.81235],[-71.11525,44.81177],[-71.11482,44.81126],[-71.13236,44.81459],[-71.13184,44.8169]],[[-71.11437,44.82436],[-71.11501,44.82246],[-71.11527,44.82223],[-71.11456,44.82189],[-71.11441,44.82195],[-71.1145,44.82234],[-71.11386,44.82257],[-71.11389,44.8228],[-71.11362,44.82282],[-71.11314,44.82261],[-71.11263,44.82267],[-71.1124,44.82288],[-71.11183,44.82296],[-71.11188,44.82337],[-71.11166,44.82369],[-71.11134,44.82378],[-71.11189,44.8241],[-71.11241,44.82417],[-71.11278,44.82466],[-71.11269,44.82495],[-71.11299,44.82474],[-71.11351,44.8247],[-71.11437,44.82436]]]},"properties":{"id":"p-022-003-21000-fo~A3","property_id":"p-022-003-21000-fo","label":"Block A3","score":44,"status":"verified"}},{"type":"Feature","id":295,"geometry":{"type":"MultiPolygon","coordinates":[[[[-71.09157,44.80684],[-71.09107,44.80932],[-71.09114,44.81045],[-71.09088,44.81047],[-71.09082,44.8093],[-71.09132,44.80679],[-71.09157,44.80684]]],[[[-71.07878,44.82311],[-71.07948,44.82228],[-71.08,44.82275],[-71.08104,44.82267],[-71.08159,44.82336],[-71.08145,44.82361],[-71.08166,44.82366],[-71.07878,44.82311]]],[[[-71.08207,44.82374],[-71.08215,44.82351],[-71.08168,44.82255],[-71.08218,44.8223],[-71.08307,44.82242],[-71.08308,44.82206],[-71.08371,44.82174],[-71.08397,44.82177],[-71.08415,44.82213],[-71.08408,44.82173],[-71.08375,44.82157],[-71.08418,44.82124],[-71.08395,44.82072],[-71.08452,44.82044],[-71.08499,44.82069],[-71.08571,44.82076],[-71.086,44.82065],[-71.08629,44.82026],[-71.08665,44.82024],[-71.08691,44.82042],[-71.08723,44.82038],[-71.08714,44.82024],[-71.08685,44.8202],[-71.08679,44.82003],[-71.08728,44.82007],[-71.08739,44.81998],[-71.0873,44.81947],[-71.08794,44.81899],[-71.08794,44.81858],[-71.08838,44.81853],[-71.08846,44.81824],[-71.08919,44.81796],[-71.0898,44.81807],[-71.08931,44.81773],[-71.08873,44.81796],[-71.08841,44.81788],[-71.08818,44.81801],[-71.08821,44.81833],[-71.08789,44.81813],[-71.08771,44.81836],[-71.0873,44.81853],[-71.08736,44.81892],[-71.08698,44.81904],[-71.08684,44.81897],[-71.08693,44.81954],[-71.0865,44.81985],[-71.08597,44.81989],[-71.0858,44.82033],[-71.08557,44.82035],[-71.08537,44.82003],[-71.08502,44.82015],[-71.08476,44.81986],[-71.08461,44.81988],[-71.08415,44.82026],[-71.08359,44.82045],[-71.08325,44.82119],[-71.08295,44.82143],[-71.08224,44.82171],[-71.08063,44.8219],[-71.08022,44.82179],[-71.0808,44.82139],[-71.08181,44.82037],[-71.08426,44.81886],[-71.08573,44.81775],[-71.08604,44.81761],[-71.0888,44.81748],[-71.09074,44.81693],[-71.09213,44.81628],[-71.09493,44.81423],[-71.09595,44.81394],[-71.10009,44.81374],[-71.10134,44.8143],[-71.10176,44.81433],[-71.10394,44.81392],[-71.10449,44.81354],[-71.10498,44.81281],[-71.10547,44.8125],[-71.10817,44.81165],[-71.10889,44.81121],[-71.1099,44.81032],[-71.1033,44.82778],[-71.08207,44.82374]]],[[[-71.08106,44.81685],[-71.08289,44.81744],[-71.08396,44.81798],[-71.08396,44.81821],[-71.08362,44.81855],[-71.0824,44.81956],[-71.08207,44.81964],[-71.0813,44.81955],[-71.08025,44.81899],[-71.08106,44.81685]]],[[[-71.07991,44.81989],[-71.08051,44.82059],[-71.08054,44.82088],[-71.08014,44.8213],[-71.07959,44.82149],[-71.07917,44.82183],[-71.07991,44.81989]]]]},"properties":{"id":"p-022-003-21000-fo~B3","property_id":"p-022-003-21000-fo","label":"Block B3","score":48,"status":"verified"}},{"type":"Feature","id":296,"geometry":{"type":"MultiPolygon","coordinates":[[[[-71.07142,44.803],[-71.07149,44.8045],[-71.06842,44.80243],[-71.07142,44.803]]],[[[-71.07185,44.80625],[-71.07266,44.80688],[-71.07272,44.80717],[-71.07101,44.80666],[-71.07045,44.80666],[-71.06967,44.80717],[-71.06961,44.80768],[-71.06978,44.80814],[-71.06937,44.80835],[-71.06988,44.80833],[-71.07071,44.80882],[-71.0717,44.809],[-71.07181,44.81142],[-71.07092,44.81008],[-71.07009,44.81004],[-71.06901,44.80959],[-71.06722,44.80916],[-71.06573,44.80858],[-71.06222,44.80882],[-71.06143,44.80909],[-71.06099,44.809],[-71.06034,44.80914],[-71.05963,44.80908],[-71.05937,44.80925],[-71.05894,44.81021],[-71.05855,44.81069],[-71.05823,44.81066],[-71.05719,44.81021],[-71.06069,44.80096],[-71.0672,44.8022],[-71.06915,44.80387],[-71.07094,44.80502],[-71.07185,44.80625]]],[[[-71.05712,44.81039],[-71.05813,44.81083],[-71.05881,44.81079],[-71.05972,44.80925],[-71.06038,44.80933],[-71.06096,44.80919],[-71.06143,44.80927],[-71.06226,44.809],[-71.06553,44.80875],[-71.06712,44.80932],[-71.06889,44.80975],[-71.07002,44.81022],[-71.07077,44.81024],[-71.07183,44.81188],[-71.07231,44.81227],[-71.07337,44.81385],[-71.07322,44.81555],[-71.0726,44.81676],[-71.07261,44.81724],[-71.07361,44.81766],[-71.0745,44.81825],[-71.07482,44.81884],[-71.07466,44.81939],[-71.0738,44.81979],[-71.07361,44.82013],[-71.07241,44.82089],[-71.07173,44.82107],[-71.07057,44.82103],[-71.07021,44.82148],[-71.05408,44.81841],[-71.05712,44.81039]]],[[[-71.07055,44.82132],[-71.07083,44.82118],[-71.07207,44.82122],[-71.07255,44.82104],[-71.07379,44.82026],[-71.07402,44.8199],[-71.07484,44.81952],[-71.07508,44.81911],[-71.07495,44.81844],[-71.0747,44.81813],[-71.07281,44.81704],[-71.07347,44.81559],[-71.07363,44.81381],[-71.07253,44.81218],[-71.07181,44.81142],[-71.07325,44.81143],[-71.07397,44.81224],[-71.07587,44.81328],[-71.07876,44.81564],[-71.08106,44.81685],[-71.08025,44.81899],[-71.08009,44.81892],[-71.07948,44.8194],[-71.07991,44.81989],[-71.07917,44.82183],[-71.07825,44.82244],[-71.07781,44.82293],[-71.07045,44.82153],[-71.07055,44.82132]]]]},"properties":{"id":"p-022-003-21000-fo~C3","property_id":"p-022-003-21000-fo","label":"Block C3","score":59,"status":"verified"}},{"type":"Feature","id":297,"geometry":{"type":"MultiPolygon","coordinates":[[[[-71.05719,44.81021],[-71.05578,44.81029],[-71.05523,44.81048],[-71.05464,44.81122],[-71.0544,44.81248],[-71.04271,44.81321],[-71.04267,44.81215],[-71.04449,44.81136],[-71.0453,44.81117],[-71.04568,44.81093],[-71.04649,44.81075],[-71.04709,44.81047],[-71.04813,44.80972],[-71.04866,44.80913],[-71.04884,44.80965],[-71.04938,44.80981],[-71.0493,44.81036],[-71.04959,44.81045],[-71.04973,44.81077],[-71.04996,44.80991],[-71.0507,44.81023],[-71.05101,44.81014],[-71.05171,44.81058],[-71.05189,44.81033],[-71.05261,44.81047],[-71.05275,44.81017],[-71.05226,44.81022],[-71.0517,44.81002],[-71.05153,44.80981],[-71.05166,44.80957],[-71.05156,44.80954],[-71.05067,44.80964],[-71.0498,44.80944],[-71.04964,44.80929],[-71.04965,44.80874],[-71.0495,44.80875],[-71.04933,44.80903],[-71.04887,44.80884],[-71.04867,44.80857],[-71.04863,44.80833],[-71.04938,44.80608],[-71.0493,44.80543],[-71.04896,44.80501],[-71.04909,44.80425],[-71.04933,44.80397],[-71.04909,44.80316],[-71.04901,44.80202],[-71.04909,44.79997],[-71.0489,44.79975],[-71.04887,44.79922],[-71.0482,44.79858],[-71.06069,44.80096],[-71.05719,44.81021]]],[[[-71.05022,44.8163],[-71.04977,44.81517],[-71.0504,44.81555],[-71.05223,44.81596],[-71.05383,44.81578],[-71.0543,44.81552],[-71.05483,44.81453],[-71.05521,44.81425],[-71.05488,44.81362],[-71.05494,44.81311],[-71.05465,44.81244],[-71.05502,44.81102],[-71.05558,44.81054],[-71.05672,44.81035],[-71.05712,44.81039],[-71.05408,44.81841],[-71.05041,44.81771],[-71.05022,44.8163]]]]},"properties":{"id":"p-022-003-21000-fo~D3","property_id":"p-022-003-21000-fo","label":"Block D3","score":46,"status":"verified"}},{"type":"Feature","id":298,"geometry":{"type":"MultiPolygon","coordinates":[[[[-71.09277,44.78587],[-71.09384,44.7868],[-71.0939,44.78693],[-71.09337,44.78693],[-71.09312,44.7868],[-71.09265,44.78621],[-71.09277,44.78587]]],[[[-71.11196,44.80322],[-71.11069,44.80237],[-71.1103,44.80193],[-71.1081,44.79752],[-71.10765,44.79417],[-71.10785,44.79323],[-71.10837,44.792],[-71.10904,44.79147],[-71.11015,44.79085],[-71.11477,44.7894],[-71.12029,44.78938],[-71.11977,44.78975],[-71.12062,44.78987],[-71.12085,44.78973],[-71.12091,44.78938],[-71.12275,44.78934],[-71.12355,44.80149],[-71.13306,44.80121],[-71.13389,44.80843],[-71.13518,44.81091],[-71.13243,44.81428],[-71.13236,44.81459],[-71.11482,44.81126],[-71.11446,44.81102],[-71.11437,44.80988],[-71.11388,44.80899],[-71.11336,44.80842],[-71.11307,44.80706],[-71.11292,44.80678],[-71.11272,44.80672],[-71.1125,44.80679],[-71.1118,44.80797],[-71.11163,44.80885],[-71.11171,44.80997],[-71.11154,44.81064],[-71.10989,44.81032],[-71.1106,44.80941],[-71.11144,44.80719],[-71.11271,44.80556],[-71.11283,44.80463],[-71.1127,44.80409],[-71.11196,44.80322]],[[-71.12254,44.80285],[-71.12253,44.80212],[-71.12201,44.80163],[-71.12169,44.80177],[-71.12074,44.80265],[-71.11783,44.80252],[-71.11717,44.8026],[-71.11673,44.80337],[-71.1167,44.80413],[-71.11707,44.80454],[-71.11681,44.80498],[-71.11707,44.80527],[-71.11827,44.80598],[-71.11905,44.80604],[-71.12131,44.80577],[-71.12166,44.80556],[-71.12203,44.8051],[-71.12274,44.80472],[-71.123,44.8048],[-71.12265,44.80391],[-71.12277,44.80297],[-71.12254,44.80285]]],[[[-71.09199,44.78925],[-71.09249,44.78918],[-71.09202,44.79906],[-71.09108,44.79834],[-71.09113,44.79772],[-71.09073,44.79713],[-71.09103,44.7962],[-71.09167,44.79583],[-71.09169,44.79555],[-71.09117,44.79519],[-71.08998,44.79325],[-71.09156,44.78908],[-71.09199,44.78925]]],[[[-71.08879,44.79641],[-71.08997,44.79738],[-71.08992,44.79807],[-71.09041,44.79876],[-71.09068,44.79869],[-71.0912,44.79896],[-71.09186,44.79938],[-71.09203,44.79969],[-71.09188,44.80389],[-71.0918,44.80489],[-71.09154,44.80552],[-71.09171,44.8062],[-71.09157,44.80684],[-71.09132,44.80679],[-71.09146,44.80619],[-71.09129,44.80553],[-71.09155,44.80485],[-71.09161,44.8039],[-71.09143,44.8036],[-71.09142,44.80312],[-71.09016,44.80209],[-71.08936,44.80035],[-71.08883,44.79983],[-71.08827,44.79873],[-71.08816,44.79807],[-71.08879,44.79641]]]]},"properties":{"id":"p-022-003-21000-fo~A4","property_id":"p-022-003-21000-fo","label":"Block A4","score":44,"status":"verified"}},{"type":"Feature","id":299,"geometry":{"type":"MultiPolygon","coordinates":[[[[-71.09174,44.78406],[-71.09138,44.7839],[-71.09062,44.78384],[-71.0911,44.78356],[-71.09075,44.78352],[-71.09079,44.78339],[-71.09086,44.78347],[-71.091,44.78339],[-71.09092,44.78322],[-71.09124,44.78338],[-71.09118,44.78317],[-71.09154,44.7835],[-71.09162,44.78264],[-71.09156,44.78254],[-71.09121,44.78247],[-71.09045,44.78176],[-71.09045,44.78093],[-71.09308,44.78095],[-71.09326,44.78294],[-71.09297,44.78497],[-71.09232,44.78461],[-71.09174,44.78406]]],[[[-71.08725,44.78091],[-71.08816,44.78143],[-71.08827,44.78187],[-71.08808,44.78258],[-71.08787,44.7826],[-71.08777,44.78276],[-71.08906,44.78279],[-71.08983,44.78298],[-71.09038,44.78332],[-71.09023,44.78352],[-71.09038,44.78381],[-71.09009,44.78394],[-71.08846,44.78403],[-71.08583,44.7847],[-71.08533,44.7847],[-71.08366,44.78435],[-71.08231,44.78374],[-71.08136,44.78313],[-71.08,44.78256],[-71.07806,44.78205],[-71.07587,44.78198],[-71.07503,44.78177],[-71.0739,44.78169],[-71.07231,44.7813],[-71.07158,44.7814],[-71.07049,44.78193],[-71.0704,44.78081],[-71.08725,44.78091]]],[[[-71.0673,44.78351],[-71.06656,44.78389],[-71.06677,44.78413],[-71.06653,44.78446],[-71.06657,44.7848],[-71.06667,44.78493],[-71.06705,44.78495],[-71.06702,44.78513],[-71.06662,44.78537],[-71.06599,44.78548],[-71.06593,44.78578],[-71.06624,44.78603],[-71.06599,44.78625],[-71.06572,44.7862],[-71.06537,44.78599],[-71.06517,44.78571],[-71.06525,44.78554],[-71.06477,44.78517],[-71.06497,44.7849],[-71.06463,44.78442],[-71.06499,44.78344],[-71.06586,44.78304],[-71.06833,44.78276],[-71.06824,44.78296],[-71.06766,44.78326],[-71.06682,44.78303],[-71.06659,44.78307],[-71.06663,44.78329],[-71.06631,44.78342],[-71.0673,44.78351]]],[[[-71.06611,44.78635],[-71.06654,44.786],[-71.06668,44.78558],[-71.06709,44.78544],[-71.06721,44.78515],[-71.06753,44.78506],[-71.06741,44.78495],[-71.06859,44.78471],[-71.06866,44.78461],[-71.06818,44.78457],[-71.06882,44.78436],[-71.06908,44.78404],[-71.06882,44.78384],[-71.06857,44.78385],[-71.06865,44.78368],[-71.06923,44.78375],[-71.06932,44.78363],[-71.06908,44.78351],[-71.06969,44.78336],[-71.07143,44.7822],[-71.07202,44.78201],[-71.07318,44.78222],[-71.07442,44.78296],[-71.07552,44.78291],[-71.07613,44.78269],[-71.07786,44.78278],[-71.07834,44.783],[-71.0791,44.783],[-71.08083,44.78353],[-71.08226,44.78432],[-71.0836,44.78483],[-71.08545,44.78524],[-71.08702,44.78506],[-71.08908,44.78445],[-71.09093,44.78443],[-71.09143,44.78458],[-71.09277,44.78587],[-71.09265,44.78621],[-71.09206,44.78588],[-71.09068,44.78564],[-71.08966,44.7857],[-71.08893,44.78604],[-71.08788,44.78688],[-71.08797,44.78722],[-71.08766,44.78719],[-71.08731,44.78739],[-71.08733,44.78766],[-71.08765,44.78771],[-71.08768,44.78788],[-71.08733,44.78791],[-71.08743,44.78815],[-71.08688,44.78822],[-71.08716,44.78838],[-71.08722,44.78869],[-71.08702,44.78873],[-71.0867,44.78849],[-71.08663,44.78867],[-71.08681,44.78874],[-71.08659,44.78879],[-71.0858,44.79014],[-71.08614,44.79028],[-71.08623,44.79058],[-71.08588,44.79065],[-71.08612,44.79084],[-71.08613,44.79113],[-71.08533,44.79139],[-71.08513,44.7916],[-71.08513,44.79168],[-71.08534,44.79164],[-71.08516,44.79185],[-71.08537,44.79246],[-71.08574,44.79264],[-71.08597,44.79301],[-71.08665,44.79329],[-71.08707,44.79363],[-71.08696,44.79396],[-71.08713,44.79414],[-71.0869,44.7943],[-71.08664,44.79427],[-71.08702,44.79472],[-71.08763,44.79635],[-71.08879,44.79641],[-71.08816,44.79807],[-71.08787,44.79751],[-71.08736,44.79725],[-71.0868,44.79721],[-71.08569,44.79742],[-71.085,44.79726],[-71.0839,44.79555],[-71.0834,44.7953],[-71.08042,44.79575],[-71.07915,44.79608],[-71.07486,44.7959],[-71.07338,44.79553],[-71.07108,44.79554],[-71.07142,44.803],[-71.06842,44.80243],[-71.06712,44.80115],[-71.06572,44.80003],[-71.06354,44.79751],[-71.06276,44.79586],[-71.06258,44.79491],[-71.06256,44.79391],[-71.06277,44.79312],[-71.06314,44.79245],[-71.06383,44.79173],[-71.06381,44.79196],[-71.06338,44.79248],[-71.06367,44.79253],[-71.06361,44.79274],[-71.06393,44.79253],[-71.06367,44.79231],[-71.06399,44.79211],[-71.06457,44.79134],[-71.06622,44.78988],[-71.0668,44.78957],[-71.06628,44.79018],[-71.06642,44.79022],[-71.06631,44.79048],[-71.06615,44.79042],[-71.06613,44.7906],[-71.06534,44.79135],[-71.06543,44.79144],[-71.06522,44.79146],[-71.06528,44.79161],[-71.06463,44.79192],[-71.06517,44.79182],[-71.06442,44.7923],[-71.06506,44.79211],[-71.0641,44.79308],[-71.06473,44.79263],[-71.0646,44.79291],[-71.06489,44.79285],[-71.06395,44.79445],[-71.06473,44.79366],[-71.0648,44.79376],[-71.06457,44.79427],[-71.06473,44.79422],[-71.06499,44.79373],[-71.06482,44.79338],[-71.06549,44.79288],[-71.06543,44.7932],[-71.06558,44.79315],[-71.0661,44.79199],[-71.06894,44.78965],[-71.06869,44.78888],[-71.06853,44.78875],[-71.06833,44.78883],[-71.06805,44.78924],[-71.06792,44.78907],[-71.06773,44.78911],[-71.06824,44.78882],[-71.06828,44.78861],[-71.06802,44.7887],[-71.0686,44.78809],[-71.0684,44.78763],[-71.06758,44.78699],[-71.06611,44.78635]]],[[[-71.08913,44.79008],[-71.08911,44.7886],[-71.08975,44.78837],[-71.09033,44.78867],[-71.09093,44.78864],[-71.09134,44.78878],[-71.09156,44.78908],[-71.08998,44.79325],[-71.08977,44.79295],[-71.08913,44.79254],[-71.08911,44.79198],[-71.08864,44.79079],[-71.08913,44.79008]]],[[[-71.06583,44.78872],[-71.06573,44.7881],[-71.06544,44.78773],[-71.0655,44.78744],[-71.06497,44.78743],[-71.06488,44.78734],[-71.06523,44.78705],[-71.06488,44.78709],[-71.06464,44.78759],[-71.06451,44.7875],[-71.06493,44.78686],[-71.06474,44.7865],[-71.06541,44.78684],[-71.067,44.78824],[-71.06712,44.78826],[-71.06705,44.788],[-71.06613,44.78726],[-71.0663,44.78723],[-71.0675,44.78773],[-71.06753,44.78789],[-71.06727,44.78835],[-71.06624,44.78906],[-71.06497,44.79021],[-71.06442,44.7906],[-71.06392,44.79072],[-71.06372,44.79044],[-71.06386,44.79033],[-71.06375,44.79021],[-71.06299,44.79],[-71.06308,44.78957],[-71.06331,44.78958],[-71.06331,44.78983],[-71.06352,44.78981],[-71.06444,44.78944],[-71.06479,44.78981],[-71.065,44.78979],[-71.06518,44.78956],[-71.06521,44.78893],[-71.06477,44.78898],[-71.06457,44.78932],[-71.06407,44.78934],[-71.06398,44.78925],[-71.06463,44.78896],[-71.06395,44.78878],[-71.06482,44.78819],[-71.06515,44.78821],[-71.06512,44.78859],[-71.0656,44.78859],[-71.0656,44.78882],[-71.06583,44.78872]]],[[[-71.06377,44.79903],[-71.0672,44.8022],[-71.0482,44.79858],[-71.04803,44.79786],[-71.04878,44.79735],[-71.04895,44.79707],[-71.0491,44.7971],[-71.0493,44.79765],[-71.04968,44.79752],[-71.0498,44.79733],[-71.04951,44.79702],[-71.04973,44.79653],[-71.05066,44.79666],[-71.05089,44.79647],[-71.05254,44.797],[-71.0538,44.79682],[-71.05447,44.79661],[-71.05588,44.79671],[-71.05527,44.79613],[-71.05478,44.79621],[-71.0544,44.79607],[-71.05423,44.79518],[-71.0565,44.79623],[-71.05764,44.79637],[-71.05795,44.79626],[-71.05843,44.79603],[-71.05901,44.79551],[-71.05988,44.79519],[-71.06012,44.79467],[-71.05993,44.79339],[-71.06182,44.79136],[-71.0623,44.79048],[-71.06267,44.79038],[-71.06337,44.79049],[-71.06382,44.79083],[-71.06257,44.79186],[-71.0617,44.7936],[-71.06156,44.79462],[-71.06182,44.7959],[-71.06273,44.79762],[-71.06377,44.79903]]],[[[-71.06332,44.78538],[-71.0636,44.78514],[-71.06323,44.7851],[-71.06311,44.78455],[-71.06271,44.78435],[-71.06219,44.78514],[-71.06148,44.7858],[-71.06099,44.78603],[-71.06073,44.78595],[-71.06267,44.78391],[-71.06274,44.78377],[-71.06239,44.78348],[-71.06241,44.78335],[-71.06387,44.78336],[-71.0637,44.78439],[-71.0639,44.7852],[-71.06412,44.78577],[-71.0647,44.78641],[-71.06442,44.78643],[-71.06418,44.78617],[-71.06393,44.78659],[-71.06366,44.78676],[-71.06311,44.78664],[-71.06242,44.78674],[-71.06163,44.78717],[-71.06041,44.78819],[-71.06016,44.78823],[-71.06154,44.78669],[-71.06158,44.78632],[-71.06201,44.7861],[-71.06309,44.78597],[-71.06332,44.78538]]],[[[-71.0616,44.78901],[-71.06154,44.78884],[-71.06277,44.78797],[-71.06378,44.78747],[-71.06422,44.78755],[-71.06381,44.78797],[-71.06198,44.78893],[-71.0616,44.78901]]],[[[-71.05377,44.79228],[-71.05437,44.7914],[-71.05575,44.79047],[-71.05611,44.79034],[-71.05681,44.79053],[-71.05771,44.79037],[-71.05814,44.78977],[-71.05864,44.7896],[-71.05896,44.78926],[-71.06007,44.78864],[-71.05969,44.78998],[-71.05855,44.79118],[-71.05792,44.79134],[-71.05696,44.79105],[-71.05641,44.79104],[-71.0549,44.7914],[-71.0545,44.79199],[-71.05466,44.7934],[-71.05427,44.79417],[-71.05415,44.79414],[-71.0543,44.79359],[-71.05409,44.79269],[-71.05386,44.79269],[-71.05353,44.7936],[-71.05331,44.79372],[-71.05324,44.79363],[-71.05377,44.79228]]],[[[-71.05676,44.79462],[-71.05623,44.79417],[-71.05621,44.79381],[-71.05594,44.79353],[-71.05592,44.7934],[-71.05614,44.79333],[-71.05633,44.79375],[-71.05664,44.79371],[-71.05612,44.79245],[-71.05693,44.79235],[-71.05685,44.79256],[-71.05697,44.79259],[-71.05757,44.79243],[-71.05864,44.79236],[-71.05952,44.79191],[-71.06035,44.79061],[-71.06079,44.79053],[-71.06122,44.79062],[-71.05919,44.79265],[-71.05841,44.79391],[-71.05719,44.79516],[-71.05684,44.79527],[-71.05661,44.7952],[-71.05595,44.79453],[-71.0558,44.79407],[-71.05589,44.79394],[-71.05655,44.79491],[-71.05675,44.79491],[-71.05676,44.79462]]]]},"properties":{"id":"p-022-003-21000-fo~C4","property_id":"p-022-003-21000-fo","label":"Block C4","score":41,"status":"verified"}},{"type":"Feature","id":300,"geometry":{"type":"Polygon","coordinates":[[[-71.14634,44.73022],[-71.13933,44.73006],[-71.13946,44.73025],[-71.14007,44.73018],[-71.14011,44.73027],[-71.13996,44.73061],[-71.14,44.73096],[-71.13993,44.73112],[-71.13962,44.73121],[-71.13968,44.73139],[-71.14,44.73154],[-71.14055,44.73154],[-71.14055,44.73168],[-71.13967,44.73194],[-71.1397,44.73212],[-71.14015,44.73225],[-71.13999,44.7325],[-71.14049,44.7325],[-71.14074,44.73271],[-71.14119,44.73273],[-71.14152,44.73302],[-71.14169,44.73366],[-71.14117,44.73439],[-71.14119,44.73454],[-71.14142,44.73455],[-71.14036,44.73484],[-71.13859,44.73632],[-71.13789,44.7375],[-71.13801,44.73868],[-71.13861,44.7405],[-71.14045,44.74424],[-71.14198,44.74885],[-71.14243,44.75242],[-71.1422,44.75454],[-71.14265,44.75647],[-71.13992,44.75868],[-71.13985,44.75767],[-71.12928,44.75787],[-71.12919,44.75516],[-71.13948,44.75469],[-71.13918,44.74931],[-71.12855,44.74991],[-71.12768,44.74196],[-71.11838,44.74232],[-71.11685,44.72609],[-71.11533,44.72615],[-71.11826,44.71839],[-71.14614,44.72369],[-71.14634,44.73022]]]},"properties":{"id":"p-022-003-21000-fo~B8","property_id":"p-022-003-21000-fo","label":"Block B8","score":48,"status":"verified"}},{"type":"Feature","id":301,"geometry":{"type":"Polygon","coordinates":[[[-71.09755,44.72686],[-71.09745,44.71891],[-71.10718,44.71844],[-71.107,44.71624],[-71.11826,44.71839],[-71.11533,44.72615],[-71.09755,44.72686]]]},"properties":{"id":"p-022-003-21000-fo~C8","property_id":"p-022-003-21000-fo","label":"Block C8","score":43,"status":"verified"}},{"type":"Feature","id":302,"geometry":{"type":"MultiPolygon","coordinates":[[[[-71.13711,44.70886],[-71.12529,44.70869],[-71.12194,44.70865],[-71.12485,44.70094],[-71.13669,44.70319],[-71.13711,44.70886]]],[[[-71.12594,44.71765],[-71.14607,44.71705],[-71.14614,44.72369],[-71.11826,44.71839],[-71.12194,44.70865],[-71.12529,44.70869],[-71.12594,44.71765]]]]},"properties":{"id":"p-022-003-21000-fo~B9","property_id":"p-022-003-21000-fo","label":"Block B9","score":42,"status":"verified"}},{"type":"Feature","id":303,"geometry":{"type":"MultiPolygon","coordinates":[[[[-71.107,44.71624],[-71.1064,44.70873],[-71.11545,44.70857],[-71.12194,44.70865],[-71.11826,44.71839],[-71.107,44.71624]]],[[[-71.11545,44.70857],[-71.0955,44.70893],[-71.10028,44.69626],[-71.12485,44.70094],[-71.12194,44.70865],[-71.11545,44.70857]]]]},"properties":{"id":"p-022-003-21000-fo~C9","property_id":"p-022-003-21000-fo","label":"Block C9","score":45,"status":"verified"}},{"type":"Feature","id":304,"geometry":{"type":"MultiPolygon","coordinates":[[[[-71.06898,44.7094],[-71.07572,44.69158],[-71.10028,44.69626],[-71.0955,44.70893],[-71.06898,44.7094]]],[[[-71.07104,44.72181],[-71.0712,44.72164],[-71.07161,44.72178],[-71.07342,44.7228],[-71.07353,44.72304],[-71.07269,44.72289],[-71.07104,44.72181]]],[[[-71.08333,44.73438],[-71.08347,44.73479],[-71.08325,44.73488],[-71.08287,44.73468],[-71.08295,44.73433],[-71.08333,44.73438]]],[[[-71.08263,44.72951],[-71.08159,44.72903],[-71.08052,44.72834],[-71.07988,44.72768],[-71.07927,44.72771],[-71.07898,44.72692],[-71.07768,44.7259],[-71.07754,44.72561],[-71.07629,44.72469],[-71.07606,44.72437],[-71.0757,44.72425],[-71.07556,44.72406],[-71.07587,44.72388],[-71.07587,44.72363],[-71.0755,44.72342],[-71.07551,44.72321],[-71.07576,44.72305],[-71.07565,44.72268],[-71.07591,44.72236],[-71.07529,44.72204],[-71.07484,44.72202],[-71.07432,44.72238],[-71.07306,44.72189],[-71.07271,44.72189],[-71.07211,44.72147],[-71.07176,44.72144],[-71.07071,44.72083],[-71.07034,44.7205],[-71.07021,44.72034],[-71.07158,44.71947],[-71.07322,44.72043],[-71.07629,44.72073],[-71.07779,44.72205],[-71.07783,44.72256],[-71.07708,44.72271],[-71.07881,44.72514],[-71.08006,44.72611],[-71.08169,44.72708],[-71.08218,44.72721],[-71.08386,44.72723],[-71.08487,44.72693],[-71.08609,44.72684],[-71.0872,44.72597],[-71.08699,44.72433],[-71.08724,44.72431],[-71.08745,44.72599],[-71.08722,44.7263],[-71.08585,44.72734],[-71.08559,44.72965],[-71.08574,44.73035],[-71.08608,44.73097],[-71.08858,44.73431],[-71.08872,44.73476],[-71.08868,44.73611],[-71.08909,44.73738],[-71.08891,44.73859],[-71.08985,44.74023],[-71.09029,44.74131],[-71.09189,44.74646],[-71.09149,44.7469],[-71.09051,44.74729],[-71.08979,44.74774],[-71.08937,44.74781],[-71.08845,44.74762],[-71.08661,44.74853],[-71.08557,44.74921],[-71.08485,44.74949],[-71.08361,44.75072],[-71.08267,44.7512],[-71.08194,44.75116],[-71.08047,44.75032],[-71.07988,44.7494],[-71.07932,44.74921],[-71.07771,44.74897],[-71.07402,44.74911],[-71.07185,44.74865],[-71.07094,44.74897],[-71.069,44.75044],[-71.06765,44.75067],[-71.06769,44.75049],[-71.06855,44.75039],[-71.06902,44.75021],[-71.07078,44.74883],[-71.07166,44.74848],[-71.07273,44.74858],[-71.07408,44.74893],[-71.07746,44.7488],[-71.07507,44.74581],[-71.07406,44.74478],[-71.07053,44.74493],[-71.07054,44.74471],[-71.07414,44.74458],[-71.07529,44.74572],[-71.07727,44.74829],[-71.07779,44.74879],[-71.07993,44.7492],[-71.08025,44.74948],[-71.08066,44.75019],[-71.08206,44.751],[-71.08261,44.75102],[-71.08315,44.7508],[-71.0843,44.74961],[-71.08525,44.74913],[-71.08395,44.7476],[-71.08377,44.74555],[-71.08388,44.74407],[-71.08402,44.74325],[-71.08439,44.74273],[-71.08456,44.74204],[-71.08353,44.7411],[-71.0809,44.74019],[-71.07936,44.73998],[-71.07927,44.73858],[-71.07976,44.73865],[-71.07999,44.73843],[-71.08025,44.73846],[-71.08049,44.73888],[-71.08115,44.73875],[-71.08166,44.73889],[-71.08199,44.73873],[-71.0822,44.73911],[-71.08284,44.73935],[-71.08318,44.73941],[-71.08339,44.73921],[-71.08356,44.73924],[-71.08412,44.73967],[-71.08464,44.73972],[-71.08539,44.74039],[-71.08543,44.74079],[-71.08621,44.74107],[-71.08626,44.74126],[-71.08676,44.74157],[-71.08673,44.74206],[-71.08641,44.74268],[-71.0865,44.74321],[-71.08574,44.74448],[-71.08566,44.74526],[-71.08577,44.74593],[-71.08603,44.74629],[-71.08607,44.74706],[-71.08594,44.74755],[-71.08633,44.74773],[-71.08682,44.7475],[-71.08763,44.74641],[-71.08873,44.74723],[-71.08948,44.74748],[-71.08929,44.74669],[-71.08942,44.74564],[-71.08853,44.74564],[-71.08812,44.74526],[-71.08838,44.74452],[-71.08817,44.74365],[-71.08858,44.74345],[-71.08864,44.74303],[-71.08935,44.74157],[-71.08899,44.74046],[-71.08743,44.73825],[-71.08743,44.73753],[-71.08781,44.7364],[-71.08766,44.73595],[-71.08766,44.73474],[-71.08623,44.73305],[-71.08545,44.73183],[-71.08508,44.73084],[-71.08467,44.73049],[-71.08432,44.72993],[-71.08412,44.72977],[-71.08287,44.72947],[-71.08263,44.72951]],[[-71.07685,44.72278],[-71.07669,44.72278],[-71.07692,44.72333],[-71.07744,44.72399],[-71.0776,44.7239],[-71.07685,44.72278]]]]},"properties":{"id":"p-022-003-21000-fo~D9","property_id":"p-022-003-21000-fo","label":"Block D9","score":46,"status":"verified"}},{"type":"Feature","id":305,"geometry":{"type":"Polygon","coordinates":[[[-71.06116,44.70505],[-71.05759,44.70281],[-71.05645,44.70228],[-71.05517,44.70209],[-71.05412,44.70211],[-71.049,44.70289],[-71.04792,44.6969],[-71.05101,44.69516],[-71.05142,44.69513],[-71.05153,44.69528],[-71.05228,44.6955],[-71.05301,44.69545],[-71.05316,44.69561],[-71.05362,44.69557],[-71.05392,44.69573],[-71.05473,44.69579],[-71.05494,44.696],[-71.05566,44.69586],[-71.05601,44.69605],[-71.05599,44.69573],[-71.05702,44.69487],[-71.05817,44.69442],[-71.05881,44.69349],[-71.0601,44.69239],[-71.06053,44.69138],[-71.06091,44.68985],[-71.06206,44.68897],[-71.07572,44.69158],[-71.06898,44.7094],[-71.06858,44.70941],[-71.06755,44.70871],[-71.06561,44.70783],[-71.06356,44.70673],[-71.06116,44.70505]]]},"properties":{"id":"p-022-003-21000-fo~E9","property_id":"p-022-003-21000-fo","label":"Block E9","score":39,"status":"verified"}},{"type":"Feature","id":306,"geometry":{"type":"Polygon","coordinates":[[[-71.10486,44.68413],[-71.10562,44.68431],[-71.10631,44.68423],[-71.10761,44.68358],[-71.10952,44.68299],[-71.11078,44.68309],[-71.11269,44.68292],[-71.11402,44.68316],[-71.11643,44.68408],[-71.11721,44.68427],[-71.11851,44.68426],[-71.12007,44.68369],[-71.1213,44.68357],[-71.12327,44.68434],[-71.12504,44.68451],[-71.12558,44.68469],[-71.12686,44.68565],[-71.12757,44.68708],[-71.13021,44.68999],[-71.131,44.69053],[-71.13271,44.69117],[-71.13437,44.69249],[-71.13469,44.69289],[-71.13507,44.69378],[-71.13654,44.69515],[-71.13673,44.69605],[-71.13645,44.69721],[-71.13625,44.69727],[-71.13669,44.70319],[-71.10028,44.69626],[-71.10486,44.68413]]]},"properties":{"id":"p-022-003-21000-fo~C10","property_id":"p-022-003-21000-fo","label":"Block C10","score":49,"status":"verified"}},{"type":"Feature","id":307,"geometry":{"type":"Polygon","coordinates":[[[-71.08066,44.6785],[-71.08189,44.67873],[-71.08325,44.67935],[-71.08579,44.68014],[-71.08657,44.68017],[-71.08773,44.67963],[-71.08888,44.67821],[-71.09139,44.67638],[-71.09203,44.67613],[-71.09275,44.67612],[-71.0931,44.67669],[-71.09429,44.67718],[-71.09467,44.67746],[-71.09571,44.67919],[-71.09695,44.67952],[-71.09791,44.68013],[-71.09829,44.68111],[-71.09858,44.68141],[-71.09933,44.68166],[-71.10075,44.68186],[-71.10192,44.68295],[-71.10307,44.68351],[-71.10486,44.68413],[-71.10028,44.69626],[-71.07572,44.69158],[-71.08066,44.6785]]]},"properties":{"id":"p-022-003-21000-fo~D10","property_id":"p-022-003-21000-fo","label":"Block D10","score":35,"status":"verified"}},{"type":"Feature","id":308,"geometry":{"type":"Polygon","coordinates":[[[-71.06207,44.68897],[-71.0632,44.68831],[-71.06459,44.6871],[-71.06589,44.68635],[-71.06676,44.68544],[-71.06603,44.68524],[-71.06532,44.68481],[-71.07312,44.67468],[-71.0733,44.67472],[-71.07329,44.67511],[-71.07362,44.67543],[-71.07519,44.67599],[-71.07645,44.67664],[-71.07808,44.67694],[-71.08066,44.6785],[-71.07572,44.69158],[-71.06207,44.68897]]]},"properties":{"id":"p-022-003-21000-fo~E10","property_id":"p-022-003-21000-fo","label":"Block E10","score":37,"status":"verified"}},{"type":"Feature","id":309,"geometry":{"type":"MultiPolygon","coordinates":[[[[-71.08193,44.81721],[-71.07958,44.81615],[-71.07893,44.81574],[-71.08225,44.81637],[-71.08193,44.81721]]],[[[-71.08057,44.82047],[-71.07948,44.8194],[-71.08009,44.81892],[-71.0811,44.81941],[-71.08059,44.82076],[-71.08057,44.82047]]],[[[-71.07281,44.81704],[-71.0747,44.81813],[-71.07495,44.81844],[-71.07508,44.81881],[-71.07498,44.81937],[-71.07402,44.8199],[-71.07379,44.82026],[-71.07255,44.82104],[-71.07173,44.82125],[-71.0707,44.8212],[-71.0699,44.82254],[-71.0687,44.82353],[-71.0687,44.82459],[-71.06914,44.82574],[-71.06921,44.82633],[-71.06887,44.8271],[-71.06861,44.82711],[-71.06895,44.82611],[-71.06845,44.82462],[-71.06848,44.82343],[-71.06969,44.82244],[-71.07032,44.82123],[-71.07057,44.82103],[-71.07173,44.82107],[-71.07241,44.82089],[-71.07361,44.82013],[-71.0738,44.81979],[-71.07466,44.81939],[-71.07482,44.81909],[-71.07471,44.81851],[-71.0745,44.81825],[-71.07361,44.81766],[-71.07261,44.81724],[-71.0726,44.81676],[-71.07322,44.81555],[-71.07332,44.81467],[-71.07357,44.81472],[-71.07347,44.81559],[-71.07281,44.81704]]],[[[-71.07765,44.82487],[-71.07697,44.82645],[-71.07673,44.82806],[-71.07571,44.82811],[-71.07563,44.8266],[-71.0761,44.82658],[-71.0761,44.82744],[-71.07627,44.8275],[-71.07632,44.82657],[-71.07654,44.82656],[-71.07748,44.82335],[-71.07817,44.82253],[-71.07945,44.82168],[-71.08036,44.82129],[-71.08046,44.8211],[-71.08019,44.82181],[-71.07912,44.82259],[-71.07765,44.82487]]],[[[-71.06946,44.8367],[-71.06992,44.84513],[-71.06908,44.84515],[-71.06928,44.84731],[-71.0608,44.84764],[-71.06059,44.84695],[-71.06105,44.84683],[-71.06098,44.8467],[-71.06053,44.84682],[-71.05999,44.84603],[-71.05911,44.84527],[-71.05925,44.84493],[-71.05891,44.84409],[-71.05847,44.84384],[-71.05796,44.84292],[-71.0577,44.84291],[-71.05752,44.84186],[-71.0573,44.83753],[-71.05755,44.8364],[-71.05845,44.83651],[-71.05852,44.83596],[-71.05768,44.83586],[-71.0579,44.83501],[-71.05701,44.83496],[-71.05714,44.83346],[-71.05679,44.83344],[-71.05664,44.83387],[-71.05626,44.83374],[-71.05645,44.83203],[-71.05571,44.8305],[-71.05563,44.82978],[-71.05578,44.82958],[-71.05601,44.82947],[-71.05641,44.82963],[-71.05727,44.83083],[-71.05761,44.83104],[-71.05828,44.83134],[-71.05867,44.83132],[-71.05915,44.83105],[-71.0595,44.83059],[-71.05967,44.83],[-71.05962,44.82901],[-71.0599,44.82842],[-71.0607,44.82829],[-71.06274,44.82854],[-71.06313,44.82868],[-71.06374,44.82924],[-71.06604,44.82999],[-71.06694,44.83023],[-71.07029,44.83079],[-71.07348,44.83234],[-71.07358,44.83294],[-71.07347,44.83301],[-71.07368,44.83307],[-71.07418,44.83365],[-71.07391,44.83389],[-71.07422,44.83451],[-71.07455,44.83444],[-71.07425,44.83374],[-71.07552,44.83319],[-71.07557,44.83295],[-71.07547,44.83284],[-71.07533,44.83294],[-71.07526,44.83286],[-71.07557,44.83254],[-71.07581,44.83195],[-71.07628,44.832],[-71.07648,44.83063],[-71.07716,44.82869],[-71.0773,44.82714],[-71.07749,44.82658],[-71.07774,44.82828],[-71.07564,44.83383],[-71.07863,44.8344],[-71.0789,44.83622],[-71.06946,44.8367]],[[-71.06099,44.83012],[-71.06061,44.83007],[-71.06076,44.82953],[-71.06029,44.82947],[-71.06043,44.82893],[-71.06081,44.82898],[-71.06093,44.82853],[-71.06049,44.82848],[-71.06012,44.82871],[-71.05995,44.82914],[-71.06004,44.82957],[-71.06031,44.82975],[-71.06005,44.83069],[-71.0596,44.83127],[-71.05979,44.83151],[-71.06008,44.8314],[-71.06039,44.83159],[-71.06056,44.83128],[-71.0602,44.83118],[-71.06027,44.83105],[-71.06062,44.83115],[-71.06091,44.83039],[-71.06054,44.83034],[-71.06058,44.83021],[-71.06095,44.83026],[-71.06099,44.83012]],[[-71.06396,44.82997],[-71.06417,44.82963],[-71.06345,44.82926],[-71.06304,44.82884],[-71.06277,44.82927],[-71.06396,44.82997]],[[-71.06769,44.83074],[-71.06605,44.83034],[-71.06589,44.83059],[-71.06761,44.83101],[-71.06769,44.83074]],[[-71.06483,44.83025],[-71.06571,44.83053],[-71.06587,44.83028],[-71.06429,44.82977],[-71.06413,44.83002],[-71.06466,44.83019],[-71.0645,44.83044],[-71.06468,44.8305],[-71.06483,44.83025]],[[-71.05651,44.83065],[-71.05629,44.82994],[-71.0561,44.82991],[-71.05613,44.83041],[-71.05642,44.8308],[-71.05651,44.83065]],[[-71.07174,44.83479],[-71.07202,44.83479],[-71.07188,44.83439],[-71.07161,44.83442],[-71.07174,44.83479]],[[-71.05829,44.83186],[-71.05864,44.83265],[-71.05927,44.83302],[-71.05937,44.83326],[-71.05926,44.83342],[-71.05951,44.83329],[-71.0593,44.83291],[-71.0589,44.83274],[-71.05852,44.83228],[-71.05891,44.83208],[-71.05882,44.83195],[-71.05946,44.83165],[-71.05927,44.83141],[-71.05829,44.83186]],[[-71.05681,44.83234],[-71.05677,44.83339],[-71.05714,44.83342],[-71.05723,44.8326],[-71.05735,44.83242],[-71.05752,44.83245],[-71.05761,44.8323],[-71.05832,44.83205],[-71.05827,44.83172],[-71.05681,44.83234]],[[-71.05764,44.83348],[-71.05726,44.83347],[-71.05726,44.8336],[-71.05765,44.83361],[-71.05764,44.83348]],[[-71.05731,44.83302],[-71.05725,44.83343],[-71.05764,44.83343],[-71.05766,44.83302],[-71.05731,44.83302]],[[-71.05804,44.83217],[-71.05824,44.83241],[-71.05845,44.83231],[-71.05837,44.83213],[-71.05804,44.83217]],[[-71.07049,44.83407],[-71.07039,44.83364],[-71.07019,44.83362],[-71.07029,44.83409],[-71.07049,44.83407]]],[[[-71.05775,44.84985],[-71.05707,44.84988],[-71.05664,44.84968],[-71.05632,44.84931],[-71.05602,44.84838],[-71.05568,44.84813],[-71.05512,44.84798],[-71.05415,44.84814],[-71.05366,44.84869],[-71.05288,44.84901],[-71.05231,44.84905],[-71.0513,44.8489],[-71.05006,44.848],[-71.04946,44.84779],[-71.04777,44.84813],[-71.04775,44.84872],[-71.04836,44.84938],[-71.04903,44.84977],[-71.05145,44.85044],[-71.0521,44.85072],[-71.05279,44.85114],[-71.05411,44.85231],[-71.05546,44.85295],[-71.05511,44.85378],[-71.05492,44.85372],[-71.05493,44.85496],[-71.05363,44.85579],[-71.05231,44.85747],[-71.05255,44.85768],[-71.05366,44.85618],[-71.05398,44.85592],[-71.054,44.85604],[-71.05361,44.85631],[-71.05479,44.85587],[-71.05499,44.8559],[-71.05473,44.85577],[-71.05521,44.85537],[-71.05568,44.85541],[-71.05533,44.85704],[-71.05487,44.85772],[-71.05408,44.85842],[-71.05281,44.85795],[-71.05403,44.85846],[-71.05364,44.85889],[-71.0529,44.85899],[-71.0531,44.85961],[-71.05268,44.85959],[-71.05183,44.8578],[-71.05141,44.85804],[-71.05055,44.85798],[-71.04989,44.85736],[-71.04988,44.85683],[-71.05022,44.85615],[-71.05082,44.85565],[-71.05189,44.85514],[-71.0533,44.85493],[-71.0536,44.85474],[-71.05393,44.85425],[-71.05372,44.85357],[-71.05109,44.8539],[-71.04904,44.85389],[-71.04834,44.854],[-71.04731,44.8544],[-71.0461,44.85514],[-71.04597,44.85485],[-71.04807,44.8538],[-71.04973,44.8536],[-71.05135,44.85363],[-71.05299,44.85329],[-71.05488,44.85324],[-71.0551,44.85297],[-71.05395,44.85248],[-71.052,44.85099],[-71.0508,44.85056],[-71.0499,44.85038],[-71.05139,44.85094],[-71.05162,44.85116],[-71.05108,44.85089],[-71.0509,44.85108],[-71.05071,44.85098],[-71.05071,44.8513],[-71.05021,44.85119],[-71.04923,44.85023],[-71.04764,44.84939],[-71.04711,44.84872],[-71.04704,44.84827],[-71.04745,44.84728],[-71.04684,44.84745],[-71.04644,44.84795],[-71.04642,44.8482],[-71.04694,44.84916],[-71.04765,44.84976],[-71.04671,44.84933],[-71.04647,44.84938],[-71.04594,44.84899],[-71.04551,44.84806],[-71.04601,44.847],[-71.04647,44.84679],[-71.04716,44.84722],[-71.04729,44.84719],[-71.04634,44.84616],[-71.04629,44.8453],[-71.04646,44.84481],[-71.04724,44.84425],[-71.04774,44.84419],[-71.04804,44.84385],[-71.04872,44.84382],[-71.04817,44.84432],[-71.04722,44.84458],[-71.04667,44.84519],[-71.04663,44.84568],[-71.0473,44.84654],[-71.04883,44.84636],[-71.04963,44.84616],[-71.05079,44.84557],[-71.05364,44.84502],[-71.05403,44.84484],[-71.05475,44.8442],[-71.05532,44.84424],[-71.0561,44.84471],[-71.05676,44.84535],[-71.05806,44.84751],[-71.05804,44.84953],[-71.05775,44.84985]],[[-71.05618,44.84822],[-71.05693,44.84957],[-71.05738,44.84966],[-71.05726,44.84895],[-71.05748,44.84771],[-71.05617,44.84545],[-71.05567,44.84487],[-71.05505,44.84448],[-71.05471,44.84449],[-71.05422,44.84495],[-71.05328,44.84545],[-71.05164,44.84574],[-71.05059,44.84606],[-71.0515,44.84598],[-71.05205,44.84606],[-71.05129,44.8464],[-71.0522,44.84621],[-71.05215,44.84643],[-71.04754,44.84694],[-71.04802,44.84752],[-71.04795,44.84777],[-71.04913,44.84757],[-71.04981,44.84774],[-71.05071,44.84815],[-71.05159,44.84879],[-71.05272,44.84888],[-71.05323,44.84869],[-71.05351,44.84845],[-71.05298,44.84866],[-71.05221,44.84868],[-71.05175,44.84856],[-71.05174,44.84841],[-71.05234,44.84813],[-71.05259,44.84808],[-71.05278,44.84818],[-71.05376,44.84793],[-71.05512,44.8478],[-71.05618,44.84822]],[[-71.05115,44.85583],[-71.05044,44.85646],[-71.05021,44.85711],[-71.05053,44.85763],[-71.05118,44.85783],[-71.05161,44.85769],[-71.05198,44.8574],[-71.05328,44.85568],[-71.05458,44.85468],[-71.05474,44.85393],[-71.05399,44.85399],[-71.05401,44.85465],[-71.05341,44.85513],[-71.05218,44.85535],[-71.05115,44.85583]]],[[[-71.05449,44.85067],[-71.05451,44.85036],[-71.05479,44.85008],[-71.05515,44.85003],[-71.05525,44.85079],[-71.05606,44.8516],[-71.05545,44.85267],[-71.05456,44.85235],[-71.05505,44.8522],[-71.05507,44.85209],[-71.05449,44.85067]]],[[[-71.05638,44.85374],[-71.05594,44.85434],[-71.05532,44.85425],[-71.0553,44.85385],[-71.05552,44.85345],[-71.05638,44.85374]]],[[[-71.05572,44.83504],[-71.05562,44.83479],[-71.0547,44.83573],[-71.05448,44.83589],[-71.05437,44.83584],[-71.05298,44.83693],[-71.05278,44.83697],[-71.05292,44.8367],[-71.05365,44.83613],[-71.05316,44.83623],[-71.05252,44.83695],[-71.05218,44.83761],[-71.05181,44.83761],[-71.05205,44.83704],[-71.05273,44.83629],[-71.05466,44.83536],[-71.05555,44.83458],[-71.0563,44.83507],[-71.05609,44.83539],[-71.05615,44.83554],[-71.05603,44.83543],[-71.05611,44.83519],[-71.05597,44.83493],[-71.05572,44.83504]]],[[[-71.04789,44.84275],[-71.04757,44.84288],[-71.04704,44.84241],[-71.04805,44.84127],[-71.04867,44.84111],[-71.04919,44.84072],[-71.0498,44.8406],[-71.05098,44.84009],[-71.05108,44.84058],[-71.05165,44.84138],[-71.05163,44.84193],[-71.04947,44.84297],[-71.04896,44.84347],[-71.04864,44.84323],[-71.0483,44.84353],[-71.04765,44.84296],[-71.04823,44.84292],[-71.04789,44.84275]]],[[[-71.04684,44.8561],[-71.0469,44.85647],[-71.04743,44.85719],[-71.04738,44.85778],[-71.04721,44.85797],[-71.04764,44.85826],[-71.04689,44.85799],[-71.04688,44.85768],[-71.04635,44.8579],[-71.0466,44.85808],[-71.04643,44.85819],[-71.04687,44.85818],[-71.04728,44.85845],[-71.04808,44.85964],[-71.0477,44.85927],[-71.04779,44.85953],[-71.04852,44.8604],[-71.04874,44.86064],[-71.04988,44.86106],[-71.04993,44.8614],[-71.04728,44.86192],[-71.04717,44.86071],[-71.04651,44.86077],[-71.04603,44.85554],[-71.04624,44.85525],[-71.04684,44.8561]]]]},"properties":{"id":"p-022-003-21000-fo-2~B2","property_id":"p-022-003-21000-fo-2","label":"Block B2","score":34,"status":"verified"}},{"type":"Feature","id":310,"geometry":{"type":"MultiPolygon","coordinates":[[[[-71.11238,44.80359],[-71.11283,44.80463],[-71.11271,44.80556],[-71.11144,44.80719],[-71.11038,44.80973],[-71.10935,44.81085],[-71.10817,44.81165],[-71.10547,44.8125],[-71.10498,44.81281],[-71.10449,44.81354],[-71.10394,44.81392],[-71.10315,44.81413],[-71.10134,44.8143],[-71.10047,44.81384],[-71.09963,44.81372],[-71.0968,44.81384],[-71.09595,44.81394],[-71.09493,44.81423],[-71.09147,44.81666],[-71.0888,44.81748],[-71.08604,44.81761],[-71.08573,44.81775],[-71.08426,44.81886],[-71.08181,44.82037],[-71.0808,44.82139],[-71.08019,44.82181],[-71.0811,44.81941],[-71.0813,44.81955],[-71.08207,44.81964],[-71.0824,44.81956],[-71.08396,44.81821],[-71.08396,44.81798],[-71.08362,44.81778],[-71.08289,44.81744],[-71.08193,44.81721],[-71.08863,44.79951],[-71.08936,44.80035],[-71.09016,44.80209],[-71.09142,44.80312],[-71.09143,44.8036],[-71.09161,44.8039],[-71.09155,44.80485],[-71.09129,44.80553],[-71.09146,44.80619],[-71.09082,44.8093],[-71.09088,44.81047],[-71.09114,44.81045],[-71.09107,44.80932],[-71.09171,44.8062],[-71.09154,44.80552],[-71.0918,44.80489],[-71.09188,44.80389],[-71.09194,44.79951],[-71.1121,44.80334],[-71.11238,44.80359]]],[[[-71.07774,44.82828],[-71.07863,44.8344],[-71.07564,44.83383],[-71.07774,44.82828]]]]},"properties":{"id":"p-022-003-21000-fo-2~A4","property_id":"p-022-003-21000-fo-2","label":"Block A4","score":46,"status":"verified"}},{"type":"Feature","id":311,"geometry":{"type":"MultiPolygon","coordinates":[[[[-71.06273,44.79762],[-71.06182,44.7959],[-71.06156,44.79462],[-71.06166,44.79374],[-71.06256,44.79391],[-71.06276,44.79586],[-71.06337,44.79725],[-71.06514,44.7994],[-71.06857,44.80257],[-71.07149,44.8045],[-71.07108,44.79554],[-71.0883,44.79882],[-71.08863,44.79951],[-71.08225,44.81637],[-71.07893,44.81574],[-71.07587,44.81328],[-71.07397,44.81224],[-71.07325,44.81143],[-71.07181,44.81142],[-71.0717,44.809],[-71.07071,44.80882],[-71.06988,44.80833],[-71.06937,44.80835],[-71.06978,44.80814],[-71.06961,44.80768],[-71.06967,44.80717],[-71.07045,44.80666],[-71.07101,44.80666],[-71.07259,44.80717],[-71.07277,44.80704],[-71.07159,44.80601],[-71.07094,44.80502],[-71.06883,44.80363],[-71.06395,44.79925],[-71.06273,44.79762]]],[[[-71.05855,44.81069],[-71.05937,44.80925],[-71.05963,44.80908],[-71.06034,44.80914],[-71.06099,44.809],[-71.06143,44.80909],[-71.06222,44.80882],[-71.06573,44.80858],[-71.06722,44.80916],[-71.06901,44.80959],[-71.07009,44.81004],[-71.07092,44.81008],[-71.07119,44.81032],[-71.07174,44.81132],[-71.07203,44.81176],[-71.07253,44.81218],[-71.07363,44.81381],[-71.07357,44.81472],[-71.07332,44.81467],[-71.07337,44.81385],[-71.07231,44.81227],[-71.07183,44.81188],[-71.07077,44.81024],[-71.07002,44.81022],[-71.06889,44.80975],[-71.06712,44.80932],[-71.06567,44.80876],[-71.06226,44.809],[-71.06143,44.80927],[-71.06096,44.80919],[-71.06038,44.80933],[-71.05972,44.80925],[-71.05901,44.81054],[-71.05863,44.81086],[-71.05813,44.81083],[-71.05711,44.81038],[-71.05672,44.81035],[-71.05558,44.81054],[-71.05515,44.81087],[-71.05481,44.8115],[-71.05465,44.81244],[-71.05494,44.81311],[-71.05488,44.81362],[-71.05521,44.81425],[-71.05483,44.81453],[-71.05411,44.81566],[-71.0525,44.81598],[-71.05185,44.81593],[-71.0504,44.81555],[-71.04977,44.81517],[-71.05022,44.8163],[-71.05058,44.81853],[-71.05118,44.81972],[-71.05107,44.82102],[-71.04285,44.82144],[-71.04207,44.81328],[-71.0544,44.81248],[-71.05464,44.81122],[-71.05523,44.81048],[-71.05671,44.81017],[-71.05721,44.81022],[-71.05823,44.81066],[-71.05855,44.81069]],[[-71.05396,44.81551],[-71.05394,44.81552],[-71.05395,44.81552],[-71.05396,44.81551]],[[-71.04717,44.81519],[-71.04711,44.81519],[-71.04729,44.8152],[-71.04717,44.81519]]]]},"properties":{"id":"p-022-003-21000-fo-2~B4","property_id":"p-022-003-21000-fo-2","label":"Block B4","score":57,"status":"verified"}},{"type":"Feature","id":312,"geometry":{"type":"Polygon","coordinates":[[[-71.10177,44.78271],[-71.10214,44.78329],[-71.10303,44.7838],[-71.10561,44.78462],[-71.11057,44.78435],[-71.11245,44.78471],[-71.11262,44.78954],[-71.11416,44.78951],[-71.11303,44.79001],[-71.11015,44.79085],[-71.10862,44.79177],[-71.10816,44.79237],[-71.10765,44.79417],[-71.10815,44.79764],[-71.1103,44.80193],[-71.11069,44.80237],[-71.1121,44.80334],[-71.09194,44.79951],[-71.09068,44.79869],[-71.09041,44.79876],[-71.08992,44.79807],[-71.08997,44.79738],[-71.08954,44.7971],[-71.09062,44.79423],[-71.09117,44.79519],[-71.0916,44.79545],[-71.09174,44.79576],[-71.09103,44.7962],[-71.09077,44.79694],[-71.09074,44.79722],[-71.09113,44.79772],[-71.09102,44.7982],[-71.09202,44.79906],[-71.09246,44.78937],[-71.09338,44.78694],[-71.0939,44.78693],[-71.09351,44.7866],[-71.09545,44.78147],[-71.10177,44.78271]]]},"properties":{"id":"p-022-003-21000-fo-2~A5","property_id":"p-022-003-21000-fo-2","label":"Block A5","score":48,"status":"verified"}},{"type":"Feature","id":313,"geometry":{"type":"MultiPolygon","coordinates":[[[[-71.09351,44.7866],[-71.09143,44.78458],[-71.09093,44.78443],[-71.08908,44.78445],[-71.08702,44.78506],[-71.08545,44.78524],[-71.0836,44.78483],[-71.08226,44.78432],[-71.08083,44.78353],[-71.0791,44.783],[-71.07834,44.783],[-71.07786,44.78278],[-71.07613,44.78269],[-71.07552,44.78291],[-71.07442,44.78296],[-71.07362,44.7824],[-71.07245,44.78201],[-71.07167,44.7821],[-71.07053,44.78279],[-71.07052,44.78244],[-71.05993,44.7831],[-71.05984,44.77972],[-71.06054,44.77998],[-71.06217,44.78024],[-71.06301,44.78021],[-71.06339,44.78014],[-71.06416,44.77955],[-71.0649,44.77941],[-71.06716,44.77985],[-71.06913,44.78043],[-71.07325,44.77835],[-71.07418,44.77885],[-71.07532,44.77908],[-71.07956,44.77906],[-71.08019,44.77928],[-71.0808,44.77911],[-71.08073,44.77893],[-71.08108,44.77873],[-71.09268,44.78094],[-71.09045,44.78093],[-71.09041,44.78167],[-71.09117,44.78244],[-71.09162,44.78264],[-71.09154,44.7835],[-71.09118,44.78317],[-71.09124,44.78338],[-71.09092,44.78322],[-71.091,44.78339],[-71.09086,44.78347],[-71.09079,44.78339],[-71.09075,44.78352],[-71.0911,44.78356],[-71.09062,44.78384],[-71.09155,44.78396],[-71.09232,44.78461],[-71.09297,44.78497],[-71.09326,44.78294],[-71.09308,44.78102],[-71.09545,44.78147],[-71.09351,44.7866]],[[-71.07046,44.78192],[-71.07188,44.78133],[-71.07255,44.78131],[-71.0739,44.78169],[-71.07503,44.78177],[-71.07587,44.78198],[-71.07845,44.78213],[-71.07965,44.78243],[-71.08136,44.78313],[-71.08231,44.78374],[-71.08366,44.78435],[-71.08533,44.7847],[-71.08583,44.7847],[-71.08846,44.78403],[-71.09009,44.78394],[-71.09038,44.78381],[-71.09023,44.78352],[-71.09038,44.78332],[-71.08983,44.78298],[-71.08906,44.78279],[-71.08777,44.78276],[-71.0881,44.78253],[-71.08825,44.78162],[-71.08803,44.7813],[-71.08725,44.78091],[-71.0704,44.78081],[-71.07046,44.78192]]],[[[-71.08954,44.7971],[-71.08884,44.79641],[-71.08763,44.79635],[-71.08702,44.79472],[-71.08664,44.79427],[-71.0869,44.7943],[-71.08713,44.79414],[-71.08696,44.79396],[-71.08707,44.79363],[-71.08665,44.79329],[-71.08597,44.79301],[-71.08574,44.79264],[-71.08537,44.79246],[-71.08516,44.79185],[-71.08534,44.79164],[-71.08513,44.79168],[-71.08513,44.7916],[-71.08533,44.79139],[-71.08613,44.79113],[-71.08612,44.79084],[-71.08588,44.79065],[-71.08623,44.79058],[-71.08614,44.79028],[-71.0858,44.79014],[-71.08659,44.78879],[-71.08681,44.78874],[-71.08663,44.78867],[-71.0867,44.78849],[-71.08702,44.78873],[-71.08722,44.78869],[-71.08716,44.78838],[-71.08688,44.78822],[-71.08743,44.78815],[-71.08733,44.78791],[-71.08768,44.78788],[-71.08765,44.78771],[-71.08733,44.78766],[-71.08738,44.78733],[-71.08766,44.78719],[-71.08797,44.78722],[-71.08788,44.78688],[-71.08893,44.78604],[-71.08966,44.7857],[-71.09068,44.78564],[-71.09227,44.78595],[-71.09338,44.78694],[-71.09246,44.78937],[-71.09249,44.78918],[-71.0918,44.78924],[-71.09134,44.78878],[-71.09093,44.78864],[-71.09033,44.78867],[-71.08975,44.78837],[-71.08922,44.78854],[-71.08903,44.78874],[-71.08913,44.79008],[-71.08864,44.79079],[-71.08911,44.79198],[-71.08908,44.79244],[-71.08923,44.79268],[-71.08979,44.79297],[-71.09062,44.79423],[-71.08954,44.7971]]],[[[-71.06257,44.79186],[-71.06382,44.79083],[-71.06425,44.79124],[-71.06306,44.79256],[-71.06256,44.79391],[-71.06166,44.79374],[-71.06205,44.79271],[-71.06257,44.79186]]],[[[-71.07338,44.79553],[-71.07486,44.7959],[-71.07915,44.79608],[-71.08042,44.79575],[-71.0834,44.7953],[-71.0839,44.79555],[-71.08476,44.79694],[-71.08519,44.79736],[-71.08569,44.79742],[-71.0868,44.79721],[-71.08766,44.79734],[-71.08819,44.79814],[-71.0883,44.79882],[-71.07108,44.79554],[-71.07338,44.79553]]]]},"properties":{"id":"p-022-003-21000-fo-2~C5","property_id":"p-022-003-21000-fo-2","label":"Block C5","score":39,"status":"verified"}},{"type":"Feature","id":314,"geometry":{"type":"MultiPolygon","coordinates":[[[[-71.0867,44.77373],[-71.08591,44.77388],[-71.08509,44.77427],[-71.08426,44.77367],[-71.08363,44.77261],[-71.08176,44.77067],[-71.08038,44.76884],[-71.07924,44.76811],[-71.07625,44.76582],[-71.07548,44.76457],[-71.07746,44.75934],[-71.09577,44.76282],[-71.09667,44.76704],[-71.09742,44.76821],[-71.09797,44.76956],[-71.0994,44.77049],[-71.10003,44.77116],[-71.10068,44.77216],[-71.10109,44.77378],[-71.10106,44.77446],[-71.10074,44.77467],[-71.09996,44.77433],[-71.09869,44.77437],[-71.09631,44.77501],[-71.09584,44.77537],[-71.09526,44.77667],[-71.09447,44.77699],[-71.0941,44.77687],[-71.09338,44.77624],[-71.09246,44.7759],[-71.09093,44.77457],[-71.09055,44.77439],[-71.0897,44.77415],[-71.08822,44.77405],[-71.0867,44.77373]],[[-71.09703,44.77184],[-71.09734,44.77155],[-71.09765,44.77155],[-71.09797,44.77126],[-71.09805,44.77061],[-71.09728,44.77048],[-71.09691,44.77009],[-71.09599,44.77001],[-71.09554,44.76985],[-71.09497,44.76957],[-71.09454,44.76906],[-71.09386,44.76873],[-71.09371,44.76895],[-71.0939,44.76909],[-71.09388,44.7695],[-71.09401,44.76962],[-71.09392,44.76996],[-71.09419,44.77011],[-71.09436,44.7705],[-71.09401,44.77172],[-71.0953,44.77181],[-71.09597,44.77209],[-71.09635,44.77203],[-71.09651,44.77187],[-71.09703,44.77184]]],[[[-71.09876,44.77463],[-71.09989,44.7746],[-71.10044,44.77484],[-71.10017,44.77567],[-71.10035,44.77571],[-71.10036,44.77678],[-71.10149,44.7783],[-71.10167,44.77875],[-71.10156,44.77968],[-71.10209,44.78114],[-71.10177,44.78267],[-71.08108,44.77873],[-71.08183,44.77823],[-71.08273,44.77803],[-71.08303,44.7778],[-71.08371,44.77682],[-71.08463,44.77589],[-71.0852,44.77466],[-71.08607,44.77413],[-71.08687,44.774],[-71.08816,44.77432],[-71.08962,44.77442],[-71.09036,44.77462],[-71.0922,44.7761],[-71.09314,44.77645],[-71.09385,44.77708],[-71.09448,44.77727],[-71.09556,44.77685],[-71.09583,44.77646],[-71.09596,44.77583],[-71.09654,44.77524],[-71.09876,44.77463]]],[[[-71.11244,44.78435],[-71.11245,44.78471],[-71.11057,44.78435],[-71.11139,44.78429],[-71.11244,44.78435]]]]},"properties":{"id":"p-022-003-21000-fo-2~B6","property_id":"p-022-003-21000-fo-2","label":"Block B6","score":43,"status":"verified"}},{"type":"Feature","id":315,"geometry":{"type":"MultiPolygon","coordinates":[[[[-71.07406,44.74478],[-71.07746,44.7488],[-71.07408,44.74893],[-71.07273,44.74858],[-71.07166,44.74848],[-71.07078,44.74883],[-71.06902,44.75021],[-71.06818,44.75045],[-71.0678,44.74513],[-71.06861,44.74484],[-71.07053,44.74475],[-71.07053,44.74493],[-71.07406,44.74478]]],[[[-71.05913,44.75332],[-71.06837,44.75293],[-71.06819,44.75069],[-71.06902,44.75049],[-71.07084,44.74907],[-71.07186,44.74865],[-71.07402,44.74911],[-71.07771,44.74897],[-71.07932,44.74921],[-71.07988,44.7494],[-71.08047,44.75032],[-71.08081,44.75048],[-71.07548,44.76457],[-71.07472,44.76413],[-71.07126,44.76416],[-71.07036,44.76388],[-71.06775,44.76174],[-71.06799,44.76158],[-71.06761,44.76125],[-71.06733,44.76141],[-71.06521,44.76007],[-71.065,44.7589],[-71.05913,44.75332]]]]},"properties":{"id":"p-022-003-21000-fo-2~C6","property_id":"p-022-003-21000-fo-2","label":"Block C6","score":47,"status":"verified"}},{"type":"Feature","id":316,"geometry":{"type":"Polygon","coordinates":[[[-71.08081,44.75048],[-71.08194,44.75116],[-71.08225,44.75123],[-71.08302,44.7511],[-71.08361,44.75072],[-71.08485,44.74949],[-71.08557,44.74921],[-71.08661,44.74853],[-71.08845,44.74762],[-71.08937,44.74781],[-71.08979,44.74774],[-71.09051,44.74729],[-71.09149,44.7469],[-71.09181,44.74654],[-71.09271,44.74705],[-71.09335,44.74892],[-71.09335,44.75003],[-71.09371,44.75243],[-71.09367,44.75362],[-71.0939,44.75443],[-71.09481,44.75611],[-71.09565,44.75703],[-71.09579,44.75737],[-71.09555,44.75855],[-71.09559,44.75929],[-71.09627,44.7605],[-71.09637,44.76103],[-71.09577,44.76282],[-71.07746,44.75934],[-71.08081,44.75048]]]},"properties":{"id":"p-022-003-21000-fo-2~B7","property_id":"p-022-003-21000-fo-2","label":"Block B7","score":43,"status":"verified"}},{"type":"Feature","id":317,"geometry":{"type":"Polygon","coordinates":[[[-71.09652,44.70891],[-71.1064,44.70873],[-71.10718,44.71844],[-71.09265,44.71914],[-71.09652,44.70891]]]},"properties":{"id":"p-022-003-21000-fo-2~B9","property_id":"p-022-003-21000-fo-2","label":"Block B9","score":40,"status":"verified"}},{"type":"Feature","id":318,"geometry":{"type":"MultiPolygon","coordinates":[[[[-71.03573,44.69876],[-71.03697,44.69913],[-71.03894,44.70034],[-71.03838,44.70137],[-71.03867,44.70229],[-71.03818,44.70222],[-71.03804,44.70272],[-71.03757,44.70292],[-71.03849,44.70338],[-71.03856,44.70374],[-71.0378,44.70384],[-71.03745,44.70349],[-71.03685,44.70345],[-71.03633,44.70326],[-71.03588,44.70327],[-71.03561,44.70359],[-71.03577,44.70418],[-71.03616,44.70431],[-71.0369,44.70482],[-71.03725,44.70513],[-71.03725,44.70544],[-71.03752,44.70556],[-71.03747,44.70567],[-71.03672,44.70555],[-71.03673,44.70533],[-71.03658,44.70521],[-71.0363,44.70528],[-71.03627,44.70519],[-71.03586,44.7052],[-71.0356,44.70482],[-71.03518,44.70496],[-71.03406,44.70486],[-71.0336,44.69872],[-71.03573,44.69876]]],[[[-71.08685,44.71941],[-71.08714,44.72268],[-71.08624,44.72317],[-71.08459,44.72187],[-71.08308,44.72],[-71.0824,44.71937],[-71.08121,44.71861],[-71.07883,44.71753],[-71.07715,44.71585],[-71.07701,44.71597],[-71.07525,44.71488],[-71.07122,44.71197],[-71.06858,44.70941],[-71.09652,44.70891],[-71.09265,44.71914],[-71.08685,44.71941]]],[[[-71.07855,44.71745],[-71.07918,44.71785],[-71.08097,44.71859],[-71.08249,44.71956],[-71.08457,44.72201],[-71.08632,44.72334],[-71.08639,44.72436],[-71.08699,44.72433],[-71.08715,44.72552],[-71.08699,44.72602],[-71.08609,44.72684],[-71.08487,44.72693],[-71.08386,44.72723],[-71.08304,44.72727],[-71.08218,44.72721],[-71.0814,44.72697],[-71.07881,44.72514],[-71.07708,44.72271],[-71.07783,44.72256],[-71.07779,44.72205],[-71.07629,44.72073],[-71.07322,44.72043],[-71.07158,44.71947],[-71.07706,44.71601],[-71.07707,44.71593],[-71.07855,44.71745]]],[[[-71.04977,44.71692],[-71.04993,44.71705],[-71.05041,44.71712],[-71.05014,44.71722],[-71.05027,44.71754],[-71.05003,44.71788],[-71.05029,44.71812],[-71.04865,44.7184],[-71.04721,44.71722],[-71.04872,44.71681],[-71.04977,44.71692]]],[[[-71.07669,44.72278],[-71.07683,44.72275],[-71.07759,44.72391],[-71.07744,44.72399],[-71.07669,44.72278]]],[[[-71.051,44.71857],[-71.0508,44.71864],[-71.05083,44.71888],[-71.04951,44.7191],[-71.04894,44.71863],[-71.0507,44.71825],[-71.051,44.71857]]],[[[-71.08565,44.72992],[-71.08585,44.72734],[-71.08741,44.72609],[-71.08741,44.72733],[-71.08781,44.7273],[-71.08882,44.73519],[-71.08872,44.73528],[-71.08858,44.73431],[-71.08686,44.73215],[-71.08587,44.73058],[-71.08565,44.72992]]],[[[-71.07902,44.73548],[-71.07988,44.73595],[-71.07971,44.73619],[-71.07929,44.7362],[-71.07912,44.73609],[-71.07902,44.73548]]]]},"properties":{"id":"p-022-003-21000-fo-2~C9","property_id":"p-022-003-21000-fo-2","label":"Block C9","score":39,"status":"verified"}},{"type":"Feature","id":319,"geometry":{"type":"Polygon","coordinates":[[[-71.35387,44.8229],[-71.3737,44.82526],[-71.37444,44.82216],[-71.37641,44.82253],[-71.37348,44.83035],[-71.3725,44.83022],[-71.37151,44.83395],[-71.37211,44.83402],[-71.36988,44.83999],[-71.35004,44.83626],[-71.35387,44.8229]]]},"properties":{"id":"p-025-001~D1","property_id":"p-025-001","label":"Block D1","score":48,"status":"verified"}},{"type":"Feature","id":320,"geometry":{"type":"Polygon","coordinates":[[[-71.38221,44.84377],[-71.38144,44.8443],[-71.38044,44.84399],[-71.37976,44.84411],[-71.37951,44.84396],[-71.37866,44.84659],[-71.34827,44.84251],[-71.35004,44.83626],[-71.37632,44.8412],[-71.37622,44.84155],[-71.37987,44.84196],[-71.37958,44.84325],[-71.38221,44.84377]],[[-71.37549,44.84129],[-71.3751,44.84179],[-71.37582,44.84207],[-71.37622,44.84155],[-71.37549,44.84129]]]},"properties":{"id":"p-025-001~D1-2","property_id":"p-025-001","label":"Block D1-2","score":60,"status":"verified"}},{"type":"Feature","id":321,"geometry":{"type":"Polygon","coordinates":[[[-71.39639,44.81304],[-71.39543,44.81765],[-71.39862,44.81797],[-71.39711,44.82345],[-71.40276,44.82412],[-71.40006,44.82675],[-71.4004,44.82703],[-71.37444,44.82216],[-71.37725,44.81046],[-71.37041,44.80957],[-71.37192,44.80325],[-71.35942,44.80161],[-71.35963,44.80067],[-71.39045,44.80647],[-71.38917,44.81205],[-71.39639,44.81304]]]},"properties":{"id":"p-025-001~C2","property_id":"p-025-001","label":"Block C2","score":59,"status":"verified"}},{"type":"Feature","id":322,"geometry":{"type":"MultiPolygon","coordinates":[[[[-71.40049,44.82711],[-71.40003,44.82746],[-71.40061,44.82781],[-71.39987,44.82894],[-71.38397,44.82699],[-71.38287,44.83161],[-71.37348,44.83035],[-71.37641,44.82253],[-71.40049,44.82711]]],[[[-71.37823,44.83474],[-71.37632,44.8412],[-71.36988,44.83999],[-71.37211,44.83402],[-71.37823,44.83474]]]]},"properties":{"id":"p-025-001~C2-2","property_id":"p-025-001","label":"Block C2-2","score":56,"status":"verified"}},{"type":"Feature","id":323,"geometry":{"type":"Polygon","coordinates":[[[-71.36327,44.78427],[-71.36679,44.78333],[-71.38946,44.78759],[-71.38588,44.79717],[-71.38464,44.79737],[-71.38406,44.79703],[-71.38295,44.79663],[-71.38213,44.79711],[-71.38204,44.79738],[-71.38165,44.7977],[-71.38089,44.79813],[-71.38088,44.79836],[-71.38137,44.79888],[-71.3814,44.79913],[-71.38143,44.79973],[-71.38115,44.79992],[-71.38114,44.80055],[-71.38072,44.80073],[-71.38024,44.80117],[-71.37975,44.80123],[-71.37916,44.8015],[-71.37853,44.80255],[-71.37857,44.80301],[-71.37824,44.80345],[-71.37808,44.80407],[-71.38308,44.80468],[-71.38294,44.80506],[-71.35963,44.80067],[-71.36327,44.78427]]]},"properties":{"id":"p-025-001~D3","property_id":"p-025-001","label":"Block D3","score":70,"status":"verified"}},{"type":"Feature","id":324,"geometry":{"type":"Polygon","coordinates":[[[-71.45488,44.78118],[-71.45483,44.78236],[-71.45549,44.78388],[-71.45545,44.78578],[-71.42349,44.78923],[-71.42168,44.7905],[-71.42131,44.79064],[-71.41704,44.79122],[-71.41649,44.79112],[-71.41417,44.79197],[-71.42059,44.77475],[-71.45488,44.78118]]]},"properties":{"id":"p-025-001~B4","property_id":"p-025-001","label":"Block B4","score":66,"status":"verified"}},{"type":"Feature","id":325,"geometry":{"type":"Polygon","coordinates":[[[-71.41374,44.79212],[-71.38946,44.78759],[-71.39598,44.77012],[-71.42059,44.77475],[-71.41417,44.79197],[-71.41374,44.79212]]]},"properties":{"id":"p-025-001~C4","property_id":"p-025-001","label":"Block C4","score":58,"status":"verified"}},{"type":"Feature","id":326,"geometry":{"type":"MultiPolygon","coordinates":[[[[-71.41371,44.79215],[-71.41241,44.7936],[-71.41192,44.79356],[-71.41154,44.79393],[-71.4094,44.79461],[-71.40766,44.79489],[-71.40613,44.79539],[-71.40495,44.79563],[-71.40197,44.79665],[-71.40097,44.7968],[-71.4004,44.79653],[-71.4,44.79658],[-71.39945,44.797],[-71.39904,44.79713],[-71.39845,44.79704],[-71.39726,44.79711],[-71.39668,44.7968],[-71.39606,44.79686],[-71.39376,44.79644],[-71.39213,44.7964],[-71.39133,44.7965],[-71.39094,44.79624],[-71.39023,44.79655],[-71.38985,44.79694],[-71.38937,44.7967],[-71.38894,44.79669],[-71.3884,44.79686],[-71.38749,44.79682],[-71.38635,44.79696],[-71.38588,44.79717],[-71.38946,44.78759],[-71.41371,44.79215]]],[[[-71.39065,44.8056],[-71.39045,44.80647],[-71.38294,44.80506],[-71.38308,44.80468],[-71.39065,44.8056]]]]},"properties":{"id":"p-025-001~C4-2","property_id":"p-025-001","label":"Block C4-2","score":69,"status":"verified"}},{"type":"Feature","id":327,"geometry":{"type":"Polygon","coordinates":[[[-71.47247,44.76614],[-71.46908,44.76802],[-71.46856,44.76861],[-71.4684,44.76954],[-71.46805,44.77013],[-71.46722,44.77086],[-71.46623,44.77127],[-71.4657,44.77196],[-71.46482,44.77228],[-71.46429,44.7733],[-71.46196,44.77389],[-71.45818,44.7743],[-71.45787,44.77481],[-71.45678,44.77812],[-71.45601,44.77977],[-71.45463,44.78053],[-71.45488,44.78118],[-71.44521,44.77937],[-71.45171,44.7619],[-71.47272,44.76584],[-71.47247,44.76614]]]},"properties":{"id":"p-025-001~A5","property_id":"p-025-001","label":"Block A5","score":63,"status":"verified"}},{"type":"Feature","id":328,"geometry":{"type":"Polygon","coordinates":[[[-71.45171,44.7619],[-71.44521,44.77937],[-71.42059,44.77475],[-71.4271,44.75728],[-71.45171,44.7619]]]},"properties":{"id":"p-025-001~B5","property_id":"p-025-001","label":"Block B5","score":66,"status":"verified"}},{"type":"Feature","id":329,"geometry":{"type":"Polygon","coordinates":[[[-71.4271,44.75728],[-71.42059,44.77475],[-71.39598,44.77012],[-71.4025,44.75266],[-71.4271,44.75728]]]},"properties":{"id":"p-025-001~C5","property_id":"p-025-001","label":"Block C5","score":49,"status":"verified"}},{"type":"Feature","id":330,"geometry":{"type":"Polygon","coordinates":[[[-71.4025,44.75266],[-71.39598,44.77012],[-71.37137,44.7655],[-71.37789,44.74803],[-71.4025,44.75266]]]},"properties":{"id":"p-025-001~D5","property_id":"p-025-001","label":"Block D5","score":51,"status":"verified"}},{"type":"Feature","id":331,"geometry":{"type":"Polygon","coordinates":[[[-71.36783,44.76483],[-71.39598,44.77012],[-71.38946,44.78759],[-71.36679,44.78333],[-71.36828,44.78293],[-71.36783,44.76483]]]},"properties":{"id":"p-025-001~D5-2","property_id":"p-025-001","label":"Block D5-2","score":68,"status":"verified"}},{"type":"Feature","id":332,"geometry":{"type":"Polygon","coordinates":[[[-71.36736,44.74605],[-71.37789,44.74803],[-71.37137,44.7655],[-71.36783,44.76483],[-71.36736,44.74605]]]},"properties":{"id":"p-025-001~E5","property_id":"p-025-001","label":"Block E5","score":65,"status":"verified"}},{"type":"Feature","id":333,"geometry":{"type":"Polygon","coordinates":[[[-71.45822,44.74443],[-71.45171,44.7619],[-71.4271,44.75728],[-71.43361,44.73981],[-71.45822,44.74443]]]},"properties":{"id":"p-025-001~B6","property_id":"p-025-001","label":"Block B6","score":51,"status":"verified"}},{"type":"Feature","id":334,"geometry":{"type":"Polygon","coordinates":[[[-71.43361,44.73981],[-71.4271,44.75728],[-71.4025,44.75266],[-71.40901,44.73519],[-71.43361,44.73981]]]},"properties":{"id":"p-025-001~C6","property_id":"p-025-001","label":"Block C6","score":57,"status":"verified"}},{"type":"Feature","id":335,"geometry":{"type":"Polygon","coordinates":[[[-71.40901,44.73519],[-71.4025,44.75266],[-71.37789,44.74803],[-71.38441,44.73057],[-71.40901,44.73519]]]},"properties":{"id":"p-025-001~D6","property_id":"p-025-001","label":"Block D6","score":55,"status":"verified"}},{"type":"Feature","id":336,"geometry":{"type":"Polygon","coordinates":[[[-71.36689,44.72727],[-71.38441,44.73057],[-71.37789,44.74803],[-71.36736,44.74605],[-71.36689,44.72727]]]},"properties":{"id":"p-025-001~E6","property_id":"p-025-001","label":"Block E6","score":63,"status":"verified"}},{"type":"Feature","id":337,"geometry":{"type":"Polygon","coordinates":[[[-71.46128,44.73809],[-71.46258,44.74015],[-71.46345,44.74132],[-71.46432,44.74198],[-71.46553,44.74255],[-71.46624,44.74334],[-71.46753,44.74376],[-71.46787,44.74412],[-71.46781,44.74445],[-71.46726,44.74529],[-71.46788,44.74527],[-71.4683,44.74717],[-71.46941,44.74705],[-71.47027,44.74802],[-71.47184,44.74944],[-71.47241,44.75099],[-71.4718,44.75379],[-71.4721,44.75409],[-71.473,44.75455],[-71.47377,44.75534],[-71.4777,44.75763],[-71.47865,44.7592],[-71.47883,44.75971],[-71.47876,44.75998],[-71.47843,44.76008],[-71.47765,44.75991],[-71.47758,44.76002],[-71.4773,44.76086],[-71.47755,44.7612],[-71.47751,44.76153],[-71.47709,44.76192],[-71.47662,44.76196],[-71.47574,44.76263],[-71.47549,44.76308],[-71.47523,44.76325],[-71.47427,44.7632],[-71.47393,44.76338],[-71.47354,44.76403],[-71.47254,44.76449],[-71.47227,44.76481],[-71.47277,44.76541],[-71.47272,44.76584],[-71.45171,44.7619],[-71.46067,44.73783],[-71.46128,44.73809]]]},"properties":{"id":"p-025-001~A7","property_id":"p-025-001","label":"Block A7","score":63,"status":"verified"}},{"type":"Feature","id":338,"geometry":{"type":"Polygon","coordinates":[[[-71.45508,44.72516],[-71.45552,44.72612],[-71.45682,44.72697],[-71.45767,44.72823],[-71.4573,44.72905],[-71.45723,44.72993],[-71.45775,44.73167],[-71.4577,44.73228],[-71.45844,44.73327],[-71.45875,44.7344],[-71.46061,44.73678],[-71.4602,44.73723],[-71.46067,44.73783],[-71.45822,44.74443],[-71.43361,44.73981],[-71.44011,44.72235],[-71.45508,44.72516]]]},"properties":{"id":"p-025-001~B7","property_id":"p-025-001","label":"Block B7","score":43,"status":"verified"}},{"type":"Feature","id":339,"geometry":{"type":"Polygon","coordinates":[[[-71.44011,44.72235],[-71.43361,44.73981],[-71.40901,44.73519],[-71.41552,44.71773],[-71.44011,44.72235]]]},"properties":{"id":"p-025-001~C7","property_id":"p-025-001","label":"Block C7","score":58,"status":"verified"}},{"type":"Feature","id":340,"geometry":{"type":"Polygon","coordinates":[[[-71.41552,44.71773],[-71.40901,44.73519],[-71.38441,44.73057],[-71.39093,44.7131],[-71.41552,44.71773]]]},"properties":{"id":"p-025-001~D7","property_id":"p-025-001","label":"Block D7","score":70,"status":"verified"}},{"type":"Feature","id":341,"geometry":{"type":"Polygon","coordinates":[[[-71.36643,44.70849],[-71.39093,44.7131],[-71.38441,44.73057],[-71.36689,44.72727],[-71.36643,44.70849]]]},"properties":{"id":"p-025-001~E7","property_id":"p-025-001","label":"Block E7","score":67,"status":"verified"}},{"type":"Feature","id":342,"geometry":{"type":"Polygon","coordinates":[[[-71.45806,44.70703],[-71.45968,44.70866],[-71.45956,44.70907],[-71.46002,44.70918],[-71.46052,44.71093],[-71.46117,44.71164],[-71.46124,44.71248],[-71.46097,44.71387],[-71.46091,44.71563],[-71.46153,44.71651],[-71.46109,44.71783],[-71.46067,44.71817],[-71.46069,44.71873],[-71.46006,44.71936],[-71.45973,44.71999],[-71.46002,44.72063],[-71.45958,44.72107],[-71.4578,44.72228],[-71.45567,44.72295],[-71.45486,44.72389],[-71.45508,44.72516],[-71.44011,44.72235],[-71.44661,44.70488],[-71.45806,44.70703]]]},"properties":{"id":"p-025-001~B8","property_id":"p-025-001","label":"Block B8","score":45,"status":"verified"}},{"type":"Feature","id":343,"geometry":{"type":"Polygon","coordinates":[[[-71.44661,44.70488],[-71.44011,44.72235],[-71.41552,44.71773],[-71.42203,44.70026],[-71.44661,44.70488]]]},"properties":{"id":"p-025-001~C8","property_id":"p-025-001","label":"Block C8","score":50,"status":"verified"}},{"type":"Feature","id":344,"geometry":{"type":"Polygon","coordinates":[[[-71.42203,44.70026],[-71.41552,44.71773],[-71.39093,44.7131],[-71.39744,44.69564],[-71.42203,44.70026]]]},"properties":{"id":"p-025-001~D8","property_id":"p-025-001","label":"Block D8","score":64,"status":"verified"}},{"type":"Feature","id":345,"geometry":{"type":"Polygon","coordinates":[[[-71.36596,44.68971],[-71.39744,44.69564],[-71.39093,44.7131],[-71.36643,44.70849],[-71.36596,44.68971]]]},"properties":{"id":"p-025-001~E8","property_id":"p-025-001","label":"Block E8","score":59,"status":"verified"}},{"type":"Feature","id":346,"geometry":{"type":"Polygon","coordinates":[[[-71.46276,44.69636],[-71.45733,44.69695],[-71.45885,44.70513],[-71.45722,44.70571],[-71.45699,44.70597],[-71.45712,44.70634],[-71.45806,44.70703],[-71.44661,44.70488],[-71.45311,44.68741],[-71.46123,44.68894],[-71.46276,44.69636]]]},"properties":{"id":"p-025-001~B9","property_id":"p-025-001","label":"Block B9","score":51,"status":"verified"}},{"type":"Feature","id":347,"geometry":{"type":"Polygon","coordinates":[[[-71.45311,44.68741],[-71.44661,44.70488],[-71.42203,44.70026],[-71.42853,44.6828],[-71.45311,44.68741]]]},"properties":{"id":"p-025-001~C9","property_id":"p-025-001","label":"Block C9","score":43,"status":"verified"}},{"type":"Feature","id":348,"geometry":{"type":"Polygon","coordinates":[[[-71.42853,44.6828],[-71.42203,44.70026],[-71.39744,44.69564],[-71.40395,44.67818],[-71.42853,44.6828]]]},"properties":{"id":"p-025-001~D9","property_id":"p-025-001","label":"Block D9","score":64,"status":"verified"}},{"type":"Feature","id":349,"geometry":{"type":"Polygon","coordinates":[[[-71.40395,44.67818],[-71.39744,44.69564],[-71.37286,44.69101],[-71.37937,44.67355],[-71.40395,44.67818]]]},"properties":{"id":"p-025-001~E9","property_id":"p-025-001","label":"Block E9","score":65,"status":"verified"}},{"type":"Feature","id":350,"geometry":{"type":"Polygon","coordinates":[[[-71.36549,44.67094],[-71.37937,44.67355],[-71.37286,44.69101],[-71.36596,44.68971],[-71.36549,44.67094]]]},"properties":{"id":"p-025-001~F9","property_id":"p-025-001","label":"Block F9","score":63,"status":"verified"}},{"type":"Feature","id":351,"geometry":{"type":"Polygon","coordinates":[[[-71.47601,44.67851],[-71.46489,44.6797],[-71.46494,44.68011],[-71.46458,44.68036],[-71.46451,44.68071],[-71.46413,44.68087],[-71.4628,44.68217],[-71.46302,44.68261],[-71.46288,44.68355],[-71.46246,44.68364],[-71.46294,44.68429],[-71.46247,44.68498],[-71.46247,44.68527],[-71.46222,44.68513],[-71.46148,44.68521],[-71.46064,44.68593],[-71.4605,44.68637],[-71.46062,44.68677],[-71.46057,44.68841],[-71.46111,44.68835],[-71.46123,44.68894],[-71.45311,44.68741],[-71.45961,44.66995],[-71.47481,44.6728],[-71.47601,44.67851]]]},"properties":{"id":"p-025-001~B10","property_id":"p-025-001","label":"Block B10","score":49,"status":"verified"}},{"type":"Feature","id":352,"geometry":{"type":"Polygon","coordinates":[[[-71.45961,44.66995],[-71.45311,44.68741],[-71.42853,44.6828],[-71.43503,44.66533],[-71.45961,44.66995]]]},"properties":{"id":"p-025-001~C10","property_id":"p-025-001","label":"Block C10","score":56,"status":"verified"}},{"type":"Feature","id":353,"geometry":{"type":"Polygon","coordinates":[[[-71.43503,44.66533],[-71.42853,44.6828],[-71.40395,44.67818],[-71.41045,44.66071],[-71.43503,44.66533]]]},"properties":{"id":"p-025-001~D10","property_id":"p-025-001","label":"Block D10","score":63,"status":"verified"}},{"type":"Feature","id":354,"geometry":{"type":"Polygon","coordinates":[[[-71.41045,44.66071],[-71.40395,44.67818],[-71.37937,44.67355],[-71.38588,44.65609],[-71.41045,44.66071]]]},"properties":{"id":"p-025-001~E10","property_id":"p-025-001","label":"Block E10","score":65,"status":"verified"}},{"type":"Feature","id":355,"geometry":{"type":"Polygon","coordinates":[[[-71.36549,44.67094],[-71.36523,44.66037],[-71.35796,44.66045],[-71.36131,44.65146],[-71.38588,44.65609],[-71.37937,44.67355],[-71.36549,44.67094]]]},"properties":{"id":"p-025-001~F10","property_id":"p-025-001","label":"Block F10","score":65,"status":"verified"}},{"type":"Feature","id":356,"geometry":{"type":"Polygon","coordinates":[[[-71.33203,44.64594],[-71.36131,44.65146],[-71.35796,44.66045],[-71.33877,44.66065],[-71.33816,44.6518],[-71.33232,44.65203],[-71.33203,44.64594]]]},"properties":{"id":"p-025-001~G10","property_id":"p-025-001","label":"Block G10","score":45,"status":"verified"}},{"type":"Feature","id":357,"geometry":{"type":"Polygon","coordinates":[[[-71.49916,44.66713],[-71.47424,44.6701],[-71.47481,44.6728],[-71.45961,44.66995],[-71.4661,44.65248],[-71.49693,44.65827],[-71.49916,44.66713]]]},"properties":{"id":"p-025-001~B11","property_id":"p-025-001","label":"Block B11","score":48,"status":"verified"}},{"type":"Feature","id":358,"geometry":{"type":"Polygon","coordinates":[[[-71.4661,44.65248],[-71.45961,44.66995],[-71.43503,44.66533],[-71.44152,44.64787],[-71.4661,44.65248]]]},"properties":{"id":"p-025-001~C11","property_id":"p-025-001","label":"Block C11","score":59,"status":"verified"}},{"type":"Feature","id":359,"geometry":{"type":"Polygon","coordinates":[[[-71.44152,44.64787],[-71.43503,44.66533],[-71.41045,44.66071],[-71.41696,44.64325],[-71.44152,44.64787]]]},"properties":{"id":"p-025-001~D11","property_id":"p-025-001","label":"Block D11","score":58,"status":"verified"}},{"type":"Feature","id":360,"geometry":{"type":"Polygon","coordinates":[[[-71.40868,44.63571],[-71.42032,44.63421],[-71.41045,44.66071],[-71.38588,44.65609],[-71.39213,44.63932],[-71.40967,44.63914],[-71.40868,44.63571]]]},"properties":{"id":"p-025-001~E11","property_id":"p-025-001","label":"Block E11","score":49,"status":"verified"}},{"type":"Feature","id":361,"geometry":{"type":"Polygon","coordinates":[[[-71.33986,44.63942],[-71.33846,44.63948],[-71.33838,44.63733],[-71.35221,44.63723],[-71.35234,44.63333],[-71.36293,44.63312],[-71.36278,44.63305],[-71.36783,44.634],[-71.36131,44.65146],[-71.33203,44.64594],[-71.33196,44.64437],[-71.34023,44.64431],[-71.33986,44.63942]]]},"properties":{"id":"p-025-001~G11","property_id":"p-025-001","label":"Block G11","score":53,"status":"verified"}},{"type":"Feature","id":362,"geometry":{"type":"Polygon","coordinates":[[[-71.46879,44.64523],[-71.48729,44.64309],[-71.4936,44.64504],[-71.49693,44.65827],[-71.4661,44.65248],[-71.46879,44.64523]]]},"properties":{"id":"p-025-001~B12","property_id":"p-025-001","label":"Block B12","score":55,"status":"verified"}},{"type":"Feature","id":363,"geometry":{"type":"MultiPolygon","coordinates":[[[[-71.45579,44.63523],[-71.45821,44.63409],[-71.45767,44.63349],[-71.45847,44.63273],[-71.46202,44.63398],[-71.46167,44.63445],[-71.4617,44.63521],[-71.46103,44.63574],[-71.46055,44.63633],[-71.46058,44.63771],[-71.45642,44.63825],[-71.45579,44.63523]]],[[[-71.4496,44.6307],[-71.45035,44.63423],[-71.44639,44.63479],[-71.44783,44.63092],[-71.4496,44.6307]]],[[[-71.44544,44.63949],[-71.45103,44.63887],[-71.45133,44.64012],[-71.45222,44.63999],[-71.45454,44.64021],[-71.4553,44.64002],[-71.45586,44.63919],[-71.456,44.63852],[-71.45642,44.63825],[-71.45822,44.64629],[-71.46109,44.64601],[-71.45935,44.6386],[-71.46076,44.63839],[-71.46058,44.63771],[-71.46171,44.63766],[-71.46204,44.63787],[-71.46304,44.6394],[-71.46337,44.64024],[-71.46434,44.64125],[-71.46375,44.64315],[-71.46479,44.64567],[-71.46879,44.64523],[-71.4661,44.65248],[-71.44152,44.64787],[-71.44516,44.6381],[-71.44544,44.63949]]]]},"properties":{"id":"p-025-001~C12","property_id":"p-025-001","label":"Block C12","score":45,"status":"verified"}},{"type":"Feature","id":364,"geometry":{"type":"Polygon","coordinates":[[[-71.42032,44.63421],[-71.42563,44.63353],[-71.42533,44.6325],[-71.43121,44.63233],[-71.43135,44.63292],[-71.44783,44.63092],[-71.44639,44.63479],[-71.44453,44.63505],[-71.44516,44.6381],[-71.44152,44.64787],[-71.41696,44.64325],[-71.42032,44.63421]]]},"properties":{"id":"p-025-001~D12","property_id":"p-025-001","label":"Block D12","score":56,"status":"verified"}},{"type":"Feature","id":365,"geometry":{"type":"Polygon","coordinates":[[[-71.3587,44.62819],[-71.35538,44.62816],[-71.35543,44.62568],[-71.35784,44.62516],[-71.36049,44.62619],[-71.36144,44.62505],[-71.36243,44.62557],[-71.36292,44.6247],[-71.36201,44.62437],[-71.36249,44.62393],[-71.36273,44.62437],[-71.36324,44.62455],[-71.36369,44.62442],[-71.3642,44.62398],[-71.36389,44.62256],[-71.36391,44.62231],[-71.36409,44.62227],[-71.36641,44.62346],[-71.36732,44.62431],[-71.36955,44.62483],[-71.36959,44.62519],[-71.36839,44.62568],[-71.36818,44.62598],[-71.36823,44.62646],[-71.36891,44.62697],[-71.36938,44.62704],[-71.37064,44.62655],[-71.37159,44.62676],[-71.37235,44.62661],[-71.37242,44.62622],[-71.37169,44.62583],[-71.37117,44.62537],[-71.37187,44.625],[-71.37209,44.62499],[-71.37222,44.62512],[-71.37264,44.62703],[-71.3718,44.6271],[-71.37175,44.63296],[-71.36922,44.63294],[-71.36938,44.63954],[-71.39213,44.63932],[-71.38588,44.65609],[-71.36131,44.65146],[-71.36783,44.634],[-71.36278,44.63305],[-71.35698,44.63031],[-71.3587,44.62819]]]},"properties":{"id":"p-025-001~F12","property_id":"p-025-001","label":"Block F12","score":66,"status":"verified"}},{"type":"Feature","id":366,"geometry":{"type":"MultiPolygon","coordinates":[[[[-71.18012,44.76579],[-71.16014,44.76578],[-71.15945,44.7574],[-71.1569,44.75747],[-71.15801,44.75452],[-71.18261,44.75919],[-71.18012,44.76579]]],[[[-71.16052,44.77353],[-71.15099,44.77315],[-71.15383,44.76563],[-71.16011,44.76577],[-71.16052,44.77353]]]]},"properties":{"id":"p-027-006-7085-ce~B1","property_id":"p-027-006-7085-ce","label":"Block B1","score":57,"status":"unknown"}},{"type":"Feature","id":367,"geometry":{"type":"Polygon","coordinates":[[[-71.13253,44.76969],[-71.13434,44.7671],[-71.1359,44.76586],[-71.14047,44.76586],[-71.14028,44.76348],[-71.14121,44.76287],[-71.14396,44.76042],[-71.14693,44.75809],[-71.14727,44.75759],[-71.14742,44.75683],[-71.14696,44.75498],[-71.14704,44.75244],[-71.15801,44.75452],[-71.1569,44.75747],[-71.14989,44.75764],[-71.15034,44.76556],[-71.15383,44.76563],[-71.15099,44.77315],[-71.14076,44.77308],[-71.14074,44.77053],[-71.13679,44.77042],[-71.13266,44.77067],[-71.13238,44.77035],[-71.13253,44.76969]]]},"properties":{"id":"p-027-006-7085-ce~C1","property_id":"p-027-006-7085-ce","label":"Block C1","score":39,"status":"unknown"}},{"type":"Feature","id":368,"geometry":{"type":"MultiPolygon","coordinates":[[[[-71.20107,44.74891],[-71.2006,44.7439],[-71.2129,44.74623],[-71.21302,44.74837],[-71.20107,44.74891]]],[[[-71.20288,44.7567],[-71.20423,44.76527],[-71.18975,44.76583],[-71.18012,44.76579],[-71.18822,44.74427],[-71.18909,44.75693],[-71.20288,44.7567]]]]},"properties":{"id":"p-027-006-7085-ce~A2","property_id":"p-027-006-7085-ce","label":"Block A2","score":48,"status":"unknown"}},{"type":"Feature","id":369,"geometry":{"type":"Polygon","coordinates":[[[-71.16158,44.74506],[-71.16392,44.74671],[-71.16521,44.747],[-71.16662,44.74692],[-71.16707,44.74699],[-71.16732,44.74684],[-71.16798,44.74675],[-71.16973,44.74547],[-71.1701,44.74534],[-71.17313,44.74473],[-71.17609,44.74384],[-71.17701,44.74318],[-71.17775,44.7429],[-71.17898,44.74184],[-71.17975,44.74147],[-71.18079,44.74125],[-71.18085,44.74077],[-71.18118,44.74022],[-71.18805,44.74152],[-71.18822,44.74427],[-71.18261,44.75919],[-71.15801,44.75452],[-71.16158,44.74506]]]},"properties":{"id":"p-027-006-7085-ce~B2","property_id":"p-027-006-7085-ce","label":"Block B2","score":40,"status":"unknown"}},{"type":"Feature","id":370,"geometry":{"type":"Polygon","coordinates":[[[-71.14704,44.75244],[-71.1467,44.74894],[-71.14644,44.74807],[-71.14717,44.74801],[-71.14634,44.74445],[-71.14605,44.74241],[-71.14626,44.74173],[-71.14702,44.74113],[-71.14805,44.74081],[-71.14958,44.7408],[-71.15401,44.74265],[-71.1543,44.74229],[-71.15533,44.74275],[-71.1565,44.74289],[-71.15741,44.74334],[-71.15809,44.7441],[-71.15921,44.74447],[-71.16016,44.74458],[-71.16022,44.74431],[-71.16045,44.74426],[-71.16158,44.74506],[-71.15801,44.75452],[-71.14704,44.75244]]]},"properties":{"id":"p-027-006-7085-ce~C2","property_id":"p-027-006-7085-ce","label":"Block C2","score":36,"status":"unknown"}},{"type":"Feature","id":371,"geometry":{"type":"Polygon","coordinates":[[[-71.19873,44.73285],[-71.21215,44.7327],[-71.2129,44.74623],[-71.2006,44.7439],[-71.20031,44.74073],[-71.1894,44.74114],[-71.19574,44.72428],[-71.19726,44.72457],[-71.19873,44.73285]]]},"properties":{"id":"p-027-006-7085-ce~A3","property_id":"p-027-006-7085-ce","label":"Block A3","score":51,"status":"unknown"}},{"type":"Feature","id":372,"geometry":{"type":"Polygon","coordinates":[[[-71.16791,44.72689],[-71.16563,44.7259],[-71.16307,44.72507],[-71.16276,44.72492],[-71.16255,44.72459],[-71.16251,44.7226],[-71.16303,44.72097],[-71.16327,44.7207],[-71.16405,44.72048],[-71.16427,44.72026],[-71.1656,44.71965],[-71.16672,44.71877],[-71.17613,44.72056],[-71.17644,44.7248],[-71.18692,44.72461],[-71.18677,44.72258],[-71.19574,44.72428],[-71.1894,44.74114],[-71.18803,44.74119],[-71.18805,44.74152],[-71.18118,44.74022],[-71.18133,44.73947],[-71.18054,44.73783],[-71.17878,44.73588],[-71.17824,44.73495],[-71.17644,44.73357],[-71.17504,44.73169],[-71.17109,44.72839],[-71.17028,44.728],[-71.16935,44.72782],[-71.16791,44.72689]]]},"properties":{"id":"p-027-006-7085-ce~B3","property_id":"p-027-006-7085-ce","label":"Block B3","score":43,"status":"unknown"}},{"type":"Feature","id":373,"geometry":{"type":"MultiPolygon","coordinates":[[[[-71.18388,44.70856],[-71.17243,44.70869],[-71.1724,44.70746],[-71.17198,44.70575],[-71.17063,44.70217],[-71.16991,44.70068],[-71.18371,44.7033],[-71.18388,44.70856]]],[[[-71.19536,44.70846],[-71.19644,44.71581],[-71.19726,44.72457],[-71.18677,44.72258],[-71.18569,44.70855],[-71.19536,44.70846]]],[[[-71.1735,44.7164],[-71.17582,44.71632],[-71.17613,44.72056],[-71.16672,44.71877],[-71.16893,44.71721],[-71.16951,44.71706],[-71.1702,44.7171],[-71.17127,44.71766],[-71.17203,44.71757],[-71.17268,44.71741],[-71.17308,44.71718],[-71.1735,44.7164]]]]},"properties":{"id":"p-027-006-7085-ce~B4","property_id":"p-027-006-7085-ce","label":"Block B4","score":45,"status":"unknown"}},{"type":"Feature","id":374,"geometry":{"type":"Polygon","coordinates":[[[-71.18326,44.68451],[-71.18371,44.7033],[-71.16991,44.70068],[-71.16933,44.69915],[-71.16926,44.69844],[-71.16948,44.6974],[-71.1701,44.6963],[-71.17107,44.69524],[-71.17534,44.69157],[-71.1758,44.6909],[-71.17634,44.68965],[-71.17688,44.68763],[-71.1769,44.68623],[-71.17673,44.68557],[-71.17537,44.6832],[-71.17534,44.68274],[-71.17563,44.68209],[-71.17627,44.68125],[-71.17818,44.6796],[-71.17919,44.67815],[-71.17985,44.6743],[-71.17972,44.67002],[-71.17948,44.6676],[-71.17976,44.66705],[-71.18247,44.66566],[-71.18326,44.68451]]]},"properties":{"id":"p-027-006-7085-ce~C6","property_id":"p-027-006-7085-ce","label":"Block C6","score":36,"status":"unknown"}},{"type":"Feature","id":375,"geometry":{"type":"Polygon","coordinates":[[[-71.13625,44.69727],[-71.13645,44.69721],[-71.13671,44.69617],[-71.13666,44.69539],[-71.1363,44.69483],[-71.13505,44.69376],[-71.13454,44.69266],[-71.13271,44.69117],[-71.131,44.69053],[-71.13027,44.69005],[-71.12757,44.68708],[-71.12688,44.68567],[-71.12583,44.68486],[-71.14757,44.689],[-71.14011,44.7088],[-71.13711,44.70886],[-71.13625,44.69727]]]},"properties":{"id":"p-028-009~B1","property_id":"p-028-009","label":"Block B1","score":54,"status":"unknown"}},{"type":"Feature","id":376,"geometry":{"type":"Polygon","coordinates":[[[-71.03694,44.69884],[-71.0356,44.69852],[-71.03358,44.69851],[-71.03278,44.68582],[-71.06059,44.69113],[-71.06006,44.69243],[-71.05881,44.69349],[-71.05817,44.69442],[-71.05702,44.69487],[-71.05599,44.69573],[-71.05601,44.69605],[-71.05566,44.69586],[-71.05494,44.696],[-71.05473,44.69579],[-71.05392,44.69573],[-71.05362,44.69557],[-71.05316,44.69561],[-71.05301,44.69545],[-71.05228,44.6955],[-71.05153,44.69528],[-71.05142,44.69513],[-71.05101,44.69516],[-71.04792,44.6969],[-71.04488,44.69716],[-71.04568,44.70235],[-71.043,44.70154],[-71.04056,44.70112],[-71.03923,44.70045],[-71.04133,44.69969],[-71.03983,44.69698],[-71.03694,44.69884]]]},"properties":{"id":"p-028-009~E1","property_id":"p-028-009","label":"Block E1","score":55,"status":"unknown"}},{"type":"Feature","id":377,"geometry":{"type":"Polygon","coordinates":[[[-71.16442,44.69722],[-71.1646,44.69998],[-71.1657,44.7025],[-71.16654,44.70399],[-71.1669,44.70514],[-71.16695,44.70586],[-71.16649,44.70868],[-71.14664,44.70865],[-71.14011,44.7088],[-71.14757,44.689],[-71.16759,44.6928],[-71.16573,44.69482],[-71.16442,44.69722]]]},"properties":{"id":"p-028-009~A2","property_id":"p-028-009","label":"Block A2","score":63,"status":"unknown"}},{"type":"Feature","id":378,"geometry":{"type":"MultiPolygon","coordinates":[[[[-71.07362,44.67543],[-71.07333,44.67518],[-71.07326,44.67485],[-71.07389,44.67497],[-71.07362,44.67543]]],[[[-71.07303,44.6748],[-71.06532,44.68481],[-71.06603,44.68524],[-71.06676,44.68544],[-71.06586,44.68637],[-71.06459,44.6871],[-71.06318,44.68833],[-71.06109,44.68963],[-71.06085,44.68997],[-71.06059,44.69113],[-71.04274,44.68773],[-71.04934,44.67028],[-71.07303,44.6748]]]]},"properties":{"id":"p-028-009~E2","property_id":"p-028-009","label":"Block E2","score":57,"status":"unknown"}},{"type":"Feature","id":379,"geometry":{"type":"Polygon","coordinates":[[[-71.03278,44.68582],[-71.03163,44.6669],[-71.04934,44.67028],[-71.04274,44.68773],[-71.03278,44.68582]]]},"properties":{"id":"p-028-009~F2","property_id":"p-028-009","label":"Block F2","score":69,"status":"unknown"}},{"type":"Feature","id":380,"geometry":{"type":"Polygon","coordinates":[[[-71.17482,44.67548],[-71.17455,44.67704],[-71.17389,44.67801],[-71.17174,44.6798],[-71.17088,44.6816],[-71.17074,44.68335],[-71.17155,44.68502],[-71.17221,44.68598],[-71.17132,44.6896],[-71.17104,44.68995],[-71.16848,44.69184],[-71.16759,44.6928],[-71.14757,44.689],[-71.15414,44.67155],[-71.17482,44.67548]]]},"properties":{"id":"p-028-009~A3","property_id":"p-028-009","label":"Block A3","score":67,"status":"unknown"}},{"type":"Feature","id":381,"geometry":{"type":"Polygon","coordinates":[[[-71.12583,44.68486],[-71.12511,44.68452],[-71.12379,44.68444],[-71.12303,44.68427],[-71.12959,44.66688],[-71.15414,44.67155],[-71.14757,44.689],[-71.12583,44.68486]]]},"properties":{"id":"p-028-009~B3","property_id":"p-028-009","label":"Block B3","score":68,"status":"unknown"}},{"type":"Feature","id":382,"geometry":{"type":"Polygon","coordinates":[[[-71.12299,44.68425],[-71.12171,44.68366],[-71.1212,44.68357],[-71.12007,44.68369],[-71.11851,44.68426],[-71.11732,44.68428],[-71.11643,44.68408],[-71.11399,44.68315],[-71.11261,44.68292],[-71.11078,44.68309],[-71.10946,44.683],[-71.10756,44.6836],[-71.10639,44.68421],[-71.10543,44.68429],[-71.10307,44.68351],[-71.10198,44.68298],[-71.10075,44.68186],[-71.09908,44.6816],[-71.09837,44.68122],[-71.09814,44.68048],[-71.10503,44.6622],[-71.12959,44.66688],[-71.12299,44.68425]]]},"properties":{"id":"p-028-009~C3","property_id":"p-028-009","label":"Block C3","score":49,"status":"unknown"}},{"type":"Feature","id":383,"geometry":{"type":"Polygon","coordinates":[[[-71.07816,44.66366],[-71.07942,44.66386],[-71.08186,44.66375],[-71.08372,44.66389],[-71.0843,44.66406],[-71.08474,44.66443],[-71.08523,44.66542],[-71.08511,44.66692],[-71.08536,44.66707],[-71.08784,44.66609],[-71.09001,44.66636],[-71.09148,44.66642],[-71.09463,44.66605],[-71.09617,44.66606],[-71.09795,44.66556],[-71.10271,44.665],[-71.10323,44.66466],[-71.10437,44.66235],[-71.10462,44.66212],[-71.10503,44.6622],[-71.09814,44.68048],[-71.0979,44.68012],[-71.09709,44.67958],[-71.09568,44.67917],[-71.09467,44.67746],[-71.09429,44.67718],[-71.0931,44.67669],[-71.09275,44.67612],[-71.09203,44.67613],[-71.09144,44.67635],[-71.08896,44.67814],[-71.08764,44.6797],[-71.08692,44.68007],[-71.08619,44.6802],[-71.08332,44.67937],[-71.08188,44.67873],[-71.08076,44.67854],[-71.0792,44.67771],[-71.07808,44.67694],[-71.07645,44.67664],[-71.07519,44.67599],[-71.0737,44.67547],[-71.07816,44.66366]]]},"properties":{"id":"p-028-009~D3","property_id":"p-028-009","label":"Block D3","score":42,"status":"unknown"}},{"type":"Feature","id":384,"geometry":{"type":"Polygon","coordinates":[[[-71.06358,44.65579],[-71.06753,44.66007],[-71.07496,44.66281],[-71.07816,44.66366],[-71.07389,44.67497],[-71.07326,44.67485],[-71.0733,44.67472],[-71.07312,44.67468],[-71.07303,44.6748],[-71.04934,44.67028],[-71.05594,44.65284],[-71.06221,44.65403],[-71.06358,44.65579]]]},"properties":{"id":"p-028-009~E3","property_id":"p-028-009","label":"Block E3","score":46,"status":"unknown"}},{"type":"Feature","id":385,"geometry":{"type":"Polygon","coordinates":[[[-71.03052,44.64798],[-71.05594,44.65284],[-71.04934,44.67028],[-71.03163,44.6669],[-71.03052,44.64798]]]},"properties":{"id":"p-028-009~F3","property_id":"p-028-009","label":"Block F3","score":65,"status":"unknown"}},{"type":"Feature","id":386,"geometry":{"type":"MultiPolygon","coordinates":[[[[-71.18208,44.65816],[-71.18213,44.65917],[-71.18131,44.65801],[-71.18208,44.65816]]],[[[-71.16497,44.65884],[-71.16114,44.66273],[-71.17482,44.66897],[-71.17511,44.67356],[-71.17482,44.67548],[-71.15414,44.67155],[-71.16071,44.6541],[-71.16803,44.65549],[-71.16497,44.65884]]]]},"properties":{"id":"p-028-009~A4","property_id":"p-028-009","label":"Block A4","score":44,"status":"unknown"}},{"type":"Feature","id":387,"geometry":{"type":"Polygon","coordinates":[[[-71.16071,44.6541],[-71.15414,44.67155],[-71.12959,44.66688],[-71.13616,44.64943],[-71.16071,44.6541]]]},"properties":{"id":"p-028-009~B4","property_id":"p-028-009","label":"Block B4","score":67,"status":"unknown"}},{"type":"Feature","id":388,"geometry":{"type":"Polygon","coordinates":[[[-71.10462,44.66212],[-71.10639,44.66118],[-71.10683,44.66069],[-71.10714,44.65929],[-71.10799,44.6582],[-71.10962,44.65506],[-71.10955,44.65342],[-71.1101,44.65236],[-71.11035,44.65216],[-71.11128,44.65199],[-71.11265,44.65222],[-71.11552,44.65219],[-71.11598,44.65202],[-71.11663,44.65135],[-71.1171,44.65113],[-71.1204,44.65108],[-71.12293,44.65074],[-71.12494,44.64999],[-71.1266,44.64969],[-71.12903,44.64878],[-71.1308,44.64841],[-71.13616,44.64943],[-71.12959,44.66688],[-71.10462,44.66212]]]},"properties":{"id":"p-028-009~C4","property_id":"p-028-009","label":"Block C4","score":56,"status":"unknown"}},{"type":"Feature","id":389,"geometry":{"type":"Polygon","coordinates":[[[-71.03032,44.64454],[-71.03411,44.64508],[-71.0382,44.64443],[-71.03913,44.64413],[-71.04103,44.64313],[-71.04251,44.64274],[-71.04506,44.64244],[-71.04498,44.642],[-71.04605,44.64027],[-71.04654,44.63996],[-71.04784,44.63957],[-71.05151,44.63969],[-71.0527,44.63947],[-71.05399,44.64],[-71.05447,44.64009],[-71.05562,44.63997],[-71.05689,44.63959],[-71.05839,44.63963],[-71.05876,44.63992],[-71.05874,44.64035],[-71.05768,44.64181],[-71.05763,44.64214],[-71.05899,44.64384],[-71.05966,44.64536],[-71.06089,44.64743],[-71.06077,44.64811],[-71.06006,44.6492],[-71.05999,44.64993],[-71.06031,44.65075],[-71.06108,44.65162],[-71.06164,44.65325],[-71.06221,44.65403],[-71.03052,44.64798],[-71.03032,44.64454]]]},"properties":{"id":"p-028-009~F4","property_id":"p-028-009","label":"Block F4","score":60,"status":"unknown"}},{"type":"Feature","id":390,"geometry":{"type":"Polygon","coordinates":[[[-71.18123,44.6393],[-71.18182,44.65504],[-71.18208,44.65816],[-71.18131,44.65801],[-71.17453,44.64839],[-71.16803,44.65549],[-71.16071,44.6541],[-71.16617,44.6396],[-71.18123,44.6393]]]},"properties":{"id":"p-028-009~A5","property_id":"p-028-009","label":"Block A5","score":46,"status":"unknown"}},{"type":"Feature","id":391,"geometry":{"type":"Polygon","coordinates":[[[-71.13836,44.64418],[-71.13954,44.64427],[-71.14079,44.64455],[-71.14196,44.64498],[-71.1432,44.64569],[-71.14392,44.64591],[-71.14478,44.64595],[-71.14673,44.64566],[-71.14866,44.64493],[-71.15012,44.64405],[-71.15139,44.64349],[-71.15237,44.64261],[-71.15273,44.64168],[-71.15322,44.64114],[-71.1539,44.6408],[-71.15548,44.64047],[-71.15643,44.63979],[-71.16617,44.6396],[-71.16071,44.6541],[-71.1308,44.64841],[-71.13105,44.64829],[-71.13119,44.6471],[-71.13173,44.64657],[-71.13287,44.64611],[-71.13415,44.64525],[-71.13572,44.64449],[-71.1369,44.64425],[-71.13836,44.64418]]]},"properties":{"id":"p-028-009~B5","property_id":"p-028-009","label":"Block B5","score":43,"status":"unknown"}},{"type":"Feature","id":392,"geometry":{"type":"Polygon","coordinates":[[[-71.08916,44.60194],[-71.08552,44.60876],[-71.06553,44.60938],[-71.06975,44.59823],[-71.08916,44.60194]]]},"properties":{"id":"p-033-001~A1","property_id":"p-033-001","label":"Block A1","score":40,"status":"unknown"}},{"type":"Feature","id":393,"geometry":{"type":"Polygon","coordinates":[[[-71.06553,44.60938],[-71.03892,44.61021],[-71.04522,44.59354],[-71.06975,44.59823],[-71.06553,44.60938]]]},"properties":{"id":"p-033-001~B1","property_id":"p-033-001","label":"Block B1","score":44,"status":"unknown"}},{"type":"Feature","id":394,"geometry":{"type":"Polygon","coordinates":[[[-71.03892,44.61021],[-71.02862,44.61052],[-71.02776,44.5902],[-71.04522,44.59354],[-71.03892,44.61021]]]},"properties":{"id":"p-033-001~C1","property_id":"p-033-001","label":"Block C1","score":48,"status":"unknown"}},{"type":"Feature","id":395,"geometry":{"type":"Polygon","coordinates":[[[-71.09822,44.58496],[-71.08916,44.60194],[-71.06975,44.59823],[-71.07633,44.58079],[-71.09822,44.58496]]]},"properties":{"id":"p-033-001~A2","property_id":"p-033-001","label":"Block A2","score":49,"status":"unknown"}},{"type":"Feature","id":396,"geometry":{"type":"Polygon","coordinates":[[[-71.07633,44.58079],[-71.06975,44.59823],[-71.04522,44.59354],[-71.05181,44.5761],[-71.07633,44.58079]]]},"properties":{"id":"p-033-001~B2","property_id":"p-033-001","label":"Block B2","score":47,"status":"unknown"}},{"type":"Feature","id":397,"geometry":{"type":"Polygon","coordinates":[[[-71.02697,44.57135],[-71.03597,44.57307],[-71.0361,44.57354],[-71.03749,44.57582],[-71.03943,44.57842],[-71.04088,44.5801],[-71.04463,44.5804],[-71.0479,44.57976],[-71.04992,44.57852],[-71.04973,44.57715],[-71.051,44.57595],[-71.05181,44.5761],[-71.04522,44.59354],[-71.02776,44.5902],[-71.02697,44.57135]]]},"properties":{"id":"p-033-001~C2","property_id":"p-033-001","label":"Block C2","score":44,"status":"unknown"}},{"type":"Feature","id":398,"geometry":{"type":"Polygon","coordinates":[[[-71.10603,44.56776],[-71.09822,44.58496],[-71.07633,44.58079],[-71.08291,44.56334],[-71.10603,44.56776]]]},"properties":{"id":"p-033-001~A3","property_id":"p-033-001","label":"Block A3","score":53,"status":"unknown"}},{"type":"Feature","id":399,"geometry":{"type":"Polygon","coordinates":[[[-71.08291,44.56334],[-71.07633,44.58079],[-71.05181,44.5761],[-71.0584,44.55866],[-71.08291,44.56334]]]},"properties":{"id":"p-033-001~B3","property_id":"p-033-001","label":"Block B3","score":43,"status":"unknown"}},{"type":"Feature","id":400,"geometry":{"type":"Polygon","coordinates":[[[-71.02634,44.55307],[-71.06088,44.55209],[-71.05181,44.5761],[-71.051,44.57595],[-71.05148,44.57549],[-71.05076,44.57434],[-71.05017,44.574],[-71.04775,44.57178],[-71.04637,44.57031],[-71.04547,44.56901],[-71.04567,44.5686],[-71.04531,44.56816],[-71.04517,44.56712],[-71.0446,44.56645],[-71.0427,44.56549],[-71.04199,44.56483],[-71.04209,44.5648],[-71.0417,44.56436],[-71.0402,44.56301],[-71.03949,44.56281],[-71.03684,44.56307],[-71.03597,44.56395],[-71.03614,44.56439],[-71.03573,44.56492],[-71.03533,44.56532],[-71.03488,44.56512],[-71.03482,44.56527],[-71.03501,44.56629],[-71.03469,44.56661],[-71.03525,44.56757],[-71.035,44.56838],[-71.03519,44.57005],[-71.03597,44.57307],[-71.02697,44.57135],[-71.02634,44.55307]]]},"properties":{"id":"p-033-001~C3","property_id":"p-033-001","label":"Block C3","score":65,"status":"unknown"}},{"type":"Feature","id":401,"geometry":{"type":"Polygon","coordinates":[[[-71.114,44.55058],[-71.10603,44.56776],[-71.08291,44.56334],[-71.08744,44.55134],[-71.114,44.55058]]]},"properties":{"id":"p-033-001~A4","property_id":"p-033-001","label":"Block A4","score":47,"status":"unknown"}},{"type":"Feature","id":402,"geometry":{"type":"Polygon","coordinates":[[[-71.08744,44.55134],[-71.08291,44.56334],[-71.0584,44.55866],[-71.06088,44.55209],[-71.08744,44.55134]]]},"properties":{"id":"p-033-001~B4","property_id":"p-033-001","label":"Block B4","score":67,"status":"unknown"}},{"type":"Feature","id":403,"geometry":{"type":"Polygon","coordinates":[[[-71.02432,44.52415],[-71.04976,44.52902],[-71.04317,44.54646],[-71.02564,44.54311],[-71.02432,44.52415]]]},"properties":{"id":"p-033-002~D1","property_id":"p-033-002","label":"Block D1","score":41,"status":"unknown"}},{"type":"Feature","id":404,"geometry":{"type":"Polygon","coordinates":[[[-71.02634,44.55307],[-71.02564,44.54311],[-71.04317,44.54646],[-71.04083,44.55266],[-71.02634,44.55307]]]},"properties":{"id":"p-033-002~D1-2","property_id":"p-033-002","label":"Block D1-2","score":28,"status":"unknown"}},{"type":"Feature","id":405,"geometry":{"type":"Polygon","coordinates":[[[-71.12337,44.52888],[-71.11793,44.54204],[-71.09876,44.53839],[-71.10533,44.52094],[-71.12373,44.52445],[-71.12337,44.52888]]]},"properties":{"id":"p-033-002~A2","property_id":"p-033-002","label":"Block A2","score":52,"status":"unknown"}},{"type":"Feature","id":406,"geometry":{"type":"Polygon","coordinates":[[[-71.11793,44.54204],[-71.114,44.55058],[-71.09395,44.55115],[-71.09876,44.53839],[-71.11793,44.54204]]]},"properties":{"id":"p-033-002~A2-2","property_id":"p-033-002","label":"Block A2-2","score":37,"status":"unknown"}},{"type":"Feature","id":407,"geometry":{"type":"Polygon","coordinates":[[[-71.07426,44.5337],[-71.09876,44.53839],[-71.09395,44.55115],[-71.06739,44.55191],[-71.07426,44.5337]]]},"properties":{"id":"p-033-002~B2","property_id":"p-033-002","label":"Block B2","score":47,"status":"unknown"}},{"type":"Feature","id":408,"geometry":{"type":"Polygon","coordinates":[[[-71.07426,44.5337],[-71.06739,44.55191],[-71.04083,44.55266],[-71.04976,44.52902],[-71.07426,44.5337]]]},"properties":{"id":"p-033-002~C2","property_id":"p-033-002","label":"Block C2","score":47,"status":"unknown"}},{"type":"Feature","id":409,"geometry":{"type":"Polygon","coordinates":[[[-71.03635,44.51566],[-71.0371,44.51341],[-71.0376,44.51272],[-71.04003,44.51173],[-71.04504,44.51027],[-71.03862,44.50843],[-71.03813,44.50809],[-71.05634,44.51158],[-71.04976,44.52902],[-71.02432,44.52415],[-71.02382,44.51711],[-71.02367,44.5097],[-71.0256,44.51108],[-71.02954,44.51472],[-71.03635,44.51566]]]},"properties":{"id":"p-033-002~D2","property_id":"p-033-002","label":"Block D2","score":47,"status":"unknown"}},{"type":"Feature","id":410,"geometry":{"type":"Polygon","coordinates":[[[-71.13237,44.50938],[-71.12883,44.50825],[-71.125,44.50836],[-71.12373,44.52445],[-71.10533,44.52094],[-71.1119,44.5035],[-71.13328,44.50758],[-71.13237,44.50938]]]},"properties":{"id":"p-033-002~A3","property_id":"p-033-002","label":"Block A3","score":54,"status":"unknown"}},{"type":"Feature","id":411,"geometry":{"type":"Polygon","coordinates":[[[-71.10533,44.52094],[-71.09876,44.53839],[-71.07426,44.5337],[-71.08084,44.51626],[-71.10533,44.52094]]]},"properties":{"id":"p-033-002~B3","property_id":"p-033-002","label":"Block B3","score":49,"status":"unknown"}},{"type":"Feature","id":412,"geometry":{"type":"Polygon","coordinates":[[[-71.06183,44.49754],[-71.06187,44.49693],[-71.06292,44.49414],[-71.08741,44.49882],[-71.08084,44.51626],[-71.05634,44.51158],[-71.06164,44.49754],[-71.06183,44.49754]]]},"properties":{"id":"p-033-002~C3","property_id":"p-033-002","label":"Block C3","score":42,"status":"unknown"}},{"type":"Feature","id":413,"geometry":{"type":"Polygon","coordinates":[[[-71.08084,44.51626],[-71.07426,44.5337],[-71.04976,44.52902],[-71.05634,44.51158],[-71.08084,44.51626]]]},"properties":{"id":"p-033-002~C3-2","property_id":"p-033-002","label":"Block C3-2","score":41,"status":"unknown"}},{"type":"Feature","id":414,"geometry":{"type":"MultiPolygon","coordinates":[[[[-71.03579,44.50653],[-71.0356,44.50593],[-71.0446,44.50595],[-71.04389,44.49788],[-71.06164,44.49754],[-71.05634,44.51158],[-71.03813,44.50809],[-71.03579,44.50653]]],[[[-71.06202,44.49397],[-71.06292,44.49414],[-71.06187,44.49693],[-71.06202,44.49397]]]]},"properties":{"id":"p-033-002~D3","property_id":"p-033-002","label":"Block D3","score":41,"status":"unknown"}},{"type":"Feature","id":415,"geometry":{"type":"Polygon","coordinates":[[[-71.1119,44.5035],[-71.10533,44.52094],[-71.08084,44.51626],[-71.08741,44.49882],[-71.1119,44.5035]]]},"properties":{"id":"p-033-002~B4","property_id":"p-033-002","label":"Block B4","score":51,"status":"unknown"}},{"type":"Feature","id":416,"geometry":{"type":"Polygon","coordinates":[[[-71.13089,44.47257],[-71.13158,44.47366],[-71.1323,44.47417],[-71.13327,44.47442],[-71.13472,44.47454],[-71.13546,44.47488],[-71.13617,44.47567],[-71.13684,44.47677],[-71.13746,44.47725],[-71.13835,44.47826],[-71.14065,44.48008],[-71.14225,44.48074],[-71.14348,44.48156],[-71.14455,44.48187],[-71.14505,44.48184],[-71.14587,44.48157],[-71.14653,44.48122],[-71.14186,44.49052],[-71.11847,44.48606],[-71.1216,44.47773],[-71.13089,44.47257]]]},"properties":{"id":"p-033-002~A5","property_id":"p-033-002","label":"Block A5","score":45,"status":"unknown"}},{"type":"Feature","id":417,"geometry":{"type":"Polygon","coordinates":[[[-71.13328,44.50758],[-71.1119,44.5035],[-71.11847,44.48606],[-71.14186,44.49052],[-71.13328,44.50758]]]},"properties":{"id":"p-033-002~A5-2","property_id":"p-033-002","label":"Block A5-2","score":46,"status":"unknown"}},{"type":"Feature","id":418,"geometry":{"type":"Polygon","coordinates":[[[-71.10949,44.48445],[-71.10962,44.48437],[-71.11847,44.48606],[-71.1119,44.5035],[-71.08741,44.49882],[-71.09398,44.48138],[-71.10936,44.48432],[-71.10949,44.48445]]]},"properties":{"id":"p-033-002~B5","property_id":"p-033-002","label":"Block B5","score":41,"status":"unknown"}},{"type":"Feature","id":419,"geometry":{"type":"Polygon","coordinates":[[[-71.09179,44.46555],[-71.10004,44.46528],[-71.09398,44.48138],[-71.07241,44.47726],[-71.09179,44.46555]]]},"properties":{"id":"p-033-002~C5","property_id":"p-033-002","label":"Block C5","score":44,"status":"unknown"}},{"type":"Feature","id":420,"geometry":{"type":"Polygon","coordinates":[[[-71.06375,44.48529],[-71.0638,44.48246],[-71.07241,44.47726],[-71.09398,44.48138],[-71.08741,44.49882],[-71.06202,44.49397],[-71.06231,44.4885],[-71.07513,44.48651],[-71.07532,44.48537],[-71.07647,44.48441],[-71.07745,44.48395],[-71.07412,44.48257],[-71.06375,44.48529]]]},"properties":{"id":"p-033-002~C5-2","property_id":"p-033-002","label":"Block C5-2","score":43,"status":"unknown"}},{"type":"Feature","id":421,"geometry":{"type":"MultiPolygon","coordinates":[[[[-71.10641,44.46506],[-71.10302,44.47963],[-71.10936,44.48432],[-71.09398,44.48138],[-71.10004,44.46528],[-71.10641,44.46506]]],[[[-71.1216,44.47773],[-71.11847,44.48606],[-71.10962,44.48437],[-71.1216,44.47773]]]]},"properties":{"id":"p-033-002~B6","property_id":"p-033-002","label":"Block B6","score":44,"status":"unknown"}},{"type":"Feature","id":422,"geometry":{"type":"MultiPolygon","coordinates":[[[[-71.52164,44.39788],[-71.52274,44.40271],[-71.52835,44.40207],[-71.52936,44.40675],[-71.50661,44.40911],[-71.50613,44.40869],[-71.50563,44.40815],[-71.50887,44.39938],[-71.51242,44.39897],[-71.5112,44.39309],[-71.5119,44.39118],[-71.52258,44.39319],[-71.52359,44.39774],[-71.52164,44.39788]]],[[[-71.5055,44.40851],[-71.50617,44.40916],[-71.50522,44.40926],[-71.5055,44.40851]]]]},"properties":{"id":"p-036-008-21000-fo~B1","property_id":"p-036-008-21000-fo","label":"Block B1","score":46,"status":"unknown"}},{"type":"Feature","id":423,"geometry":{"type":"MultiPolygon","coordinates":[[[[-71.5112,44.39309],[-71.51076,44.39097],[-71.5119,44.39118],[-71.5112,44.39309]]],[[[-71.50198,44.39521],[-71.50334,44.39297],[-71.50377,44.39498],[-71.50198,44.39521]]],[[[-71.50272,44.39321],[-71.50156,44.39527],[-71.49984,44.3955],[-71.5008,44.40019],[-71.49155,44.40122],[-71.48842,44.3868],[-71.50407,44.38971],[-71.50268,44.38987],[-71.50325,44.39255],[-71.50272,44.39321]]],[[[-71.50563,44.40815],[-71.50474,44.40667],[-71.50231,44.40008],[-71.50887,44.39938],[-71.50563,44.40815]]],[[[-71.50477,44.40753],[-71.5055,44.40851],[-71.50522,44.40926],[-71.50268,44.40952],[-71.50255,44.408],[-71.50084,44.40026],[-71.50193,44.40011],[-71.50477,44.40753]]]]},"properties":{"id":"p-036-008-21000-fo~C1","property_id":"p-036-008-21000-fo","label":"Block C1","score":33,"status":"unknown"}},{"type":"Feature","id":424,"geometry":{"type":"Polygon","coordinates":[[[-71.55895,44.38134],[-71.55961,44.38445],[-71.56004,44.38934],[-71.56097,44.39399],[-71.54068,44.39624],[-71.5397,44.39156],[-71.54847,44.38987],[-71.55274,44.39314],[-71.55343,44.39288],[-71.55391,44.39247],[-71.55383,44.39188],[-71.55332,44.39098],[-71.55336,44.39055],[-71.55426,44.38924],[-71.55422,44.38905],[-71.55035,44.38841],[-71.55136,44.38347],[-71.5502,44.38274],[-71.54869,44.38449],[-71.5396,44.38708],[-71.54283,44.37832],[-71.55587,44.38077],[-71.55549,44.38263],[-71.55546,44.38321],[-71.55472,44.38443],[-71.5539,44.38528],[-71.55276,44.38609],[-71.55247,44.38653],[-71.55246,44.38705],[-71.55267,44.38739],[-71.55422,44.38891],[-71.55433,44.38925],[-71.55356,44.39033],[-71.5534,44.39072],[-71.55338,44.39098],[-71.55399,44.39217],[-71.55398,44.39249],[-71.55347,44.39292],[-71.55269,44.39326],[-71.55351,44.39295],[-71.55404,44.3925],[-71.55405,44.39216],[-71.55355,44.39125],[-71.55346,44.39072],[-71.55439,44.38926],[-71.55427,44.38889],[-71.55272,44.38737],[-71.55252,44.38704],[-71.55253,44.38654],[-71.55281,44.38612],[-71.55395,44.38531],[-71.55477,44.38445],[-71.55552,44.38322],[-71.55592,44.38078],[-71.55895,44.38134]]]},"properties":{"id":"p-036-008-21000-fo~A2","property_id":"p-036-008-21000-fo","label":"Block A2","score":48,"status":"unknown"}},{"type":"Feature","id":425,"geometry":{"type":"MultiPolygon","coordinates":[[[[-71.5343,44.38859],[-71.5322,44.38492],[-71.53188,44.38371],[-71.53207,44.38369],[-71.53091,44.37933],[-71.52957,44.37951],[-71.52866,44.37566],[-71.54283,44.37832],[-71.5396,44.38708],[-71.5343,44.38859]]],[[[-71.52405,44.3823],[-71.52466,44.38461],[-71.52781,44.38421],[-71.53152,44.38868],[-71.53219,44.39191],[-71.52256,44.39311],[-71.52258,44.39319],[-71.5119,44.39118],[-71.5161,44.37983],[-71.52405,44.3823]]]]},"properties":{"id":"p-036-008-21000-fo~B2","property_id":"p-036-008-21000-fo","label":"Block B2","score":48,"status":"unknown"}},{"type":"Feature","id":426,"geometry":{"type":"MultiPolygon","coordinates":[[[[-71.50147,44.37055],[-71.49556,44.3712],[-71.49316,44.37107],[-71.49388,44.36912],[-71.50147,44.37055]]],[[[-71.51035,44.389],[-71.50661,44.38942],[-71.51567,44.37969],[-71.5161,44.37983],[-71.5119,44.39118],[-71.51076,44.39097],[-71.51035,44.389]]],[[[-71.50175,44.38533],[-71.49996,44.37561],[-71.5061,44.3749],[-71.50767,44.38067],[-71.51531,44.37959],[-71.5061,44.38948],[-71.50407,44.38971],[-71.48855,44.38679],[-71.50175,44.38533]]]]},"properties":{"id":"p-036-008-21000-fo~C2","property_id":"p-036-008-21000-fo","label":"Block C2","score":41,"status":"unknown"}},{"type":"Feature","id":427,"geometry":{"type":"MultiPolygon","coordinates":[[[[-71.56343,44.37063],[-71.56368,44.37078],[-71.56344,44.37265],[-71.56461,44.37354],[-71.56766,44.37344],[-71.56882,44.37883],[-71.55863,44.37993],[-71.55895,44.38134],[-71.55592,44.38078],[-71.55618,44.37997],[-71.55624,44.37944],[-71.55599,44.37891],[-71.55417,44.37625],[-71.55438,44.37545],[-71.55486,44.37505],[-71.55993,44.37431],[-71.56031,44.37411],[-71.5606,44.37353],[-71.56131,44.37276],[-71.56145,44.37222],[-71.5614,44.37166],[-71.56172,44.37106],[-71.56243,44.37078],[-71.56343,44.37063]]],[[[-71.54985,44.36879],[-71.5503,44.36904],[-71.55648,44.36932],[-71.55709,44.36856],[-71.55835,44.36863],[-71.55904,44.36965],[-71.55938,44.37083],[-71.56013,44.37118],[-71.56136,44.37128],[-71.56136,44.3725],[-71.56055,44.37351],[-71.56026,44.37409],[-71.55991,44.37427],[-71.55483,44.37501],[-71.55433,44.37543],[-71.55412,44.37625],[-71.55619,44.37944],[-71.55587,44.38077],[-71.54283,44.37832],[-71.5463,44.36892],[-71.54985,44.36879]]]]},"properties":{"id":"p-036-008-21000-fo~A3","property_id":"p-036-008-21000-fo","label":"Block A3","score":48,"status":"unknown"}},{"type":"Feature","id":428,"geometry":{"type":"MultiPolygon","coordinates":[[[[-71.53907,44.35898],[-71.53721,44.35989],[-71.5334,44.36113],[-71.53195,44.36193],[-71.53102,44.36271],[-71.52148,44.37297],[-71.52084,44.37333],[-71.52018,44.37347],[-71.51951,44.3734],[-71.51881,44.3731],[-71.51864,44.37295],[-71.5248,44.35627],[-71.53907,44.35898]]],[[[-71.53561,44.3658],[-71.53629,44.36519],[-71.5387,44.36408],[-71.53983,44.36328],[-71.54516,44.36621],[-71.53656,44.36652],[-71.53663,44.36754],[-71.5347,44.36747],[-71.53561,44.3658]]],[[[-71.53156,44.36265],[-71.53318,44.36156],[-71.53531,44.3608],[-71.53953,44.36312],[-71.53849,44.36385],[-71.53569,44.36523],[-71.53522,44.36576],[-71.5343,44.36745],[-71.53279,44.3674],[-71.5329,44.36896],[-71.53277,44.36904],[-71.52743,44.36969],[-71.52699,44.36752],[-71.53156,44.36265]]],[[[-71.52866,44.37566],[-71.52763,44.37069],[-71.52824,44.37046],[-71.52937,44.37018],[-71.53116,44.36995],[-71.53357,44.36938],[-71.5463,44.36892],[-71.54283,44.37832],[-71.52866,44.37566]]]]},"properties":{"id":"p-036-008-21000-fo~B3","property_id":"p-036-008-21000-fo","label":"Block B3","score":45,"status":"unknown"}},{"type":"Feature","id":429,"geometry":{"type":"Polygon","coordinates":[[[-71.51864,44.37295],[-71.51639,44.3712],[-71.51519,44.37072],[-71.51358,44.37041],[-71.50771,44.36992],[-71.50647,44.36996],[-71.50147,44.37055],[-71.49388,44.36912],[-71.49316,44.37107],[-71.49225,44.37088],[-71.49062,44.37024],[-71.48774,44.36836],[-71.48632,44.36796],[-71.48458,44.36794],[-71.48384,44.36423],[-71.48477,44.36402],[-71.48588,44.36409],[-71.4862,44.36371],[-71.48665,44.36349],[-71.48841,44.36342],[-71.48865,44.36306],[-71.48895,44.36304],[-71.48883,44.36192],[-71.49127,44.36162],[-71.48943,44.35984],[-71.48957,44.35975],[-71.49149,44.36159],[-71.4965,44.36097],[-71.49751,44.36625],[-71.50532,44.36545],[-71.50425,44.36004],[-71.51406,44.35885],[-71.51421,44.35897],[-71.51322,44.35421],[-71.50955,44.35461],[-71.50938,44.35441],[-71.50869,44.35461],[-71.50865,44.35454],[-71.51143,44.35375],[-71.51514,44.35445],[-71.51557,44.35499],[-71.51629,44.35545],[-71.51696,44.35569],[-71.51792,44.35583],[-71.51748,44.35667],[-71.51807,44.35847],[-71.51973,44.35829],[-71.51919,44.35583],[-71.52263,44.35586],[-71.5248,44.35627],[-71.51864,44.37295]]]},"properties":{"id":"p-036-008-21000-fo~C3","property_id":"p-036-008-21000-fo","label":"Block C3","score":50,"status":"unknown"}},{"type":"Feature","id":430,"geometry":{"type":"MultiPolygon","coordinates":[[[[-71.53818,44.35375],[-71.54881,44.3525],[-71.53911,44.35895],[-71.52263,44.35586],[-71.52465,44.35589],[-71.52406,44.35304],[-71.51726,44.35374],[-71.51661,44.35305],[-71.51632,44.35213],[-71.51736,44.3511],[-71.5185,44.34852],[-71.52021,44.34831],[-71.52036,44.34859],[-71.52082,44.34891],[-71.52177,44.34886],[-71.52314,44.34862],[-71.52295,44.34764],[-71.52663,44.3472],[-71.52539,44.34103],[-71.52564,44.34058],[-71.53493,44.3395],[-71.53818,44.35375]]],[[[-71.51683,44.35378],[-71.51512,44.35397],[-71.51454,44.35292],[-71.516,44.35233],[-71.51624,44.35314],[-71.51683,44.35378]]],[[[-71.51423,44.35294],[-71.51514,44.35445],[-71.51143,44.35375],[-71.51423,44.35294]]]]},"properties":{"id":"p-036-008-21000-fo~B4","property_id":"p-036-008-21000-fo","label":"Block B4","score":47,"status":"unknown"}},{"type":"Feature","id":431,"geometry":{"type":"Polygon","coordinates":[[[-71.26937,44.43914],[-71.26965,44.44781],[-71.25293,44.44834],[-71.25723,44.43683],[-71.26937,44.43914]]]},"properties":{"id":"p-038-001~A1","property_id":"p-038-001","label":"Block A1","score":62,"status":"unknown"}},{"type":"Feature","id":432,"geometry":{"type":"Polygon","coordinates":[[[-71.22869,44.43141],[-71.25723,44.43683],[-71.25293,44.44834],[-71.23598,44.44889],[-71.23557,44.44154],[-71.22926,44.44178],[-71.22869,44.43141]]]},"properties":{"id":"p-038-001~B1","property_id":"p-038-001","label":"Block B1","score":51,"status":"unknown"}},{"type":"Feature","id":433,"geometry":{"type":"Polygon","coordinates":[[[-71.28725,44.42665],[-71.28078,44.42667],[-71.28072,44.43332],[-71.26935,44.43339],[-71.26937,44.43914],[-71.25723,44.43683],[-71.26375,44.41939],[-71.28712,44.42382],[-71.28725,44.42665]]]},"properties":{"id":"p-038-001~A2","property_id":"p-038-001","label":"Block A2","score":64,"status":"unknown"}},{"type":"Feature","id":434,"geometry":{"type":"Polygon","coordinates":[[[-71.23496,44.42018],[-71.2348,44.4199],[-71.2414,44.41979],[-71.24124,44.41511],[-71.2478,44.41636],[-71.24785,44.41802],[-71.2543,44.41803],[-71.2543,44.41759],[-71.26375,44.41939],[-71.25723,44.43683],[-71.22869,44.43141],[-71.22847,44.42725],[-71.23546,44.42711],[-71.23496,44.42018]],[[-71.24806,44.42481],[-71.24836,44.43373],[-71.25455,44.43384],[-71.25447,44.42493],[-71.24983,44.42476],[-71.24806,44.42481]]]},"properties":{"id":"p-038-001~B2","property_id":"p-038-001","label":"Block B2","score":48,"status":"unknown"}},{"type":"Feature","id":435,"geometry":{"type":"Polygon","coordinates":[[[-71.26902,44.41],[-71.28673,44.4095],[-71.28683,44.41731],[-71.28712,44.42382],[-71.26375,44.41939],[-71.2689,44.40558],[-71.26902,44.41]]]},"properties":{"id":"p-038-001~A3","property_id":"p-038-001","label":"Block A3","score":63,"status":"unknown"}},{"type":"Feature","id":436,"geometry":{"type":"MultiPolygon","coordinates":[[[[-71.24117,44.41304],[-71.24769,44.41278],[-71.2478,44.41636],[-71.24124,44.41511],[-71.24117,44.41304]]],[[[-71.25419,44.41059],[-71.24745,44.41054],[-71.24685,44.40628],[-71.24656,44.40572],[-71.24605,44.4053],[-71.24571,44.40477],[-71.24743,44.40475],[-71.24734,44.40199],[-71.25794,44.40168],[-71.2688,44.40166],[-71.2689,44.40558],[-71.26375,44.41939],[-71.2543,44.41759],[-71.25419,44.41059]]]]},"properties":{"id":"p-038-001~B3","property_id":"p-038-001","label":"Block B3","score":41,"status":"unknown"}},{"type":"Feature","id":437,"geometry":{"type":"MultiPolygon","coordinates":[[[[-71.29456,44.4172],[-71.29489,44.42663],[-71.28725,44.42665],[-71.28683,44.41731],[-71.29483,44.40937],[-71.29481,44.40698],[-71.31673,44.41113],[-71.31457,44.41692],[-71.30393,44.41688],[-71.29456,44.4172]]],[[[-71.27518,44.43335],[-71.27567,44.44757],[-71.26965,44.44781],[-71.26937,44.44021],[-71.27038,44.43943],[-71.27094,44.43523],[-71.27446,44.43335],[-71.27518,44.43335]]]]},"properties":{"id":"p-038-004~D2","property_id":"p-038-004","label":"Block D2","score":54,"status":"verified"}},{"type":"Feature","id":438,"geometry":{"type":"MultiPolygon","coordinates":[[[[-71.36696,44.41696],[-71.3712,44.41794],[-71.3773,44.42485],[-71.37218,44.42489],[-71.37235,44.43288],[-71.36106,44.43281],[-71.36696,44.41696]]],[[[-71.38748,44.43226],[-71.38237,44.43244],[-71.38233,44.42635],[-71.3874,44.43103],[-71.38748,44.43226]]]]},"properties":{"id":"p-038-004~A3","property_id":"p-038-004","label":"Block A3","score":59,"status":"verified"}},{"type":"Feature","id":439,"geometry":{"type":"MultiPolygon","coordinates":[[[[-71.35181,44.41685],[-71.34081,44.41682],[-71.34493,44.40576],[-71.34702,44.4072],[-71.34945,44.41146],[-71.35181,44.41685]]],[[[-71.36296,44.41603],[-71.36696,44.41696],[-71.36106,44.43281],[-71.35193,44.43271],[-71.35181,44.41685],[-71.36296,44.41603]]]]},"properties":{"id":"p-038-004~B3","property_id":"p-038-004","label":"Block B3","score":55,"status":"verified"}},{"type":"Feature","id":440,"geometry":{"type":"Polygon","coordinates":[[[-71.34143,44.40336],[-71.34493,44.40576],[-71.34081,44.41682],[-71.33535,44.41677],[-71.31457,44.41692],[-71.32312,44.39397],[-71.33002,44.39608],[-71.33526,44.39991],[-71.34143,44.40336]]]},"properties":{"id":"p-038-004~C3","property_id":"p-038-004","label":"Block C3","score":44,"status":"verified"}},{"type":"Feature","id":441,"geometry":{"type":"Polygon","coordinates":[[[-71.29479,44.40526],[-71.30472,44.40098],[-71.31436,44.39808],[-71.32047,44.39316],[-71.32312,44.39397],[-71.31673,44.41113],[-71.29481,44.40698],[-71.29479,44.40526]]]},"properties":{"id":"p-038-004~D3","property_id":"p-038-004","label":"Block D3","score":52,"status":"verified"}},{"type":"Feature","id":442,"geometry":{"type":"MultiPolygon","coordinates":[[[[-71.28683,44.41731],[-71.28673,44.4095],[-71.26902,44.41],[-71.2688,44.40166],[-71.26836,44.40166],[-71.26996,44.39737],[-71.29991,44.40305],[-71.29479,44.40526],[-71.29483,44.40937],[-71.28683,44.41731]]],[[[-71.27446,44.43335],[-71.27094,44.43523],[-71.27038,44.43943],[-71.26937,44.44021],[-71.26935,44.43339],[-71.27446,44.43335]]]]},"properties":{"id":"p-038-008~F2","property_id":"p-038-008","label":"Block F2","score":64,"status":"unknown"}},{"type":"Feature","id":443,"geometry":{"type":"Polygon","coordinates":[[[-71.41184,44.4082],[-71.41894,44.41013],[-71.41982,44.41711],[-71.39603,44.41062],[-71.39883,44.40309],[-71.41144,44.40547],[-71.41184,44.4082]]]},"properties":{"id":"p-038-008~A3","property_id":"p-038-008","label":"Block A3","score":55,"status":"unknown"}},{"type":"Feature","id":444,"geometry":{"type":"Polygon","coordinates":[[[-71.39603,44.41062],[-71.3861,44.40806],[-71.3874,44.43103],[-71.38233,44.42635],[-71.38231,44.42482],[-71.3773,44.42485],[-71.3712,44.41794],[-71.36743,44.41707],[-71.37435,44.39846],[-71.39883,44.40309],[-71.39603,44.41062]]]},"properties":{"id":"p-038-008~B3","property_id":"p-038-008","label":"Block B3","score":54,"status":"unknown"}},{"type":"Feature","id":445,"geometry":{"type":"Polygon","coordinates":[[[-71.34702,44.4072],[-71.34533,44.40604],[-71.34988,44.39383],[-71.37435,44.39846],[-71.36743,44.41707],[-71.36296,44.41603],[-71.35181,44.41685],[-71.34945,44.41146],[-71.34702,44.4072]]]},"properties":{"id":"p-038-008~C3","property_id":"p-038-008","label":"Block C3","score":46,"status":"unknown"}},{"type":"Feature","id":446,"geometry":{"type":"Polygon","coordinates":[[[-71.34143,44.40336],[-71.33526,44.39991],[-71.33002,44.39608],[-71.32358,44.39411],[-71.32541,44.3892],[-71.34988,44.39383],[-71.34533,44.40604],[-71.34143,44.40336]]]},"properties":{"id":"p-038-008~D3","property_id":"p-038-008","label":"Block D3","score":42,"status":"unknown"}},{"type":"Feature","id":447,"geometry":{"type":"Polygon","coordinates":[[[-71.32047,44.39316],[-71.31436,44.39808],[-71.30472,44.40098],[-71.29991,44.40305],[-71.29443,44.40201],[-71.30094,44.38457],[-71.32541,44.3892],[-71.32358,44.39411],[-71.32047,44.39316]]]},"properties":{"id":"p-038-008~E3","property_id":"p-038-008","label":"Block E3","score":58,"status":"unknown"}},{"type":"Feature","id":448,"geometry":{"type":"Polygon","coordinates":[[[-71.29443,44.40201],[-71.26996,44.39737],[-71.26836,44.40166],[-71.25794,44.40168],[-71.25765,44.39357],[-71.29477,44.39305],[-71.29462,44.3811],[-71.30234,44.38081],[-71.29443,44.40201]]]},"properties":{"id":"p-038-008~F3","property_id":"p-038-008","label":"Block F3","score":47,"status":"unknown"}},{"type":"Feature","id":449,"geometry":{"type":"Polygon","coordinates":[[[-71.38521,44.38184],[-71.38588,44.39366],[-71.39297,44.3955],[-71.39219,44.38744],[-71.39746,44.38871],[-71.39692,44.38405],[-71.40266,44.38513],[-71.40476,44.39882],[-71.41074,44.40063],[-71.41144,44.40547],[-71.37435,44.39846],[-71.38084,44.38101],[-71.38521,44.38184]]]},"properties":{"id":"p-038-008~B4","property_id":"p-038-008","label":"Block B4","score":46,"status":"unknown"}},{"type":"Feature","id":450,"geometry":{"type":"Polygon","coordinates":[[[-71.38084,44.38101],[-71.37435,44.39846],[-71.34988,44.39383],[-71.35637,44.37639],[-71.38084,44.38101]]]},"properties":{"id":"p-038-008~C4","property_id":"p-038-008","label":"Block C4","score":56,"status":"unknown"}},{"type":"Feature","id":451,"geometry":{"type":"Polygon","coordinates":[[[-71.35637,44.37639],[-71.34988,44.39383],[-71.32541,44.3892],[-71.33191,44.37175],[-71.35637,44.37639]]]},"properties":{"id":"p-038-008~D4","property_id":"p-038-008","label":"Block D4","score":48,"status":"unknown"}},{"type":"Feature","id":452,"geometry":{"type":"MultiPolygon","coordinates":[[[[-71.3348,44.36397],[-71.33465,44.36438],[-71.33463,44.36398],[-71.3348,44.36397]]],[[[-71.32541,44.3892],[-71.30094,44.38457],[-71.30234,44.38081],[-71.30963,44.38064],[-71.31269,44.38018],[-71.31256,44.3759],[-71.31975,44.37568],[-71.3196,44.37141],[-71.33211,44.37121],[-71.32541,44.3892]]]]},"properties":{"id":"p-038-008~E4","property_id":"p-038-008","label":"Block E4","score":35,"status":"unknown"}},{"type":"Feature","id":453,"geometry":{"type":"MultiPolygon","coordinates":[[[[-71.38406,44.36294],[-71.38435,44.36762],[-71.39029,44.36949],[-71.39086,44.37806],[-71.38489,44.37625],[-71.38521,44.38184],[-71.35637,44.37639],[-71.36122,44.36333],[-71.38406,44.36294]]],[[[-71.40266,44.38513],[-71.39692,44.38405],[-71.39639,44.37952],[-71.40207,44.3813],[-71.40266,44.38513]]]]},"properties":{"id":"p-038-008~C5","property_id":"p-038-008","label":"Block C5","score":62,"status":"unknown"}},{"type":"Feature","id":454,"geometry":{"type":"Polygon","coordinates":[[[-71.33492,44.37117],[-71.33465,44.36438],[-71.3348,44.36397],[-71.3447,44.36361],[-71.3445,44.36136],[-71.34566,44.36133],[-71.34547,44.35803],[-71.34881,44.35803],[-71.34903,44.36354],[-71.36122,44.36333],[-71.35637,44.37639],[-71.33191,44.37175],[-71.33211,44.37121],[-71.33492,44.37117]]]},"properties":{"id":"p-038-008~D5","property_id":"p-038-008","label":"Block D5","score":46,"status":"unknown"}},{"type":"Feature","id":455,"geometry":{"type":"Polygon","coordinates":[[[-71.2284,44.51185],[-71.21854,44.51207],[-71.21165,44.52708],[-71.19978,44.52729],[-71.20769,44.50622],[-71.22783,44.51004],[-71.2284,44.51185]]]},"properties":{"id":"p-038-009~C1","property_id":"p-038-009","label":"Block C1","score":42,"status":"verified"}},{"type":"Feature","id":456,"geometry":{"type":"Polygon","coordinates":[[[-71.19347,44.51573],[-71.19858,44.50449],[-71.20769,44.50622],[-71.19978,44.52729],[-71.1875,44.5275],[-71.19347,44.51573]]]},"properties":{"id":"p-038-009~D1","property_id":"p-038-009","label":"Block D1","score":39,"status":"verified"}},{"type":"Feature","id":457,"geometry":{"type":"Polygon","coordinates":[[[-71.21188,44.49459],[-71.21398,44.49538],[-71.21472,44.49595],[-71.2162,44.49616],[-71.21783,44.49668],[-71.21845,44.49701],[-71.2199,44.49809],[-71.22017,44.49819],[-71.22036,44.498],[-71.22075,44.49818],[-71.22091,44.4985],[-71.22107,44.49832],[-71.22125,44.49838],[-71.2219,44.49904],[-71.22228,44.49897],[-71.22254,44.49937],[-71.22259,44.49981],[-71.22285,44.49985],[-71.2233,44.49968],[-71.22381,44.4999],[-71.22379,44.50038],[-71.22409,44.50046],[-71.22431,44.50034],[-71.22552,44.50268],[-71.22783,44.51004],[-71.19858,44.50449],[-71.20162,44.4983],[-71.20923,44.49809],[-71.21098,44.49446],[-71.21188,44.49459]]]},"properties":{"id":"p-038-009~C2","property_id":"p-038-009","label":"Block C2","score":45,"status":"verified"}},{"type":"Feature","id":458,"geometry":{"type":"Polygon","coordinates":[[[-71.27125,44.4948],[-71.28057,44.49452],[-71.2744,44.50658],[-71.26049,44.50715],[-71.26048,44.50542],[-71.26975,44.48063],[-71.27741,44.48208],[-71.27125,44.4948]]]},"properties":{"id":"p-038-009~A3","property_id":"p-038-009","label":"Block A3","score":46,"status":"verified"}},{"type":"Feature","id":459,"geometry":{"type":"Polygon","coordinates":[[[-71.24533,44.49459],[-71.2467,44.49397],[-71.24698,44.49353],[-71.24713,44.4926],[-71.2474,44.49224],[-71.24777,44.49181],[-71.24945,44.49055],[-71.23992,44.49023],[-71.24525,44.47598],[-71.26975,44.48063],[-71.26048,44.50542],[-71.26046,44.50193],[-71.25816,44.50133],[-71.25395,44.50116],[-71.25244,44.5021],[-71.25197,44.50153],[-71.25086,44.50101],[-71.24978,44.4995],[-71.25193,44.4995],[-71.25352,44.49989],[-71.25382,44.50015],[-71.25394,44.5007],[-71.25438,44.50092],[-71.25588,44.50094],[-71.25619,44.50083],[-71.25665,44.49957],[-71.25694,44.49945],[-71.25731,44.49945],[-71.25915,44.50012],[-71.25925,44.5],[-71.25738,44.49932],[-71.25691,44.49931],[-71.25648,44.49951],[-71.25606,44.50074],[-71.25442,44.50078],[-71.25412,44.50064],[-71.25379,44.49984],[-71.25244,44.49944],[-71.25172,44.49934],[-71.25028,44.49941],[-71.24775,44.49928],[-71.2458,44.49888],[-71.24576,44.49853],[-71.24475,44.4979],[-71.24424,44.49739],[-71.24389,44.49656],[-71.24396,44.49623],[-71.24533,44.49459]]]},"properties":{"id":"p-038-009~B3","property_id":"p-038-009","label":"Block B3","score":41,"status":"verified"}},{"type":"Feature","id":460,"geometry":{"type":"Polygon","coordinates":[[[-71.23992,44.49023],[-71.22137,44.48962],[-71.22138,44.48941],[-71.22113,44.4894],[-71.22221,44.48717],[-71.21682,44.48659],[-71.2163,44.48498],[-71.21756,44.48168],[-71.22198,44.47156],[-71.24525,44.47598],[-71.23992,44.49023]]]},"properties":{"id":"p-038-009~C3","property_id":"p-038-009","label":"Block C3","score":50,"status":"verified"}},{"type":"Feature","id":461,"geometry":{"type":"Polygon","coordinates":[[[-71.28217,44.4643],[-71.27983,44.46955],[-71.30025,44.46919],[-71.29713,44.47523],[-71.27869,44.47533],[-71.27741,44.47774],[-71.27951,44.47776],[-71.27741,44.48208],[-71.26975,44.48063],[-71.27627,44.46318],[-71.28217,44.4643]]]},"properties":{"id":"p-038-009~A4","property_id":"p-038-009","label":"Block A4","score":36,"status":"verified"}},{"type":"Feature","id":462,"geometry":{"type":"Polygon","coordinates":[[[-71.27091,44.46502],[-71.27294,44.46504],[-71.27388,44.46272],[-71.27627,44.46318],[-71.26975,44.48063],[-71.24525,44.47598],[-71.25178,44.45853],[-71.27195,44.46236],[-71.27091,44.46502]]]},"properties":{"id":"p-038-009~B4","property_id":"p-038-009","label":"Block B4","score":38,"status":"verified"}},{"type":"Feature","id":463,"geometry":{"type":"Polygon","coordinates":[[[-71.22248,44.47041],[-71.22829,44.47036],[-71.23384,44.45736],[-71.23458,44.45526],[-71.25178,44.45853],[-71.24525,44.47598],[-71.22198,44.47156],[-71.22248,44.47041]]]},"properties":{"id":"p-038-009~C4","property_id":"p-038-009","label":"Block C4","score":42,"status":"verified"}},{"type":"Feature","id":464,"geometry":{"type":"Polygon","coordinates":[[[-71.25563,44.44825],[-71.28216,44.44741],[-71.27627,44.46318],[-71.27388,44.46272],[-71.27404,44.46233],[-71.27195,44.46236],[-71.25178,44.45853],[-71.25563,44.44825]]]},"properties":{"id":"p-038-009~B5","property_id":"p-038-009","label":"Block B5","score":42,"status":"verified"}},{"type":"Feature","id":465,"geometry":{"type":"Polygon","coordinates":[[[-71.23458,44.45526],[-71.23683,44.44885],[-71.25563,44.44825],[-71.25178,44.45853],[-71.23458,44.45526]]]},"properties":{"id":"p-038-009~C5","property_id":"p-038-009","label":"Block C5","score":39,"status":"verified"}},{"type":"Feature","id":466,"geometry":{"type":"Polygon","coordinates":[[[-71.29055,44.4472],[-71.28557,44.45678],[-71.28217,44.4643],[-71.27627,44.46318],[-71.28216,44.44741],[-71.29055,44.4472]]]},"properties":{"id":"p-038-009~A6","property_id":"p-038-009","label":"Block A6","score":47,"status":"verified"}},{"type":"Feature","id":467,"geometry":{"type":"Polygon","coordinates":[[[-71.0417,44.50594],[-71.0356,44.50593],[-71.03579,44.50653],[-71.03862,44.50843],[-71.04504,44.51027],[-71.04003,44.51173],[-71.0376,44.51272],[-71.0371,44.51341],[-71.03635,44.51566],[-71.02954,44.51472],[-71.0256,44.51108],[-71.02367,44.5097],[-71.02299,44.50236],[-71.0417,44.50594]]]},"properties":{"id":"p-040-015~C1","property_id":"p-040-015","label":"Block C1","score":40,"status":"unknown"}},{"type":"Feature","id":468,"geometry":{"type":"Polygon","coordinates":[[[-71.06183,44.49754],[-71.04389,44.49788],[-71.0446,44.50595],[-71.0417,44.50594],[-71.03871,44.50537],[-71.0453,44.48793],[-71.06217,44.49116],[-71.06183,44.49754]]]},"properties":{"id":"p-040-015~B2","property_id":"p-040-015","label":"Block B2","score":61,"status":"unknown"}},{"type":"Feature","id":469,"geometry":{"type":"Polygon","coordinates":[[[-71.02299,44.50236],[-71.02171,44.48693],[-71.02867,44.48475],[-71.0453,44.48793],[-71.03871,44.50537],[-71.02299,44.50236]]]},"properties":{"id":"p-040-015~C2","property_id":"p-040-015","label":"Block C2","score":57,"status":"unknown"}},{"type":"Feature","id":470,"geometry":{"type":"Polygon","coordinates":[[[-71.10641,44.46506],[-71.09179,44.46555],[-71.0765,44.47479],[-71.08293,44.45774],[-71.10693,44.46232],[-71.10641,44.46506]]]},"properties":{"id":"p-040-015~A3","property_id":"p-040-015","label":"Block A3","score":53,"status":"unknown"}},{"type":"Feature","id":471,"geometry":{"type":"Polygon","coordinates":[[[-71.0638,44.48246],[-71.06375,44.48529],[-71.07412,44.48257],[-71.07745,44.48395],[-71.07647,44.48441],[-71.07532,44.48537],[-71.07513,44.48651],[-71.06231,44.4885],[-71.06217,44.49116],[-71.0453,44.48793],[-71.05188,44.47049],[-71.07598,44.4751],[-71.0638,44.48246]]]},"properties":{"id":"p-040-015~B3","property_id":"p-040-015","label":"Block B3","score":58,"status":"unknown"}},{"type":"Feature","id":472,"geometry":{"type":"Polygon","coordinates":[[[-71.04141,44.47927],[-71.04111,44.47074],[-71.04478,44.46913],[-71.05188,44.47049],[-71.0453,44.48793],[-71.02867,44.48475],[-71.03406,44.48306],[-71.04141,44.47927]]]},"properties":{"id":"p-040-015~C3","property_id":"p-040-015","label":"Block C3","score":67,"status":"unknown"}},{"type":"Feature","id":473,"geometry":{"type":"Polygon","coordinates":[[[-71.06747,44.45605],[-71.07313,44.45785],[-71.07571,44.45636],[-71.08293,44.45774],[-71.0765,44.47479],[-71.07598,44.4751],[-71.04478,44.46913],[-71.04867,44.46742],[-71.04887,44.46583],[-71.0516,44.46591],[-71.06174,44.46229],[-71.06747,44.45605]]]},"properties":{"id":"p-040-015~B4","property_id":"p-040-015","label":"Block B4","score":68,"status":"unknown"}},{"type":"Feature","id":474,"geometry":{"type":"Polygon","coordinates":[[[-71.0946,44.44757],[-71.09499,44.44486],[-71.09992,44.44498],[-71.10998,44.44421],[-71.10751,44.45823],[-71.10768,44.45838],[-71.10693,44.46232],[-71.07571,44.45636],[-71.0829,44.45217],[-71.08873,44.45247],[-71.0946,44.44757]]]},"properties":{"id":"p-040-015~A5","property_id":"p-040-015","label":"Block A5","score":66,"status":"unknown"}},{"type":"Feature","id":475,"geometry":{"type":"MultiPolygon","coordinates":[[[[-71.40328,44.6031],[-71.40273,44.60353],[-71.40206,44.60471],[-71.40205,44.6052],[-71.40223,44.60544],[-71.40275,44.60564],[-71.40267,44.60577],[-71.40223,44.60562],[-71.40194,44.60536],[-71.40188,44.60468],[-71.40257,44.60345],[-71.40328,44.60275],[-71.40346,44.60279],[-71.40328,44.6031]]],[[[-71.39384,44.60409],[-71.39426,44.60588],[-71.3901,44.6057],[-71.39207,44.60922],[-71.39354,44.60907],[-71.39801,44.61396],[-71.39586,44.61503],[-71.39621,44.61571],[-71.39133,44.61777],[-71.38018,44.62029],[-71.3878,44.59984],[-71.39762,44.60169],[-71.39781,44.60344],[-71.39384,44.60409]]]]},"properties":{"id":"p-047-001-22000-fo~D1","property_id":"p-047-001-22000-fo","label":"Block D1","score":52,"status":"verified"}},{"type":"Feature","id":476,"geometry":{"type":"Polygon","coordinates":[[[-71.35938,44.61317],[-71.35925,44.61132],[-71.35722,44.61138],[-71.36218,44.59809],[-71.3641,44.59975],[-71.36521,44.60045],[-71.36441,44.60047],[-71.36441,44.6006],[-71.36526,44.60165],[-71.36528,44.60192],[-71.3642,44.60181],[-71.364,44.60201],[-71.36334,44.60188],[-71.3624,44.60671],[-71.36465,44.60703],[-71.36467,44.60762],[-71.36569,44.60787],[-71.36662,44.60509],[-71.36654,44.60272],[-71.36693,44.60273],[-71.36686,44.60045],[-71.36649,44.60043],[-71.36615,44.60019],[-71.36586,44.59991],[-71.36574,44.59947],[-71.36598,44.59869],[-71.36625,44.59847],[-71.36613,44.59815],[-71.36636,44.59794],[-71.36611,44.59758],[-71.36651,44.59654],[-71.36592,44.59571],[-71.3878,44.59984],[-71.38129,44.6173],[-71.35938,44.61317]]]},"properties":{"id":"p-047-001-22000-fo~E1","property_id":"p-047-001-22000-fo","label":"Block E1","score":53,"status":"verified"}},{"type":"Feature","id":477,"geometry":{"type":"MultiPolygon","coordinates":[[[[-71.37876,44.62072],[-71.378,44.62112],[-71.37798,44.62096],[-71.37592,44.62241],[-71.37345,44.62339],[-71.37224,44.61751],[-71.3713,44.6168],[-71.37056,44.61576],[-71.36932,44.61576],[-71.37104,44.62343],[-71.3695,44.62333],[-71.3621,44.62087],[-71.36099,44.62036],[-71.35987,44.61963],[-71.3613,44.61817],[-71.36115,44.61598],[-71.35959,44.61605],[-71.35947,44.61439],[-71.35825,44.61512],[-71.35685,44.61543],[-71.35591,44.61623],[-71.35536,44.61636],[-71.35541,44.61622],[-71.35599,44.61601],[-71.35685,44.61526],[-71.35817,44.615],[-71.35912,44.61445],[-71.35946,44.61419],[-71.35938,44.61317],[-71.38129,44.6173],[-71.38018,44.62029],[-71.37876,44.62072]]],[[[-71.35526,44.61664],[-71.35686,44.61696],[-71.35723,44.6172],[-71.35728,44.61772],[-71.35709,44.61767],[-71.35705,44.61726],[-71.35675,44.61707],[-71.35521,44.61677],[-71.35526,44.61664]]]]},"properties":{"id":"p-047-001-22000-fo~E1-2","property_id":"p-047-001-22000-fo","label":"Block E1-2","score":39,"status":"verified"}},{"type":"Feature","id":478,"geometry":{"type":"MultiPolygon","coordinates":[[[[-71.35717,44.6112],[-71.35506,44.61127],[-71.35495,44.61019],[-71.35443,44.61011],[-71.35443,44.6087],[-71.35104,44.60883],[-71.35109,44.60911],[-71.33654,44.60905],[-71.33446,44.60741],[-71.33281,44.60638],[-71.3387,44.59058],[-71.33988,44.5908],[-71.33897,44.59078],[-71.33901,44.59092],[-71.33964,44.59116],[-71.34092,44.591],[-71.35788,44.5942],[-71.35886,44.59474],[-71.35972,44.59581],[-71.36218,44.59809],[-71.35722,44.61138],[-71.35717,44.6112]]],[[[-71.35489,44.61644],[-71.35492,44.61659],[-71.35526,44.61664],[-71.35521,44.61677],[-71.35473,44.61666],[-71.35462,44.61646],[-71.35498,44.61624],[-71.35541,44.61622],[-71.35536,44.61636],[-71.35489,44.61644]]]]},"properties":{"id":"p-047-001-22000-fo~F1","property_id":"p-047-001-22000-fo","label":"Block F1","score":50,"status":"verified"}},{"type":"Feature","id":479,"geometry":{"type":"Polygon","coordinates":[[[-71.33281,44.60638],[-71.33219,44.60616],[-71.33125,44.59948],[-71.33085,44.59237],[-71.32418,44.59239],[-71.32462,44.60308],[-71.3226,44.6032],[-71.32272,44.60417],[-71.32225,44.60431],[-71.32116,44.60506],[-71.31993,44.60649],[-71.31892,44.60692],[-71.31879,44.60355],[-71.31621,44.60364],[-71.31811,44.59937],[-71.31911,44.59939],[-71.31835,44.59878],[-71.32056,44.59376],[-71.32348,44.5877],[-71.3387,44.59058],[-71.33281,44.60638]]]},"properties":{"id":"p-047-001-22000-fo~G1","property_id":"p-047-001-22000-fo","label":"Block G1","score":54,"status":"verified"}},{"type":"Feature","id":480,"geometry":{"type":"Polygon","coordinates":[[[-71.41681,44.58662],[-71.41701,44.59072],[-71.4143,44.5908],[-71.4125,44.59492],[-71.40853,44.59661],[-71.40933,44.59755],[-71.40877,44.59798],[-71.40827,44.59788],[-71.40742,44.59957],[-71.40717,44.59951],[-71.40612,44.60114],[-71.40701,44.60146],[-71.40625,44.60232],[-71.40547,44.60281],[-71.40367,44.60247],[-71.40346,44.60279],[-71.40328,44.60275],[-71.40348,44.60243],[-71.39761,44.60159],[-71.39762,44.60169],[-71.3878,44.59984],[-71.3943,44.58238],[-71.41681,44.58662]],[[-71.40035,44.59402],[-71.40221,44.59589],[-71.40339,44.5964],[-71.40391,44.59717],[-71.40373,44.59723],[-71.40298,44.59631],[-71.40208,44.59599],[-71.40028,44.5942],[-71.39989,44.59288],[-71.40051,44.59912],[-71.40421,44.59906],[-71.40363,44.59122],[-71.39992,44.59135],[-71.39983,44.59168],[-71.40035,44.59402]]]},"properties":{"id":"p-047-001-22000-fo~D2","property_id":"p-047-001-22000-fo","label":"Block D2","score":55,"status":"verified"}},{"type":"Feature","id":481,"geometry":{"type":"Polygon","coordinates":[[[-71.3655,44.59486],[-71.36546,44.59443],[-71.36398,44.59325],[-71.36976,44.57775],[-71.3943,44.58238],[-71.3878,44.59984],[-71.36592,44.59571],[-71.3655,44.59486]],[[-71.36966,44.58482],[-71.36968,44.59248],[-71.38612,44.59162],[-71.38554,44.58412],[-71.37719,44.58427],[-71.36966,44.58482]]]},"properties":{"id":"p-047-001-22000-fo~E2","property_id":"p-047-001-22000-fo","label":"Block E2","score":53,"status":"verified"}},{"type":"Feature","id":482,"geometry":{"type":"Polygon","coordinates":[[[-71.31288,44.56861],[-71.32212,44.56876],[-71.34522,44.57312],[-71.3387,44.59058],[-71.32348,44.5877],[-71.32563,44.5832],[-71.31477,44.58351],[-71.31732,44.57865],[-71.30783,44.57871],[-71.30888,44.57679],[-71.30712,44.57596],[-71.30607,44.57609],[-71.30477,44.57679],[-71.30458,44.57669],[-71.3056,44.57609],[-71.3067,44.57579],[-71.30761,44.57591],[-71.30896,44.57663],[-71.30923,44.57614],[-71.31869,44.57596],[-71.31995,44.57343],[-71.31065,44.57354],[-71.31288,44.56861]]]},"properties":{"id":"p-047-001-22000-fo~G2","property_id":"p-047-001-22000-fo","label":"Block G2","score":54,"status":"verified"}},{"type":"Feature","id":483,"geometry":{"type":"MultiPolygon","coordinates":[[[[-71.48016,44.59852],[-71.48036,44.6077],[-71.48879,44.60679],[-71.48946,44.60904],[-71.48857,44.60915],[-71.48862,44.61073],[-71.48464,44.6103],[-71.4777,44.60869],[-71.47559,44.60837],[-71.47044,44.60786],[-71.46792,44.6074],[-71.46794,44.60638],[-71.46916,44.60448],[-71.46896,44.60063],[-71.4663,44.60066],[-71.46794,44.59623],[-71.48016,44.59852]]],[[[-71.47754,44.60894],[-71.48314,44.61024],[-71.48298,44.6105],[-71.48179,44.61029],[-71.48042,44.60987],[-71.47196,44.60833],[-71.47555,44.60864],[-71.47754,44.60894]]]]},"properties":{"id":"p-047-001-22000-fo~A3","property_id":"p-047-001-22000-fo","label":"Block A3","score":49,"status":"verified"}},{"type":"Feature","id":484,"geometry":{"type":"MultiPolygon","coordinates":[[[[-71.47189,44.58112],[-71.46393,44.5814],[-71.46363,44.57674],[-71.47442,44.57877],[-71.47213,44.58496],[-71.47189,44.58112]]],[[[-71.46468,44.59251],[-71.46938,44.59236],[-71.46794,44.59623],[-71.45661,44.5941],[-71.45655,44.59297],[-71.45143,44.59313],[-71.44339,44.59162],[-71.44767,44.58011],[-71.44783,44.58192],[-71.46393,44.5814],[-71.46468,44.59251]]],[[[-71.45535,44.57643],[-71.449,44.57653],[-71.44988,44.57416],[-71.45532,44.57518],[-71.45535,44.57643]]]]},"properties":{"id":"p-047-001-22000-fo~B3","property_id":"p-047-001-22000-fo","label":"Block B3","score":55,"status":"verified"}},{"type":"Feature","id":485,"geometry":{"type":"Polygon","coordinates":[[[-71.4663,44.60066],[-71.45706,44.60116],[-71.45722,44.60436],[-71.44939,44.59918],[-71.4486,44.59964],[-71.44612,44.59804],[-71.44652,44.59773],[-71.44447,44.59533],[-71.44449,44.59431],[-71.44381,44.5938],[-71.44266,44.5936],[-71.44339,44.59162],[-71.45143,44.59313],[-71.44871,44.59321],[-71.44847,44.59707],[-71.45678,44.59686],[-71.45661,44.5941],[-71.46794,44.59623],[-71.4663,44.60066]]]},"properties":{"id":"p-047-001-22000-fo~B3-2","property_id":"p-047-001-22000-fo","label":"Block B3-2","score":53,"status":"verified"}},{"type":"Feature","id":486,"geometry":{"type":"Polygon","coordinates":[[[-71.44087,44.58998],[-71.42524,44.59038],[-71.42448,44.58288],[-71.42033,44.583],[-71.42534,44.56954],[-71.44988,44.57416],[-71.449,44.57653],[-71.44735,44.57655],[-71.44767,44.58011],[-71.44266,44.5936],[-71.44164,44.59344],[-71.44087,44.58998]]]},"properties":{"id":"p-047-001-22000-fo~C3","property_id":"p-047-001-22000-fo","label":"Block C3","score":61,"status":"verified"}},{"type":"Feature","id":487,"geometry":{"type":"Polygon","coordinates":[[[-71.41663,44.58311],[-71.41681,44.58662],[-71.3943,44.58238],[-71.39948,44.56845],[-71.4077,44.56817],[-71.40751,44.56619],[-71.42534,44.56954],[-71.42033,44.583],[-71.41663,44.58311]]]},"properties":{"id":"p-047-001-22000-fo~D3","property_id":"p-047-001-22000-fo","label":"Block D3","score":55,"status":"verified"}},{"type":"Feature","id":488,"geometry":{"type":"MultiPolygon","coordinates":[[[[-71.39557,44.5677],[-71.39751,44.56648],[-71.39834,44.56519],[-71.39936,44.56484],[-71.39951,44.56468],[-71.39988,44.56475],[-71.39947,44.5651],[-71.39849,44.56547],[-71.39782,44.56664],[-71.39593,44.56783],[-71.39604,44.56857],[-71.39948,44.56845],[-71.3943,44.58238],[-71.36976,44.57775],[-71.37525,44.563],[-71.37594,44.56925],[-71.39564,44.56858],[-71.39557,44.5677]]],[[[-71.37562,44.56201],[-71.37626,44.5603],[-71.38353,44.56167],[-71.37562,44.56201]]]]},"properties":{"id":"p-047-001-22000-fo~E3","property_id":"p-047-001-22000-fo","label":"Block E3","score":59,"status":"verified"}},{"type":"Feature","id":489,"geometry":{"type":"Polygon","coordinates":[[[-71.37515,44.56203],[-71.37525,44.563],[-71.36976,44.57775],[-71.34522,44.57312],[-71.35173,44.55567],[-71.37626,44.5603],[-71.37562,44.56201],[-71.37515,44.56203]]]},"properties":{"id":"p-047-001-22000-fo~F3","property_id":"p-047-001-22000-fo","label":"Block F3","score":63,"status":"verified"}},{"type":"Feature","id":490,"geometry":{"type":"Polygon","coordinates":[[[-71.36398,44.59325],[-71.36128,44.59193],[-71.36039,44.59204],[-71.35986,44.59188],[-71.35934,44.59194],[-71.3585,44.59181],[-71.35694,44.5907],[-71.35618,44.59079],[-71.35511,44.59074],[-71.35409,44.59154],[-71.35326,44.59175],[-71.35322,44.5919],[-71.35407,44.5921],[-71.35421,44.59274],[-71.35444,44.59298],[-71.35482,44.59313],[-71.35526,44.593],[-71.35788,44.5942],[-71.34092,44.591],[-71.34304,44.59083],[-71.34542,44.59091],[-71.34638,44.59084],[-71.34675,44.59055],[-71.34638,44.5903],[-71.3438,44.59011],[-71.34274,44.5904],[-71.34176,44.59004],[-71.34063,44.58992],[-71.34014,44.59025],[-71.3401,44.59067],[-71.33993,44.5908],[-71.3387,44.59058],[-71.34522,44.57312],[-71.36976,44.57775],[-71.36398,44.59325]]]},"properties":{"id":"p-047-001-22000-fo~F3-2","property_id":"p-047-001-22000-fo","label":"Block F3-2","score":52,"status":"verified"}},{"type":"Feature","id":491,"geometry":{"type":"MultiPolygon","coordinates":[[[[-71.47964,44.58013],[-71.48072,44.58073],[-71.48143,44.58008],[-71.48683,44.5811],[-71.4852,44.58475],[-71.48647,44.5853],[-71.48648,44.58782],[-71.48548,44.58791],[-71.48542,44.58755],[-71.48491,44.58759],[-71.48497,44.58795],[-71.4841,44.58809],[-71.48358,44.58839],[-71.4836,44.5895],[-71.48333,44.58955],[-71.47981,44.58857],[-71.47974,44.58874],[-71.47237,44.58888],[-71.47213,44.58496],[-71.47442,44.57877],[-71.47963,44.57975],[-71.47964,44.58013]]],[[[-71.47258,44.59226],[-71.47281,44.59648],[-71.48009,44.59635],[-71.48016,44.59852],[-71.46794,44.59623],[-71.46938,44.59236],[-71.47258,44.59226]]]]},"properties":{"id":"p-047-001-22000-fo~A4","property_id":"p-047-001-22000-fo","label":"Block A4","score":54,"status":"verified"}},{"type":"Feature","id":492,"geometry":{"type":"Polygon","coordinates":[[[-71.45636,44.5567],[-71.44988,44.57416],[-71.42534,44.56954],[-71.43183,44.55208],[-71.45636,44.5567]]]},"properties":{"id":"p-047-001-22000-fo~C4","property_id":"p-047-001-22000-fo","label":"Block C4","score":69,"status":"verified"}},{"type":"Feature","id":493,"geometry":{"type":"Polygon","coordinates":[[[-71.38276,44.54284],[-71.37626,44.5603],[-71.35173,44.55567],[-71.35824,44.53821],[-71.38276,44.54284]]]},"properties":{"id":"p-047-001-22000-fo~F4","property_id":"p-047-001-22000-fo","label":"Block F4","score":64,"status":"verified"}},{"type":"Feature","id":494,"geometry":{"type":"Polygon","coordinates":[[[-71.35824,44.53821],[-71.35173,44.55567],[-71.3272,44.55103],[-71.33371,44.53358],[-71.35824,44.53821]]]},"properties":{"id":"p-047-001-22000-fo~G4","property_id":"p-047-001-22000-fo","label":"Block G4","score":64,"status":"verified"}},{"type":"Feature","id":495,"geometry":{"type":"Polygon","coordinates":[[[-71.32243,44.56876],[-71.32479,44.5638],[-71.32243,44.56382],[-71.3272,44.55103],[-71.35173,44.55567],[-71.34522,44.57312],[-71.32212,44.56876],[-71.32243,44.56876]]]},"properties":{"id":"p-047-001-22000-fo~G4-2","property_id":"p-047-001-22000-fo","label":"Block G4-2","score":67,"status":"verified"}},{"type":"Feature","id":496,"geometry":{"type":"Polygon","coordinates":[[[-71.32244,44.54848],[-71.31406,44.54855],[-71.30267,44.54639],[-71.30919,44.52894],[-71.33371,44.53358],[-71.3272,44.55103],[-71.32167,44.54999],[-71.32244,44.54848]]]},"properties":{"id":"p-047-001-22000-fo~H4","property_id":"p-047-001-22000-fo","label":"Block H4","score":72,"status":"verified"}},{"type":"Feature","id":497,"geometry":{"type":"MultiPolygon","coordinates":[[[[-71.29345,44.54916],[-71.29572,44.54508],[-71.31406,44.54855],[-71.31291,44.54856],[-71.30747,44.55852],[-71.29716,44.55878],[-71.30251,44.54883],[-71.29345,44.54916]]],[[[-71.32006,44.55313],[-71.32167,44.54999],[-71.3272,44.55103],[-71.32243,44.56382],[-71.31505,44.56388],[-71.32006,44.55313]]]]},"properties":{"id":"p-047-001-22000-fo~H4-2","property_id":"p-047-001-22000-fo","label":"Block H4-2","score":74,"status":"verified"}},{"type":"Feature","id":498,"geometry":{"type":"MultiPolygon","coordinates":[[[[-71.29572,44.54508],[-71.30063,44.53438],[-71.29023,44.53437],[-71.29449,44.52616],[-71.30919,44.52894],[-71.30267,44.54639],[-71.29572,44.54508]]],[[[-71.2842,44.52557],[-71.28468,44.5243],[-71.29093,44.52548],[-71.2842,44.52557]]]]},"properties":{"id":"p-047-001-22000-fo~I4","property_id":"p-047-001-22000-fo","label":"Block I4","score":84,"status":"verified"}},{"type":"Feature","id":499,"geometry":{"type":"MultiPolygon","coordinates":[[[[-71.4792,44.56285],[-71.47122,44.5628],[-71.47135,44.57075],[-71.47946,44.57076],[-71.47963,44.57975],[-71.46363,44.57674],[-71.46342,44.57352],[-71.45529,44.57367],[-71.45532,44.57518],[-71.44988,44.57416],[-71.45636,44.5567],[-71.47911,44.56097],[-71.4792,44.56285]]],[[[-71.48815,44.57821],[-71.48683,44.5811],[-71.48143,44.58008],[-71.4853,44.57658],[-71.48815,44.57821]]]]},"properties":{"id":"p-047-001-22000-fo~B5","property_id":"p-047-001-22000-fo","label":"Block B5","score":64,"status":"verified"}},{"type":"Feature","id":500,"geometry":{"type":"Polygon","coordinates":[[[-71.46284,44.53924],[-71.45636,44.5567],[-71.43183,44.55208],[-71.43831,44.53462],[-71.46284,44.53924]]]},"properties":{"id":"p-047-001-22000-fo~C5","property_id":"p-047-001-22000-fo","label":"Block C5","score":65,"status":"verified"}},{"type":"Feature","id":501,"geometry":{"type":"Polygon","coordinates":[[[-71.41379,44.53],[-71.43831,44.53462],[-71.43183,44.55208],[-71.40729,44.54746],[-71.41379,44.53]]]},"properties":{"id":"p-047-001-22000-fo~D5","property_id":"p-047-001-22000-fo","label":"Block D5","score":62,"status":"verified"}},{"type":"Feature","id":502,"geometry":{"type":"Polygon","coordinates":[[[-71.40698,44.5606],[-71.40232,44.56083],[-71.40729,44.54746],[-71.43183,44.55208],[-71.42534,44.56954],[-71.40751,44.56619],[-71.40698,44.5606]]]},"properties":{"id":"p-047-001-22000-fo~D5-2","property_id":"p-047-001-22000-fo","label":"Block D5-2","score":55,"status":"verified"}},{"type":"Feature","id":503,"geometry":{"type":"Polygon","coordinates":[[[-71.41379,44.53],[-71.40729,44.54746],[-71.38276,44.54284],[-71.38926,44.52538],[-71.41379,44.53]]]},"properties":{"id":"p-047-001-22000-fo~E5","property_id":"p-047-001-22000-fo","label":"Block E5","score":61,"status":"verified"}},{"type":"Feature","id":504,"geometry":{"type":"Polygon","coordinates":[[[-71.39952,44.56466],[-71.39932,44.56339],[-71.39893,44.56296],[-71.39849,44.56279],[-71.39785,44.56277],[-71.39733,44.56243],[-71.3972,44.56177],[-71.39735,44.56139],[-71.39779,44.56104],[-71.38353,44.56167],[-71.37626,44.5603],[-71.38276,44.54284],[-71.40729,44.54746],[-71.40232,44.56083],[-71.3984,44.56102],[-71.39767,44.56154],[-71.39768,44.56232],[-71.398,44.56251],[-71.39896,44.56261],[-71.39974,44.56331],[-71.39995,44.56454],[-71.39988,44.56475],[-71.39952,44.56466]]]},"properties":{"id":"p-047-001-22000-fo~E5-2","property_id":"p-047-001-22000-fo","label":"Block E5-2","score":50,"status":"verified"}},{"type":"Feature","id":505,"geometry":{"type":"Polygon","coordinates":[[[-71.38926,44.52538],[-71.38276,44.54284],[-71.35824,44.53821],[-71.36474,44.52075],[-71.38926,44.52538]]]},"properties":{"id":"p-047-001-22000-fo~F5","property_id":"p-047-001-22000-fo","label":"Block F5","score":62,"status":"verified"}},{"type":"Feature","id":506,"geometry":{"type":"Polygon","coordinates":[[[-71.36474,44.52075],[-71.35824,44.53821],[-71.33371,44.53358],[-71.34022,44.51612],[-71.36474,44.52075]]]},"properties":{"id":"p-047-001-22000-fo~G5","property_id":"p-047-001-22000-fo","label":"Block G5","score":66,"status":"verified"}},{"type":"Feature","id":507,"geometry":{"type":"Polygon","coordinates":[[[-71.34022,44.51612],[-71.33371,44.53358],[-71.30919,44.52894],[-71.31571,44.51149],[-71.34022,44.51612]]]},"properties":{"id":"p-047-001-22000-fo~H5","property_id":"p-047-001-22000-fo","label":"Block H5","score":60,"status":"verified"}},{"type":"Feature","id":508,"geometry":{"type":"Polygon","coordinates":[[[-71.29486,44.52543],[-71.29093,44.52548],[-71.28468,44.5243],[-71.2912,44.50685],[-71.31571,44.51149],[-71.30919,44.52894],[-71.29449,44.52616],[-71.29486,44.52543]]]},"properties":{"id":"p-047-001-22000-fo~I5","property_id":"p-047-001-22000-fo","label":"Block I5","score":63,"status":"verified"}},{"type":"Feature","id":509,"geometry":{"type":"Polygon","coordinates":[[[-71.28111,44.52561],[-71.28478,44.51804],[-71.27545,44.51833],[-71.28038,44.50857],[-71.27335,44.50872],[-71.27579,44.50393],[-71.2912,44.50685],[-71.2842,44.52557],[-71.28111,44.52561]]]},"properties":{"id":"p-047-001-22000-fo~J5","property_id":"p-047-001-22000-fo","label":"Block J5","score":49,"status":"verified"}},{"type":"Feature","id":510,"geometry":{"type":"Polygon","coordinates":[[[-71.46764,44.53119],[-71.47797,44.53064],[-71.4786,44.5422],[-71.46284,44.53924],[-71.46731,44.52721],[-71.46764,44.53119]]]},"properties":{"id":"p-047-001-22000-fo~B6","property_id":"p-047-001-22000-fo","label":"Block B6","score":61,"status":"verified"}},{"type":"Feature","id":511,"geometry":{"type":"Polygon","coordinates":[[[-71.4786,44.5422],[-71.47885,44.55538],[-71.47911,44.56097],[-71.45636,44.5567],[-71.46284,44.53924],[-71.4786,44.5422]]]},"properties":{"id":"p-047-001-22000-fo~B6-2","property_id":"p-047-001-22000-fo","label":"Block B6-2","score":66,"status":"verified"}},{"type":"Feature","id":512,"geometry":{"type":"Polygon","coordinates":[[[-71.46065,44.52071],[-71.46295,44.52058],[-71.46641,44.52123],[-71.4672,44.52596],[-71.46731,44.52721],[-71.46284,44.53924],[-71.43831,44.53462],[-71.4448,44.51716],[-71.46056,44.52013],[-71.46065,44.52071]]]},"properties":{"id":"p-047-001-22000-fo~C6","property_id":"p-047-001-22000-fo","label":"Block C6","score":64,"status":"verified"}},{"type":"Feature","id":513,"geometry":{"type":"Polygon","coordinates":[[[-71.42027,44.51255],[-71.41379,44.53],[-71.38926,44.52538],[-71.39576,44.50793],[-71.42027,44.51255]]]},"properties":{"id":"p-047-001-22000-fo~E6","property_id":"p-047-001-22000-fo","label":"Block E6","score":64,"status":"verified"}},{"type":"Feature","id":514,"geometry":{"type":"Polygon","coordinates":[[[-71.39576,44.50793],[-71.38926,44.52538],[-71.36474,44.52075],[-71.37124,44.5033],[-71.39576,44.50793]]]},"properties":{"id":"p-047-001-22000-fo~F6","property_id":"p-047-001-22000-fo","label":"Block F6","score":56,"status":"verified"}},{"type":"Feature","id":515,"geometry":{"type":"Polygon","coordinates":[[[-71.37124,44.5033],[-71.36474,44.52075],[-71.34022,44.51612],[-71.34673,44.49867],[-71.37124,44.5033]]]},"properties":{"id":"p-047-001-22000-fo~G6","property_id":"p-047-001-22000-fo","label":"Block G6","score":67,"status":"verified"}},{"type":"Feature","id":516,"geometry":{"type":"Polygon","coordinates":[[[-71.34673,44.49867],[-71.34022,44.51612],[-71.31571,44.51149],[-71.32222,44.49404],[-71.34673,44.49867]]]},"properties":{"id":"p-047-001-22000-fo~H6","property_id":"p-047-001-22000-fo","label":"Block H6","score":65,"status":"verified"}},{"type":"Feature","id":517,"geometry":{"type":"Polygon","coordinates":[[[-71.32222,44.49404],[-71.31571,44.51149],[-71.2912,44.50685],[-71.29772,44.4894],[-71.32222,44.49404]]]},"properties":{"id":"p-047-001-22000-fo~I6","property_id":"p-047-001-22000-fo","label":"Block I6","score":49,"status":"verified"}},{"type":"Feature","id":518,"geometry":{"type":"Polygon","coordinates":[[[-71.28057,44.49453],[-71.27125,44.4948],[-71.27587,44.48526],[-71.29772,44.4894],[-71.2912,44.50685],[-71.27579,44.50393],[-71.28057,44.49453]]]},"properties":{"id":"p-047-001-22000-fo~J6","property_id":"p-047-001-22000-fo","label":"Block J6","score":57,"status":"verified"}},{"type":"Feature","id":519,"geometry":{"type":"Polygon","coordinates":[[[-71.45128,44.4997],[-71.4448,44.51716],[-71.42027,44.51255],[-71.42676,44.49509],[-71.45128,44.4997]]]},"properties":{"id":"p-047-001-22000-fo~D7","property_id":"p-047-001-22000-fo","label":"Block D7","score":64,"status":"verified"}},{"type":"Feature","id":520,"geometry":{"type":"Polygon","coordinates":[[[-71.42844,44.52786],[-71.42861,44.53279],[-71.41379,44.53],[-71.42027,44.51255],[-71.4448,44.51716],[-71.43831,44.53462],[-71.42882,44.53284],[-71.43681,44.53269],[-71.43642,44.52763],[-71.42844,44.52786]]]},"properties":{"id":"p-047-001-22000-fo~D7-2","property_id":"p-047-001-22000-fo","label":"Block D7-2","score":65,"status":"verified"}},{"type":"Feature","id":521,"geometry":{"type":"Polygon","coordinates":[[[-71.42676,44.49509],[-71.42027,44.51255],[-71.39576,44.50793],[-71.40225,44.49047],[-71.42676,44.49509]]]},"properties":{"id":"p-047-001-22000-fo~E7","property_id":"p-047-001-22000-fo","label":"Block E7","score":63,"status":"verified"}},{"type":"Feature","id":522,"geometry":{"type":"Polygon","coordinates":[[[-71.40225,44.49047],[-71.39576,44.50793],[-71.37124,44.5033],[-71.37774,44.48585],[-71.40225,44.49047]]]},"properties":{"id":"p-047-001-22000-fo~F7","property_id":"p-047-001-22000-fo","label":"Block F7","score":57,"status":"verified"}},{"type":"Feature","id":523,"geometry":{"type":"Polygon","coordinates":[[[-71.37774,44.48585],[-71.37124,44.5033],[-71.34673,44.49867],[-71.35323,44.48122],[-71.37774,44.48585]]]},"properties":{"id":"p-047-001-22000-fo~G7","property_id":"p-047-001-22000-fo","label":"Block G7","score":54,"status":"verified"}},{"type":"Feature","id":524,"geometry":{"type":"Polygon","coordinates":[[[-71.35323,44.48122],[-71.34673,44.49867],[-71.32222,44.49404],[-71.32873,44.47658],[-71.35323,44.48122]]]},"properties":{"id":"p-047-001-22000-fo~H7","property_id":"p-047-001-22000-fo","label":"Block H7","score":51,"status":"verified"}},{"type":"Feature","id":525,"geometry":{"type":"Polygon","coordinates":[[[-71.32873,44.47658],[-71.32222,44.49404],[-71.29772,44.4894],[-71.30423,44.47195],[-71.32873,44.47658]]]},"properties":{"id":"p-047-001-22000-fo~I7","property_id":"p-047-001-22000-fo","label":"Block I7","score":53,"status":"verified"}},{"type":"Feature","id":526,"geometry":{"type":"MultiPolygon","coordinates":[[[[-71.2795,44.47776],[-71.27741,44.47774],[-71.27869,44.47533],[-71.29713,44.47523],[-71.29931,44.47101],[-71.30423,44.47195],[-71.29772,44.4894],[-71.27587,44.48526],[-71.2795,44.47776]]],[[[-71.27983,44.46955],[-71.28075,44.4675],[-71.29058,44.46936],[-71.27983,44.46955]]]]},"properties":{"id":"p-047-001-22000-fo~J7","property_id":"p-047-001-22000-fo","label":"Block J7","score":50,"status":"verified"}},{"type":"Feature","id":527,"geometry":{"type":"MultiPolygon","coordinates":[[[[-71.45252,44.49635],[-71.4563,44.4975],[-71.45666,44.50465],[-71.45733,44.51113],[-71.46431,44.50845],[-71.46533,44.51482],[-71.4598,44.51521],[-71.46056,44.52013],[-71.4448,44.51716],[-71.45252,44.49635]]],[[[-71.46295,44.52058],[-71.46627,44.52039],[-71.46641,44.52123],[-71.46295,44.52058]]]]},"properties":{"id":"p-047-001-22000-fo~C8","property_id":"p-047-001-22000-fo","label":"Block C8","score":57,"status":"verified"}},{"type":"Feature","id":528,"geometry":{"type":"Polygon","coordinates":[[[-71.43237,44.47999],[-71.43435,44.49053],[-71.45252,44.49635],[-71.45128,44.4997],[-71.42676,44.49509],[-71.43237,44.47999]]]},"properties":{"id":"p-047-001-22000-fo~D8","property_id":"p-047-001-22000-fo","label":"Block D8","score":60,"status":"verified"}},{"type":"Feature","id":529,"geometry":{"type":"Polygon","coordinates":[[[-71.43237,44.47999],[-71.42676,44.49509],[-71.40225,44.49047],[-71.40874,44.47301],[-71.43212,44.47742],[-71.43237,44.47999]]]},"properties":{"id":"p-047-001-22000-fo~E8","property_id":"p-047-001-22000-fo","label":"Block E8","score":65,"status":"verified"}},{"type":"Feature","id":530,"geometry":{"type":"Polygon","coordinates":[[[-71.40874,44.47301],[-71.40225,44.49047],[-71.37774,44.48585],[-71.38423,44.46839],[-71.40874,44.47301]]]},"properties":{"id":"p-047-001-22000-fo~F8","property_id":"p-047-001-22000-fo","label":"Block F8","score":64,"status":"verified"}},{"type":"Feature","id":531,"geometry":{"type":"Polygon","coordinates":[[[-71.38423,44.46839],[-71.37774,44.48585],[-71.35323,44.48122],[-71.35973,44.46376],[-71.38423,44.46839]]]},"properties":{"id":"p-047-001-22000-fo~G8","property_id":"p-047-001-22000-fo","label":"Block G8","score":56,"status":"verified"}},{"type":"Feature","id":532,"geometry":{"type":"Polygon","coordinates":[[[-71.35973,44.46376],[-71.35323,44.48122],[-71.32873,44.47658],[-71.33524,44.45913],[-71.35973,44.46376]]]},"properties":{"id":"p-047-001-22000-fo~H8","property_id":"p-047-001-22000-fo","label":"Block H8","score":44,"status":"verified"}},{"type":"Feature","id":533,"geometry":{"type":"Polygon","coordinates":[[[-71.33524,44.45913],[-71.32873,44.47658],[-71.30423,44.47195],[-71.31074,44.4545],[-71.33524,44.45913]]]},"properties":{"id":"p-047-001-22000-fo~I8","property_id":"p-047-001-22000-fo","label":"Block I8","score":44,"status":"verified"}},{"type":"Feature","id":534,"geometry":{"type":"Polygon","coordinates":[[[-71.30025,44.4692],[-71.29058,44.46936],[-71.28075,44.4675],[-71.28561,44.45688],[-71.28898,44.45037],[-71.31074,44.4545],[-71.30423,44.47195],[-71.29931,44.47101],[-71.30025,44.4692]]]},"properties":{"id":"p-047-001-22000-fo~J8","property_id":"p-047-001-22000-fo","label":"Block J8","score":42,"status":"verified"}},{"type":"Feature","id":535,"geometry":{"type":"Polygon","coordinates":[[[-71.43006,44.46022],[-71.43092,44.4648],[-71.43212,44.47742],[-71.40874,44.47301],[-71.41522,44.45556],[-71.43622,44.45952],[-71.43006,44.46022]]]},"properties":{"id":"p-047-001-22000-fo~E9","property_id":"p-047-001-22000-fo","label":"Block E9","score":50,"status":"verified"}},{"type":"Feature","id":536,"geometry":{"type":"Polygon","coordinates":[[[-71.41522,44.45556],[-71.40874,44.47301],[-71.38423,44.46839],[-71.39072,44.45094],[-71.41522,44.45556]]]},"properties":{"id":"p-047-001-22000-fo~F9","property_id":"p-047-001-22000-fo","label":"Block F9","score":63,"status":"verified"}},{"type":"Feature","id":537,"geometry":{"type":"Polygon","coordinates":[[[-71.39072,44.45094],[-71.38423,44.46839],[-71.35973,44.46376],[-71.36623,44.44631],[-71.39072,44.45094]]]},"properties":{"id":"p-047-001-22000-fo~G9","property_id":"p-047-001-22000-fo","label":"Block G9","score":64,"status":"verified"}},{"type":"Feature","id":538,"geometry":{"type":"Polygon","coordinates":[[[-71.36623,44.44631],[-71.35973,44.46376],[-71.33524,44.45913],[-71.34174,44.44168],[-71.36623,44.44631]]]},"properties":{"id":"p-047-001-22000-fo~H9","property_id":"p-047-001-22000-fo","label":"Block H9","score":55,"status":"verified"}},{"type":"Feature","id":539,"geometry":{"type":"Polygon","coordinates":[[[-71.34174,44.44168],[-71.33524,44.45913],[-71.31074,44.4545],[-71.31725,44.43705],[-71.34174,44.44168]]]},"properties":{"id":"p-047-001-22000-fo~I9","property_id":"p-047-001-22000-fo","label":"Block I9","score":44,"status":"verified"}},{"type":"Feature","id":540,"geometry":{"type":"Polygon","coordinates":[[[-71.28722,44.44727],[-71.27567,44.44757],[-71.27518,44.43335],[-71.28072,44.43332],[-71.28075,44.43013],[-71.29277,44.43241],[-71.28722,44.44727]]]},"properties":{"id":"p-047-001-22000-fo~K9","property_id":"p-047-001-22000-fo","label":"Block K9","score":63,"status":"verified"}},{"type":"Feature","id":541,"geometry":{"type":"MultiPolygon","coordinates":[[[[-71.4462,44.44272],[-71.45043,44.44352],[-71.44561,44.4443],[-71.4462,44.44272]]],[[[-71.44542,44.44758],[-71.44527,44.44839],[-71.44554,44.44884],[-71.4456,44.44955],[-71.4449,44.45109],[-71.44515,44.4523],[-71.44688,44.45323],[-71.44841,44.45386],[-71.44907,44.45398],[-71.45046,44.4538],[-71.45117,44.45398],[-71.45159,44.45441],[-71.45202,44.45456],[-71.45291,44.45518],[-71.45369,44.45622],[-71.45514,44.45746],[-71.45872,44.46248],[-71.46253,44.46107],[-71.46661,44.46169],[-71.46025,44.46404],[-71.44218,44.46064],[-71.44084,44.45899],[-71.44013,44.45907],[-71.44494,44.4461],[-71.44542,44.44758]]],[[[-71.47107,44.46608],[-71.47011,44.4659],[-71.47061,44.46577],[-71.47107,44.46608]]]]},"properties":{"id":"p-047-001-22000-fo~D10","property_id":"p-047-001-22000-fo","label":"Block D10","score":55,"status":"verified"}},{"type":"Feature","id":542,"geometry":{"type":"Polygon","coordinates":[[[-71.46126,44.46515],[-71.4631,44.46839],[-71.46534,44.46783],[-71.47011,44.4659],[-71.47107,44.46608],[-71.47208,44.46673],[-71.47406,44.46904],[-71.47195,44.4698],[-71.47265,44.47042],[-71.47274,44.47075],[-71.47342,44.47129],[-71.47469,44.47307],[-71.47564,44.47263],[-71.47664,44.47454],[-71.47494,44.47533],[-71.47333,44.47626],[-71.4721,44.47741],[-71.47009,44.47503],[-71.46889,44.47551],[-71.46643,44.47231],[-71.46581,44.47188],[-71.46327,44.47296],[-71.46175,44.47126],[-71.46008,44.47176],[-71.45952,44.47139],[-71.45734,44.47198],[-71.45426,44.4736],[-71.45304,44.47238],[-71.45189,44.47287],[-71.44654,44.46619],[-71.44674,44.46608],[-71.44218,44.46064],[-71.46025,44.46404],[-71.46126,44.46515]]]},"properties":{"id":"p-047-001-22000-fo~D10-2","property_id":"p-047-001-22000-fo","label":"Block D10-2","score":56,"status":"verified"}},{"type":"Feature","id":543,"geometry":{"type":"Polygon","coordinates":[[[-71.44486,44.44442],[-71.44504,44.44533],[-71.44494,44.4461],[-71.44013,44.45907],[-71.43622,44.45952],[-71.41522,44.45556],[-71.4217,44.4381],[-71.4462,44.44272],[-71.44561,44.4443],[-71.44486,44.44442]]]},"properties":{"id":"p-047-001-22000-fo~E10","property_id":"p-047-001-22000-fo","label":"Block E10","score":69,"status":"verified"}},{"type":"Feature","id":544,"geometry":{"type":"Polygon","coordinates":[[[-71.4217,44.4381],[-71.41522,44.45556],[-71.39072,44.45094],[-71.39721,44.43348],[-71.4217,44.4381]]]},"properties":{"id":"p-047-001-22000-fo~F10","property_id":"p-047-001-22000-fo","label":"Block F10","score":64,"status":"verified"}},{"type":"Feature","id":545,"geometry":{"type":"Polygon","coordinates":[[[-71.37235,44.43288],[-71.37229,44.43003],[-71.37272,44.42886],[-71.38239,44.43069],[-71.38237,44.43244],[-71.38748,44.43226],[-71.38744,44.43164],[-71.39721,44.43348],[-71.39072,44.45094],[-71.36623,44.44631],[-71.37123,44.43288],[-71.37235,44.43288]]]},"properties":{"id":"p-047-001-22000-fo~G10","property_id":"p-047-001-22000-fo","label":"Block G10","score":65,"status":"verified"}},{"type":"Feature","id":546,"geometry":{"type":"MultiPolygon","coordinates":[[[[-71.35193,44.43271],[-71.37123,44.43288],[-71.36623,44.44631],[-71.34174,44.44168],[-71.34824,44.42423],[-71.35187,44.42492],[-71.35193,44.43271]]],[[[-71.37226,44.42877],[-71.37272,44.42886],[-71.37229,44.43003],[-71.37226,44.42877]]]]},"properties":{"id":"p-047-001-22000-fo~H10","property_id":"p-047-001-22000-fo","label":"Block H10","score":52,"status":"verified"}},{"type":"Feature","id":547,"geometry":{"type":"Polygon","coordinates":[[[-71.34824,44.42423],[-71.34174,44.44168],[-71.31725,44.43705],[-71.32376,44.4196],[-71.34824,44.42423]]]},"properties":{"id":"p-047-001-22000-fo~I10","property_id":"p-047-001-22000-fo","label":"Block I10","score":50,"status":"verified"}},{"type":"Feature","id":548,"geometry":{"type":"Polygon","coordinates":[[[-71.28898,44.45037],[-71.29063,44.44718],[-71.28722,44.44727],[-71.29277,44.43241],[-71.31725,44.43705],[-71.31074,44.4545],[-71.28898,44.45037]]]},"properties":{"id":"p-047-001-22000-fo~J10","property_id":"p-047-001-22000-fo","label":"Block J10","score":44,"status":"verified"}},{"type":"Feature","id":549,"geometry":{"type":"Polygon","coordinates":[[[-71.11244,44.38502],[-71.12251,44.38462],[-71.12285,44.38852],[-71.11903,44.38869],[-71.1197,44.39625],[-71.11559,44.39838],[-71.11499,44.38986],[-71.10653,44.39017],[-71.10756,44.39069],[-71.10762,44.39103],[-71.10725,44.39157],[-71.10735,44.39175],[-71.10802,44.39183],[-71.10846,44.39243],[-71.10781,44.3927],[-71.1077,44.39307],[-71.10818,44.39367],[-71.10813,44.39408],[-71.10883,44.39541],[-71.10914,44.39572],[-71.10946,44.39667],[-71.1098,44.39706],[-71.11022,44.39729],[-71.11019,44.39765],[-71.09702,44.39513],[-71.10358,44.3777],[-71.11203,44.37931],[-71.11244,44.38502]]]},"properties":{"id":"p-047-001-22000-fo~R10","property_id":"p-047-001-22000-fo","label":"Block R10","score":61,"status":"verified"}},{"type":"Feature","id":550,"geometry":{"type":"MultiPolygon","coordinates":[[[[-71.079,44.39209],[-71.07873,44.39163],[-71.08544,44.39292],[-71.07914,44.39319],[-71.079,44.39209]]],[[[-71.09229,44.39423],[-71.11019,44.39765],[-71.11043,44.40056],[-71.11191,44.39993],[-71.11202,44.40006],[-71.10933,44.40114],[-71.10926,44.40103],[-71.10633,44.40245],[-71.10583,44.40198],[-71.10515,44.40237],[-71.10567,44.40277],[-71.09982,44.40565],[-71.09962,44.40532],[-71.09908,44.4055],[-71.09932,44.40586],[-71.09622,44.40656],[-71.0953,44.40662],[-71.09399,44.40647],[-71.0934,44.40658],[-71.09229,44.39423]],[[-71.10996,44.40076],[-71.10985,44.40062],[-71.10906,44.40095],[-71.10926,44.40103],[-71.10996,44.40076]]]]},"properties":{"id":"p-047-001-22000-fo~R10-2","property_id":"p-047-001-22000-fo","label":"Block R10-2","score":55,"status":"verified"}},{"type":"Feature","id":551,"geometry":{"type":"Polygon","coordinates":[[[-71.06524,44.38668],[-71.0657,44.39245],[-71.06902,44.39237],[-71.06906,44.39444],[-71.06717,44.39448],[-71.06716,44.39518],[-71.06648,44.39535],[-71.06665,44.39634],[-71.06495,44.3967],[-71.06481,44.39623],[-71.06458,44.3962],[-71.06477,44.39595],[-71.06575,44.39566],[-71.0656,44.39521],[-71.06396,44.39567],[-71.0637,44.39525],[-71.06335,44.39539],[-71.06329,44.39587],[-71.06103,44.39653],[-71.06142,44.39726],[-71.06071,44.39736],[-71.06059,44.39798],[-71.05848,44.39799],[-71.05682,44.3976],[-71.05543,44.39667],[-71.05656,44.39595],[-71.05586,44.39512],[-71.05668,44.39463],[-71.0562,44.39364],[-71.05615,44.39266],[-71.05559,44.39276],[-71.05622,44.39232],[-71.05713,44.39233],[-71.05737,44.39153],[-71.05387,44.39092],[-71.05384,44.39153],[-71.05364,44.39168],[-71.05346,44.38809],[-71.06012,44.38788],[-71.05957,44.37807],[-71.05084,44.37855],[-71.05469,44.36834],[-71.07913,44.37302],[-71.07408,44.38645],[-71.06524,44.38668]]]},"properties":{"id":"p-047-001-22000-fo~T10","property_id":"p-047-001-22000-fo","label":"Block T10","score":58,"status":"verified"}},{"type":"Feature","id":552,"geometry":{"type":"Polygon","coordinates":[[[-71.02547,44.3743],[-71.02505,44.37487],[-71.02503,44.37546],[-71.02368,44.37621],[-71.02291,44.37725],[-71.01963,44.37881],[-71.01903,44.37925],[-71.01894,44.37987],[-71.01954,44.38116],[-71.01911,44.38264],[-71.02001,44.38335],[-71.01974,44.3834],[-71.01912,44.383],[-71.01885,44.38264],[-71.01929,44.38116],[-71.01869,44.3799],[-71.01882,44.37915],[-71.01949,44.37866],[-71.02273,44.37713],[-71.02352,44.37608],[-71.02482,44.37536],[-71.0248,44.37482],[-71.02515,44.37432],[-71.01526,44.37477],[-71.01414,44.36056],[-71.03024,44.36365],[-71.02624,44.37427],[-71.02547,44.3743]]]},"properties":{"id":"p-047-001-22000-fo~V10","property_id":"p-047-001-22000-fo","label":"Block V10","score":49,"status":"verified"}},{"type":"Feature","id":553,"geometry":{"type":"Polygon","coordinates":[[[-71.45627,44.42914],[-71.466,44.42797],[-71.45736,44.43362],[-71.46745,44.43219],[-71.4686,44.43684],[-71.45864,44.43784],[-71.4597,44.44222],[-71.45043,44.44352],[-71.4462,44.44272],[-71.45267,44.42526],[-71.45556,44.42581],[-71.45627,44.42914]]]},"properties":{"id":"p-047-001-22000-fo~D11","property_id":"p-047-001-22000-fo","label":"Block D11","score":63,"status":"verified"}},{"type":"Feature","id":554,"geometry":{"type":"Polygon","coordinates":[[[-71.45267,44.42526],[-71.4462,44.44272],[-71.4217,44.4381],[-71.42818,44.42065],[-71.45267,44.42526]]]},"properties":{"id":"p-047-001-22000-fo~E11","property_id":"p-047-001-22000-fo","label":"Block E11","score":64,"status":"verified"}},{"type":"Feature","id":555,"geometry":{"type":"Polygon","coordinates":[[[-71.41982,44.41711],[-71.42008,44.41819],[-71.42291,44.41784],[-71.42181,44.41286],[-71.43139,44.41199],[-71.4217,44.4381],[-71.39721,44.43348],[-71.40481,44.41303],[-71.41982,44.41711]]]},"properties":{"id":"p-047-001-22000-fo~F11","property_id":"p-047-001-22000-fo","label":"Block F11","score":65,"status":"verified"}},{"type":"Feature","id":556,"geometry":{"type":"MultiPolygon","coordinates":[[[[-71.35181,44.41685],[-71.35187,44.42492],[-71.32376,44.4196],[-71.32477,44.41687],[-71.33535,44.41677],[-71.35181,44.41685]]],[[[-71.37272,44.42886],[-71.37226,44.42877],[-71.37218,44.42489],[-71.3742,44.42487],[-71.37272,44.42886]]]]},"properties":{"id":"p-047-001-22000-fo~I11","property_id":"p-047-001-22000-fo","label":"Block I11","score":49,"status":"verified"}},{"type":"Feature","id":557,"geometry":{"type":"Polygon","coordinates":[[[-71.32477,44.41687],[-71.31725,44.43705],[-71.28075,44.43013],[-71.28078,44.42667],[-71.29489,44.42663],[-71.29456,44.4172],[-71.30393,44.41688],[-71.32477,44.41687]]]},"properties":{"id":"p-047-001-22000-fo~J11","property_id":"p-047-001-22000-fo","label":"Block J11","score":52,"status":"verified"}},{"type":"Feature","id":558,"geometry":{"type":"Polygon","coordinates":[[[-71.15508,44.37462],[-71.14651,44.37477],[-71.14696,44.38259],[-71.14323,44.38267],[-71.14344,44.38639],[-71.14313,44.38647],[-71.14286,44.38441],[-71.14087,44.38459],[-71.14075,44.38219],[-71.13921,44.38196],[-71.13913,44.38048],[-71.12862,44.3808],[-71.13458,44.36493],[-71.15902,44.3696],[-71.15833,44.37144],[-71.15492,44.37152],[-71.15508,44.37462]]]},"properties":{"id":"p-047-001-22000-fo~Q11","property_id":"p-047-001-22000-fo","label":"Block Q11","score":63,"status":"verified"}},{"type":"Feature","id":559,"geometry":{"type":"Polygon","coordinates":[[[-71.12242,44.38099],[-71.12227,44.37915],[-71.11203,44.37931],[-71.10358,44.3777],[-71.11013,44.36026],[-71.13458,44.36493],[-71.12862,44.3808],[-71.12242,44.38099]]]},"properties":{"id":"p-047-001-22000-fo~R11","property_id":"p-047-001-22000-fo","label":"Block R11","score":67,"status":"verified"}},{"type":"Feature","id":560,"geometry":{"type":"Polygon","coordinates":[[[-71.11013,44.36026],[-71.10358,44.3777],[-71.07913,44.37302],[-71.08569,44.35558],[-71.11013,44.36026]]]},"properties":{"id":"p-047-001-22000-fo~S11","property_id":"p-047-001-22000-fo","label":"Block S11","score":69,"status":"verified"}},{"type":"Feature","id":561,"geometry":{"type":"Polygon","coordinates":[[[-71.09219,44.39263],[-71.08544,44.39292],[-71.07873,44.39163],[-71.07815,44.39088],[-71.07792,44.38634],[-71.07408,44.38645],[-71.07913,44.37302],[-71.10358,44.3777],[-71.09702,44.39513],[-71.09229,44.39423],[-71.09219,44.39263]]]},"properties":{"id":"p-047-001-22000-fo~S11-2","property_id":"p-047-001-22000-fo","label":"Block S11-2","score":64,"status":"verified"}},{"type":"Feature","id":562,"geometry":{"type":"Polygon","coordinates":[[[-71.08569,44.35558],[-71.07913,44.37302],[-71.05469,44.36834],[-71.06125,44.3509],[-71.08569,44.35558]]]},"properties":{"id":"p-047-001-22000-fo~T11","property_id":"p-047-001-22000-fo","label":"Block T11","score":66,"status":"verified"}},{"type":"Feature","id":563,"geometry":{"type":"Polygon","coordinates":[[[-71.06125,44.3509],[-71.05469,44.36834],[-71.03024,44.36365],[-71.03682,44.34622],[-71.06125,44.3509]]]},"properties":{"id":"p-047-001-22000-fo~U11","property_id":"p-047-001-22000-fo","label":"Block U11","score":68,"status":"verified"}},{"type":"Feature","id":564,"geometry":{"type":"Polygon","coordinates":[[[-71.03387,44.37949],[-71.03352,44.37395],[-71.02624,44.37427],[-71.03024,44.36365],[-71.05469,44.36834],[-71.05084,44.37855],[-71.03387,44.37949]]]},"properties":{"id":"p-047-001-22000-fo~U11-2","property_id":"p-047-001-22000-fo","label":"Block U11-2","score":63,"status":"verified"}},{"type":"Feature","id":565,"geometry":{"type":"Polygon","coordinates":[[[-71.01414,44.36056],[-71.01308,44.34166],[-71.03682,44.34622],[-71.03024,44.36365],[-71.01414,44.36056]]]},"properties":{"id":"p-047-001-22000-fo~V11","property_id":"p-047-001-22000-fo","label":"Block V11","score":61,"status":"verified"}},{"type":"Feature","id":566,"geometry":{"type":"Polygon","coordinates":[[[-71.43139,44.41199],[-71.43869,44.41114],[-71.45196,44.40982],[-71.45364,44.41711],[-71.45723,44.41655],[-71.46403,44.41584],[-71.46425,44.41513],[-71.46375,44.41462],[-71.4639,44.4143],[-71.46659,44.4158],[-71.46564,44.41639],[-71.46614,44.4168],[-71.46558,44.41709],[-71.46683,44.41824],[-71.46823,44.41798],[-71.46823,44.4178],[-71.46871,44.41775],[-71.46978,44.41732],[-71.47051,44.41731],[-71.47138,44.41713],[-71.47207,44.41755],[-71.47185,44.4177],[-71.47224,44.41796],[-71.4725,44.41781],[-71.47279,44.41799],[-71.47119,44.4186],[-71.46936,44.41881],[-71.46592,44.41991],[-71.46254,44.42118],[-71.46094,44.42212],[-71.45788,44.42348],[-71.45654,44.4246],[-71.45535,44.42487],[-71.45556,44.42581],[-71.42818,44.42065],[-71.43139,44.41199]]]},"properties":{"id":"p-047-001-22000-fo~E12","property_id":"p-047-001-22000-fo","label":"Block E12","score":54,"status":"verified"}},{"type":"Feature","id":567,"geometry":{"type":"MultiPolygon","coordinates":[[[[-71.3861,44.40806],[-71.3938,44.40999],[-71.40481,44.41303],[-71.39721,44.43348],[-71.38744,44.43164],[-71.3861,44.40806]]],[[[-71.3742,44.42487],[-71.38231,44.42482],[-71.38239,44.43069],[-71.37272,44.42886],[-71.3742,44.42487]]]]},"properties":{"id":"p-047-001-22000-fo~G12","property_id":"p-047-001-22000-fo","label":"Block G12","score":66,"status":"verified"}},{"type":"Feature","id":568,"geometry":{"type":"MultiPolygon","coordinates":[[[[-71.23431,44.36869],[-71.23715,44.36679],[-71.23779,44.36663],[-71.23872,44.36665],[-71.23771,44.36936],[-71.23374,44.36943],[-71.23431,44.36869]]],[[[-71.23147,44.37332],[-71.23306,44.37062],[-71.23319,44.37402],[-71.23071,44.37401],[-71.23147,44.37332]]],[[[-71.23819,44.36633],[-71.23732,44.36644],[-71.23656,44.36674],[-71.23403,44.36848],[-71.23332,44.36944],[-71.233,44.36945],[-71.23301,44.36995],[-71.2311,44.37324],[-71.23054,44.37376],[-71.22913,44.37453],[-71.22844,44.37517],[-71.2279,44.3763],[-71.2279,44.37703],[-71.2283,44.37843],[-71.22798,44.37932],[-71.22696,44.37997],[-71.2242,44.38042],[-71.22328,44.38105],[-71.22299,44.38159],[-71.22296,44.38213],[-71.22364,44.38342],[-71.22374,44.38408],[-71.20769,44.38448],[-71.20757,44.37988],[-71.21446,44.36148],[-71.23891,44.36613],[-71.23882,44.36638],[-71.23819,44.36633]]]]},"properties":{"id":"p-047-001-22000-fo~N12","property_id":"p-047-001-22000-fo","label":"Block N12","score":60,"status":"verified"}},{"type":"Feature","id":569,"geometry":{"type":"MultiPolygon","coordinates":[[[[-71.18316,44.36378],[-71.18412,44.36362],[-71.18473,44.36322],[-71.1859,44.36194],[-71.18605,44.36143],[-71.18573,44.35998],[-71.1845,44.35995],[-71.18471,44.35909],[-71.18258,44.35952],[-71.18266,44.35925],[-71.18375,44.359],[-71.18427,44.35816],[-71.18435,44.35673],[-71.18531,44.35593],[-71.19001,44.35682],[-71.18505,44.37005],[-71.18292,44.37007],[-71.18316,44.36378]]],[[[-71.17838,44.35482],[-71.17891,44.3555],[-71.17846,44.35661],[-71.17863,44.35722],[-71.17889,44.35747],[-71.17882,44.3579],[-71.17907,44.3585],[-71.17905,44.359],[-71.17871,44.3593],[-71.17899,44.36025],[-71.17862,44.36068],[-71.17809,44.36211],[-71.17781,44.36225],[-71.17746,44.3629],[-71.17708,44.36323],[-71.1767,44.36346],[-71.17594,44.36349],[-71.17469,44.36384],[-71.17479,44.36415],[-71.17669,44.3639],[-71.17552,44.3648],[-71.17501,44.36569],[-71.17435,44.36552],[-71.17443,44.36592],[-71.17364,44.36764],[-71.17371,44.36815],[-71.17406,44.36876],[-71.17412,44.36975],[-71.17368,44.37],[-71.15912,44.37033],[-71.15917,44.37142],[-71.15833,44.37144],[-71.16556,44.35216],[-71.17854,44.35464],[-71.17838,44.35482]]]]},"properties":{"id":"p-047-001-22000-fo~P12","property_id":"p-047-001-22000-fo","label":"Block P12","score":48,"status":"verified"}},{"type":"Feature","id":570,"geometry":{"type":"Polygon","coordinates":[[[-71.16556,44.35216],[-71.15902,44.3696],[-71.13458,44.36493],[-71.14112,44.34749],[-71.16556,44.35216]]]},"properties":{"id":"p-047-001-22000-fo~Q12","property_id":"p-047-001-22000-fo","label":"Block Q12","score":65,"status":"verified"}},{"type":"Feature","id":571,"geometry":{"type":"Polygon","coordinates":[[[-71.14112,44.34749],[-71.13458,44.36493],[-71.11013,44.36026],[-71.11668,44.34282],[-71.14112,44.34749]]]},"properties":{"id":"p-047-001-22000-fo~R12","property_id":"p-047-001-22000-fo","label":"Block R12","score":65,"status":"verified"}},{"type":"Feature","id":572,"geometry":{"type":"Polygon","coordinates":[[[-71.11668,44.34282],[-71.11013,44.36026],[-71.08569,44.35558],[-71.09225,44.33815],[-71.11668,44.34282]]]},"properties":{"id":"p-047-001-22000-fo~S12","property_id":"p-047-001-22000-fo","label":"Block S12","score":71,"status":"verified"}},{"type":"Feature","id":573,"geometry":{"type":"Polygon","coordinates":[[[-71.09225,44.33815],[-71.08569,44.35558],[-71.06125,44.3509],[-71.06781,44.33347],[-71.09225,44.33815]]]},"properties":{"id":"p-047-001-22000-fo~T12","property_id":"p-047-001-22000-fo","label":"Block T12","score":74,"status":"verified"}},{"type":"Feature","id":574,"geometry":{"type":"Polygon","coordinates":[[[-71.06781,44.33347],[-71.06125,44.3509],[-71.03682,44.34622],[-71.04338,44.32879],[-71.06781,44.33347]]]},"properties":{"id":"p-047-001-22000-fo~U12","property_id":"p-047-001-22000-fo","label":"Block U12","score":76,"status":"verified"}},{"type":"Feature","id":575,"geometry":{"type":"Polygon","coordinates":[[[-71.01308,44.34166],[-71.01211,44.32278],[-71.04338,44.32879],[-71.03682,44.34622],[-71.01308,44.34166]]]},"properties":{"id":"p-047-001-22000-fo~V12","property_id":"p-047-001-22000-fo","label":"Block V12","score":59,"status":"verified"}},{"type":"Feature","id":576,"geometry":{"type":"Polygon","coordinates":[[[-71.24543,44.34869],[-71.23891,44.36613],[-71.21446,44.36148],[-71.22098,44.34404],[-71.24543,44.34869]]]},"properties":{"id":"p-047-001-22000-fo~N13","property_id":"p-047-001-22000-fo","label":"Block N13","score":54,"status":"verified"}},{"type":"Feature","id":577,"geometry":{"type":"Polygon","coordinates":[[[-71.19001,44.35682],[-71.19347,44.34757],[-71.19457,44.34662],[-71.1952,44.34659],[-71.19537,44.34586],[-71.19469,44.34565],[-71.19404,44.34605],[-71.19654,44.33938],[-71.22098,44.34404],[-71.21446,44.36148],[-71.19001,44.35682]]]},"properties":{"id":"p-047-001-22000-fo~O13","property_id":"p-047-001-22000-fo","label":"Block O13","score":53,"status":"verified"}},{"type":"Feature","id":578,"geometry":{"type":"Polygon","coordinates":[[[-71.2075,44.37709],[-71.1945,44.37718],[-71.19432,44.36995],[-71.18505,44.37005],[-71.19001,44.35682],[-71.21446,44.36148],[-71.20757,44.37988],[-71.2075,44.37709]]]},"properties":{"id":"p-047-001-22000-fo~O13-2","property_id":"p-047-001-22000-fo","label":"Block O13-2","score":54,"status":"verified"}},{"type":"Feature","id":579,"geometry":{"type":"MultiPolygon","coordinates":[[[[-71.18578,44.35554],[-71.18578,44.35476],[-71.19095,44.351],[-71.19219,44.35099],[-71.19001,44.35682],[-71.18531,44.35593],[-71.18578,44.35554]]],[[[-71.19224,44.34997],[-71.19252,44.34839],[-71.19347,44.34757],[-71.19224,44.35088],[-71.19224,44.34997]]],[[[-71.19404,44.34605],[-71.19344,44.3457],[-71.19285,44.34567],[-71.19236,44.34536],[-71.19104,44.34514],[-71.19046,44.34449],[-71.18937,44.344],[-71.18915,44.34369],[-71.18875,44.3435],[-71.18854,44.34354],[-71.17536,44.35158],[-71.17596,44.35201],[-71.17654,44.35193],[-71.17718,44.35257],[-71.17788,44.35266],[-71.17876,44.35317],[-71.17873,44.35362],[-71.17912,44.35416],[-71.17854,44.35464],[-71.16556,44.35216],[-71.1721,44.33472],[-71.19654,44.33938],[-71.19404,44.34605]]]]},"properties":{"id":"p-047-001-22000-fo~P13","property_id":"p-047-001-22000-fo","label":"Block P13","score":56,"status":"verified"}},{"type":"Feature","id":580,"geometry":{"type":"Polygon","coordinates":[[[-71.1721,44.33472],[-71.16556,44.35216],[-71.14112,44.34749],[-71.14766,44.33006],[-71.1721,44.33472]]]},"properties":{"id":"p-047-001-22000-fo~Q13","property_id":"p-047-001-22000-fo","label":"Block Q13","score":64,"status":"verified"}},{"type":"Feature","id":581,"geometry":{"type":"Polygon","coordinates":[[[-71.14766,44.33006],[-71.14112,44.34749],[-71.11668,44.34282],[-71.12323,44.32539],[-71.14766,44.33006]]]},"properties":{"id":"p-047-001-22000-fo~R13","property_id":"p-047-001-22000-fo","label":"Block R13","score":64,"status":"verified"}},{"type":"Feature","id":582,"geometry":{"type":"Polygon","coordinates":[[[-71.12323,44.32539],[-71.11668,44.34282],[-71.09225,44.33815],[-71.0988,44.32071],[-71.12323,44.32539]]]},"properties":{"id":"p-047-001-22000-fo~S13","property_id":"p-047-001-22000-fo","label":"Block S13","score":67,"status":"verified"}},{"type":"Feature","id":583,"geometry":{"type":"Polygon","coordinates":[[[-71.0988,44.32071],[-71.09225,44.33815],[-71.06781,44.33347],[-71.07437,44.31604],[-71.0988,44.32071]]]},"properties":{"id":"p-047-001-22000-fo~T13","property_id":"p-047-001-22000-fo","label":"Block T13","score":63,"status":"verified"}},{"type":"Feature","id":584,"geometry":{"type":"Polygon","coordinates":[[[-71.07437,44.31604],[-71.06781,44.33347],[-71.04338,44.32879],[-71.04995,44.31135],[-71.07437,44.31604]]]},"properties":{"id":"p-047-001-22000-fo~U13","property_id":"p-047-001-22000-fo","label":"Block U13","score":61,"status":"verified"}},{"type":"Feature","id":585,"geometry":{"type":"Polygon","coordinates":[[[-71.04995,44.31135],[-71.04338,44.32879],[-71.01896,44.3241],[-71.02553,44.30667],[-71.04995,44.31135]]]},"properties":{"id":"p-047-001-22000-fo~V13","property_id":"p-047-001-22000-fo","label":"Block V13","score":62,"status":"verified"}},{"type":"Feature","id":586,"geometry":{"type":"Polygon","coordinates":[[[-71.01211,44.32278],[-71.01148,44.30723],[-71.0114,44.30395],[-71.02553,44.30667],[-71.01896,44.3241],[-71.01211,44.32278]]]},"properties":{"id":"p-047-001-22000-fo~W13","property_id":"p-047-001-22000-fo","label":"Block W13","score":59,"status":"verified"}},{"type":"Feature","id":587,"geometry":{"type":"Polygon","coordinates":[[[-71.34664,44.35608],[-71.34729,44.35445],[-71.34453,44.35452],[-71.34433,44.35729],[-71.34172,44.35772],[-71.34164,44.35462],[-71.33422,44.35479],[-71.33446,44.36046],[-71.33267,44.36113],[-71.32963,44.3619],[-71.32112,44.36306],[-71.31839,44.3637],[-71.32529,44.34517],[-71.34974,44.3498],[-71.34712,44.35685],[-71.34549,44.35707],[-71.34664,44.35608]]]},"properties":{"id":"p-047-001-22000-fo~J14","property_id":"p-047-001-22000-fo","label":"Block J14","score":50,"status":"verified"}},{"type":"Feature","id":588,"geometry":{"type":"Polygon","coordinates":[[[-71.32529,44.34517],[-71.31879,44.36262],[-71.29433,44.35798],[-71.30084,44.34053],[-71.32529,44.34517]]]},"properties":{"id":"p-047-001-22000-fo~K14","property_id":"p-047-001-22000-fo","label":"Block K14","score":66,"status":"verified"}},{"type":"Feature","id":589,"geometry":{"type":"Polygon","coordinates":[[[-71.31832,44.36372],[-71.31767,44.36393],[-71.29869,44.36408],[-71.29937,44.36541],[-71.29874,44.36672],[-71.2988,44.36766],[-71.29842,44.3677],[-71.29852,44.36899],[-71.29896,44.36899],[-71.29862,44.37005],[-71.2915,44.37103],[-71.28942,44.37116],[-71.29433,44.35798],[-71.31879,44.36262],[-71.31832,44.36372]]]},"properties":{"id":"p-047-001-22000-fo~K14-2","property_id":"p-047-001-22000-fo","label":"Block K14-2","score":42,"status":"verified"}},{"type":"Feature","id":590,"geometry":{"type":"Polygon","coordinates":[[[-71.30084,44.34053],[-71.29433,44.35798],[-71.26988,44.35334],[-71.27639,44.33589],[-71.30084,44.34053]]]},"properties":{"id":"p-047-001-22000-fo~L14","property_id":"p-047-001-22000-fo","label":"Block L14","score":59,"status":"verified"}},{"type":"Feature","id":591,"geometry":{"type":"Polygon","coordinates":[[[-71.28936,44.37116],[-71.27258,44.37093],[-71.27211,44.3645],[-71.2657,44.36454],[-71.26988,44.35334],[-71.29433,44.35798],[-71.28936,44.37116]]]},"properties":{"id":"p-047-001-22000-fo~L14-2","property_id":"p-047-001-22000-fo","label":"Block L14-2","score":53,"status":"verified"}},{"type":"Feature","id":592,"geometry":{"type":"Polygon","coordinates":[[[-71.27639,44.33589],[-71.26988,44.35334],[-71.24543,44.34869],[-71.25194,44.33125],[-71.27639,44.33589]]]},"properties":{"id":"p-047-001-22000-fo~M14","property_id":"p-047-001-22000-fo","label":"Block M14","score":69,"status":"verified"}},{"type":"Feature","id":593,"geometry":{"type":"MultiPolygon","coordinates":[[[[-71.2601,44.36811],[-71.25965,44.36794],[-71.25972,44.36878],[-71.25679,44.36757],[-71.25352,44.36601],[-71.25359,44.36838],[-71.2472,44.3668],[-71.24561,44.36674],[-71.24174,44.36708],[-71.24079,44.36695],[-71.23882,44.36638],[-71.24543,44.34869],[-71.26988,44.35334],[-71.2657,44.36454],[-71.25996,44.36459],[-71.2601,44.36811]]],[[[-71.23993,44.36698],[-71.24007,44.36932],[-71.23771,44.36936],[-71.23872,44.36665],[-71.23993,44.36698]]]]},"properties":{"id":"p-047-001-22000-fo~M14-2","property_id":"p-047-001-22000-fo","label":"Block M14-2","score":58,"status":"verified"}},{"type":"Feature","id":594,"geometry":{"type":"Polygon","coordinates":[[[-71.25194,44.33125],[-71.24543,44.34869],[-71.22098,44.34404],[-71.2275,44.3266],[-71.25194,44.33125]]]},"properties":{"id":"p-047-001-22000-fo~N14","property_id":"p-047-001-22000-fo","label":"Block N14","score":62,"status":"verified"}},{"type":"Feature","id":595,"geometry":{"type":"Polygon","coordinates":[[[-71.2275,44.3266],[-71.22098,44.34404],[-71.19654,44.33938],[-71.20307,44.32194],[-71.2275,44.3266]]]},"properties":{"id":"p-047-001-22000-fo~O14","property_id":"p-047-001-22000-fo","label":"Block O14","score":48,"status":"verified"}},{"type":"Feature","id":596,"geometry":{"type":"Polygon","coordinates":[[[-71.20307,44.32194],[-71.19654,44.33938],[-71.1721,44.33472],[-71.17863,44.31728],[-71.20307,44.32194]]]},"properties":{"id":"p-047-001-22000-fo~P14","property_id":"p-047-001-22000-fo","label":"Block P14","score":67,"status":"verified"}},{"type":"Feature","id":597,"geometry":{"type":"Polygon","coordinates":[[[-71.17863,44.31728],[-71.1721,44.33472],[-71.14766,44.33006],[-71.1542,44.31262],[-71.17863,44.31728]]]},"properties":{"id":"p-047-001-22000-fo~Q14","property_id":"p-047-001-22000-fo","label":"Block Q14","score":68,"status":"verified"}},{"type":"Feature","id":598,"geometry":{"type":"Polygon","coordinates":[[[-71.1542,44.31262],[-71.14766,44.33006],[-71.12323,44.32539],[-71.12977,44.30795],[-71.1542,44.31262]]]},"properties":{"id":"p-047-001-22000-fo~R14","property_id":"p-047-001-22000-fo","label":"Block R14","score":67,"status":"verified"}},{"type":"Feature","id":599,"geometry":{"type":"Polygon","coordinates":[[[-71.12977,44.30795],[-71.12323,44.32539],[-71.0988,44.32071],[-71.10535,44.30328],[-71.12977,44.30795]]]},"properties":{"id":"p-047-001-22000-fo~S14","property_id":"p-047-001-22000-fo","label":"Block S14","score":66,"status":"verified"}},{"type":"Feature","id":600,"geometry":{"type":"Polygon","coordinates":[[[-71.10535,44.30328],[-71.0988,44.32071],[-71.07437,44.31604],[-71.08093,44.2986],[-71.10535,44.30328]]]},"properties":{"id":"p-047-001-22000-fo~T14","property_id":"p-047-001-22000-fo","label":"Block T14","score":57,"status":"verified"}},{"type":"Feature","id":601,"geometry":{"type":"Polygon","coordinates":[[[-71.08093,44.2986],[-71.07437,44.31604],[-71.04995,44.31135],[-71.05651,44.29392],[-71.08093,44.2986]]]},"properties":{"id":"p-047-001-22000-fo~U14","property_id":"p-047-001-22000-fo","label":"Block U14","score":54,"status":"verified"}},{"type":"Feature","id":602,"geometry":{"type":"Polygon","coordinates":[[[-71.05651,44.29392],[-71.04995,44.31135],[-71.02553,44.30667],[-71.0321,44.28924],[-71.05651,44.29392]]]},"properties":{"id":"p-047-001-22000-fo~V14","property_id":"p-047-001-22000-fo","label":"Block V14","score":69,"status":"verified"}},{"type":"Feature","id":603,"geometry":{"type":"Polygon","coordinates":[[[-71.44986,44.35004],[-71.45222,44.36234],[-71.44129,44.36372],[-71.4423,44.36834],[-71.4313,44.36906],[-71.42407,44.36985],[-71.4224,44.36956],[-71.42113,44.36905],[-71.4296,44.34622],[-71.44986,44.35004]]]},"properties":{"id":"p-047-001-22000-fo~F15","property_id":"p-047-001-22000-fo","label":"Block F15","score":42,"status":"verified"}},{"type":"Feature","id":604,"geometry":{"type":"Polygon","coordinates":[[[-71.35623,44.33235],[-71.38068,44.33698],[-71.3745,44.35362],[-71.34843,44.35442],[-71.3485,44.35671],[-71.34712,44.35685],[-71.35623,44.33235]]]},"properties":{"id":"p-047-001-22000-fo~I15","property_id":"p-047-001-22000-fo","label":"Block I15","score":60,"status":"verified"}},{"type":"Feature","id":605,"geometry":{"type":"Polygon","coordinates":[[[-71.35623,44.33235],[-71.34974,44.3498],[-71.32529,44.34517],[-71.33178,44.32772],[-71.35623,44.33235]]]},"properties":{"id":"p-047-001-22000-fo~J15","property_id":"p-047-001-22000-fo","label":"Block J15","score":61,"status":"verified"}},{"type":"Feature","id":606,"geometry":{"type":"Polygon","coordinates":[[[-71.33178,44.32772],[-71.32529,44.34517],[-71.30084,44.34053],[-71.30734,44.32309],[-71.33178,44.32772]]]},"properties":{"id":"p-047-001-22000-fo~K15","property_id":"p-047-001-22000-fo","label":"Block K15","score":57,"status":"verified"}},{"type":"Feature","id":607,"geometry":{"type":"Polygon","coordinates":[[[-71.30734,44.32309],[-71.30084,44.34053],[-71.27639,44.33589],[-71.28289,44.31845],[-71.30734,44.32309]]]},"properties":{"id":"p-047-001-22000-fo~L15","property_id":"p-047-001-22000-fo","label":"Block L15","score":59,"status":"verified"}},{"type":"Feature","id":608,"geometry":{"type":"Polygon","coordinates":[[[-71.28289,44.31845],[-71.27639,44.33589],[-71.25194,44.33125],[-71.25846,44.3138],[-71.28289,44.31845]]]},"properties":{"id":"p-047-001-22000-fo~M15","property_id":"p-047-001-22000-fo","label":"Block M15","score":61,"status":"verified"}},{"type":"Feature","id":609,"geometry":{"type":"Polygon","coordinates":[[[-71.25846,44.3138],[-71.25194,44.33125],[-71.2275,44.3266],[-71.23402,44.30915],[-71.25846,44.3138]]]},"properties":{"id":"p-047-001-22000-fo~N15","property_id":"p-047-001-22000-fo","label":"Block N15","score":67,"status":"verified"}},{"type":"Feature","id":610,"geometry":{"type":"Polygon","coordinates":[[[-71.23402,44.30915],[-71.2275,44.3266],[-71.20307,44.32194],[-71.20959,44.3045],[-71.23402,44.30915]]]},"properties":{"id":"p-047-001-22000-fo~O15","property_id":"p-047-001-22000-fo","label":"Block O15","score":52,"status":"verified"}},{"type":"Feature","id":611,"geometry":{"type":"Polygon","coordinates":[[[-71.20959,44.3045],[-71.20307,44.32194],[-71.17863,44.31728],[-71.18516,44.29984],[-71.20959,44.3045]]]},"properties":{"id":"p-047-001-22000-fo~P15","property_id":"p-047-001-22000-fo","label":"Block P15","score":65,"status":"verified"}},{"type":"Feature","id":612,"geometry":{"type":"Polygon","coordinates":[[[-71.18516,44.29984],[-71.17863,44.31728],[-71.1542,44.31262],[-71.16074,44.29518],[-71.18516,44.29984]]]},"properties":{"id":"p-047-001-22000-fo~Q15","property_id":"p-047-001-22000-fo","label":"Block Q15","score":61,"status":"verified"}},{"type":"Feature","id":613,"geometry":{"type":"Polygon","coordinates":[[[-71.16074,44.29518],[-71.1542,44.31262],[-71.12977,44.30795],[-71.13631,44.29052],[-71.16074,44.29518]]]},"properties":{"id":"p-047-001-22000-fo~R15","property_id":"p-047-001-22000-fo","label":"Block R15","score":63,"status":"verified"}},{"type":"Feature","id":614,"geometry":{"type":"Polygon","coordinates":[[[-71.13631,44.29052],[-71.12977,44.30795],[-71.10535,44.30328],[-71.1119,44.28584],[-71.13631,44.29052]]]},"properties":{"id":"p-047-001-22000-fo~S15","property_id":"p-047-001-22000-fo","label":"Block S15","score":65,"status":"verified"}},{"type":"Feature","id":615,"geometry":{"type":"Polygon","coordinates":[[[-71.1119,44.28584],[-71.10535,44.30328],[-71.08093,44.2986],[-71.08748,44.28117],[-71.1119,44.28584]]]},"properties":{"id":"p-047-001-22000-fo~T15","property_id":"p-047-001-22000-fo","label":"Block T15","score":55,"status":"verified"}},{"type":"Feature","id":616,"geometry":{"type":"Polygon","coordinates":[[[-71.08748,44.28117],[-71.08093,44.2986],[-71.05651,44.29392],[-71.06307,44.27649],[-71.08748,44.28117]]]},"properties":{"id":"p-047-001-22000-fo~U15","property_id":"p-047-001-22000-fo","label":"Block U15","score":65,"status":"verified"}},{"type":"Feature","id":617,"geometry":{"type":"Polygon","coordinates":[[[-71.03403,44.28411],[-71.04438,44.28378],[-71.04367,44.27493],[-71.04211,44.27494],[-71.04211,44.27247],[-71.06307,44.27649],[-71.05651,44.29392],[-71.0321,44.28924],[-71.03403,44.28411]]]},"properties":{"id":"p-047-001-22000-fo~V15","property_id":"p-047-001-22000-fo","label":"Block V15","score":66,"status":"verified"}},{"type":"Feature","id":618,"geometry":{"type":"Polygon","coordinates":[[[-71.00998,44.2849],[-71.03403,44.28411],[-71.02553,44.30667],[-71.0114,44.30395],[-71.01099,44.29519],[-71.00998,44.2849]]]},"properties":{"id":"p-047-001-22000-fo~W15","property_id":"p-047-001-22000-fo","label":"Block W15","score":67,"status":"verified"}},{"type":"Feature","id":619,"geometry":{"type":"Polygon","coordinates":[[[-71.51098,44.34437],[-71.51202,44.34916],[-71.48044,44.35308],[-71.48003,44.35136],[-71.48498,44.33799],[-71.50206,44.3412],[-71.50214,44.3417],[-71.50358,44.34149],[-71.51083,44.34285],[-71.51098,44.34437]]]},"properties":{"id":"p-047-001-22000-fo~D16","property_id":"p-047-001-22000-fo","label":"Block D16","score":59,"status":"verified"}},{"type":"Feature","id":620,"geometry":{"type":"Polygon","coordinates":[[[-71.43606,44.32877],[-71.4296,44.34622],[-71.40514,44.3416],[-71.41161,44.32415],[-71.43606,44.32877]]]},"properties":{"id":"p-047-001-22000-fo~G16","property_id":"p-047-001-22000-fo","label":"Block G16","score":56,"status":"verified"}},{"type":"Feature","id":621,"geometry":{"type":"Polygon","coordinates":[[[-71.39906,44.35912],[-71.39889,44.35843],[-71.40514,44.3416],[-71.4296,44.34622],[-71.42113,44.36905],[-71.41623,44.36637],[-71.41513,44.36606],[-71.41236,44.36563],[-71.41142,44.36534],[-71.40813,44.36322],[-71.40672,44.36262],[-71.40557,44.35785],[-71.39906,44.35912]]]},"properties":{"id":"p-047-001-22000-fo~G16-2","property_id":"p-047-001-22000-fo","label":"Block G16-2","score":47,"status":"verified"}},{"type":"Feature","id":622,"geometry":{"type":"Polygon","coordinates":[[[-71.41161,44.32415],[-71.40514,44.3416],[-71.38068,44.33698],[-71.38716,44.31953],[-71.41161,44.32415]]]},"properties":{"id":"p-047-001-22000-fo~H16","property_id":"p-047-001-22000-fo","label":"Block H16","score":51,"status":"verified"}},{"type":"Feature","id":623,"geometry":{"type":"Polygon","coordinates":[[[-71.39866,44.35745],[-71.39736,44.35759],[-71.39733,44.35742],[-71.39643,44.35713],[-71.39538,44.35646],[-71.39409,44.35643],[-71.39375,44.3563],[-71.39319,44.35521],[-71.39198,44.35436],[-71.39112,44.35403],[-71.3904,44.35111],[-71.38384,44.35181],[-71.38388,44.35333],[-71.3745,44.35362],[-71.38068,44.33698],[-71.40514,44.3416],[-71.39889,44.35843],[-71.39866,44.35745]]]},"properties":{"id":"p-047-001-22000-fo~H16-2","property_id":"p-047-001-22000-fo","label":"Block H16-2","score":50,"status":"verified"}},{"type":"Feature","id":624,"geometry":{"type":"Polygon","coordinates":[[[-71.38716,44.31953],[-71.38068,44.33698],[-71.35623,44.33235],[-71.36272,44.31491],[-71.38716,44.31953]]]},"properties":{"id":"p-047-001-22000-fo~I16","property_id":"p-047-001-22000-fo","label":"Block I16","score":51,"status":"verified"}},{"type":"Feature","id":625,"geometry":{"type":"Polygon","coordinates":[[[-71.36272,44.31491],[-71.35623,44.33235],[-71.33178,44.32772],[-71.33827,44.31028],[-71.36272,44.31491]]]},"properties":{"id":"p-047-001-22000-fo~J16","property_id":"p-047-001-22000-fo","label":"Block J16","score":67,"status":"verified"}},{"type":"Feature","id":626,"geometry":{"type":"Polygon","coordinates":[[[-71.33827,44.31028],[-71.33178,44.32772],[-71.30734,44.32309],[-71.31383,44.30564],[-71.33827,44.31028]]]},"properties":{"id":"p-047-001-22000-fo~K16","property_id":"p-047-001-22000-fo","label":"Block K16","score":57,"status":"verified"}},{"type":"Feature","id":627,"geometry":{"type":"Polygon","coordinates":[[[-71.31383,44.30564],[-71.30734,44.32309],[-71.28289,44.31845],[-71.2894,44.301],[-71.31383,44.30564]]]},"properties":{"id":"p-047-001-22000-fo~L16","property_id":"p-047-001-22000-fo","label":"Block L16","score":68,"status":"verified"}},{"type":"Feature","id":628,"geometry":{"type":"Polygon","coordinates":[[[-71.2894,44.301],[-71.28289,44.31845],[-71.25846,44.3138],[-71.26496,44.29636],[-71.2894,44.301]]]},"properties":{"id":"p-047-001-22000-fo~M16","property_id":"p-047-001-22000-fo","label":"Block M16","score":63,"status":"verified"}},{"type":"Feature","id":629,"geometry":{"type":"Polygon","coordinates":[[[-71.26496,44.29636],[-71.25846,44.3138],[-71.23402,44.30915],[-71.24054,44.29171],[-71.26496,44.29636]]]},"properties":{"id":"p-047-001-22000-fo~N16","property_id":"p-047-001-22000-fo","label":"Block N16","score":63,"status":"verified"}},{"type":"Feature","id":630,"geometry":{"type":"MultiPolygon","coordinates":[[[[-71.22296,44.29459],[-71.22305,44.2932],[-71.2321,44.29313],[-71.23208,44.2901],[-71.24054,44.29171],[-71.23402,44.30915],[-71.20959,44.3045],[-71.21521,44.28948],[-71.21593,44.28947],[-71.21714,44.29008],[-71.22072,44.28912],[-71.22076,44.29319],[-71.22277,44.2932],[-71.22257,44.29435],[-71.22285,44.29503],[-71.22247,44.29561],[-71.22261,44.29588],[-71.22248,44.29589],[-71.22243,44.29933],[-71.22361,44.29933],[-71.22414,44.29806],[-71.22413,44.29589],[-71.2228,44.29588],[-71.22275,44.29563],[-71.22321,44.295],[-71.22296,44.29459]]],[[[-71.22066,44.28879],[-71.21725,44.28973],[-71.21623,44.28923],[-71.2153,44.28922],[-71.21611,44.28706],[-71.22066,44.28793],[-71.22066,44.28879]]]]},"properties":{"id":"p-047-001-22000-fo~O16","property_id":"p-047-001-22000-fo","label":"Block O16","score":50,"status":"verified"}},{"type":"Feature","id":631,"geometry":{"type":"Polygon","coordinates":[[[-71.2134,44.28928],[-71.21271,44.28943],[-71.21173,44.29006],[-71.21135,44.28993],[-71.21155,44.28978],[-71.20842,44.28853],[-71.20793,44.28899],[-71.20882,44.29006],[-71.20975,44.29079],[-71.21094,44.29015],[-71.21183,44.29032],[-71.21306,44.28962],[-71.21521,44.28948],[-71.20959,44.3045],[-71.18516,44.29984],[-71.19169,44.28241],[-71.21611,44.28706],[-71.2153,44.28922],[-71.2134,44.28928]]]},"properties":{"id":"p-047-001-22000-fo~P16","property_id":"p-047-001-22000-fo","label":"Block P16","score":64,"status":"verified"}},{"type":"Feature","id":632,"geometry":{"type":"Polygon","coordinates":[[[-71.19169,44.28241],[-71.18516,44.29984],[-71.16074,44.29518],[-71.16727,44.27775],[-71.19169,44.28241]]]},"properties":{"id":"p-047-001-22000-fo~Q16","property_id":"p-047-001-22000-fo","label":"Block Q16","score":63,"status":"verified"}},{"type":"Feature","id":633,"geometry":{"type":"Polygon","coordinates":[[[-71.16727,44.27775],[-71.16074,44.29518],[-71.13631,44.29052],[-71.14285,44.27308],[-71.16727,44.27775]]]},"properties":{"id":"p-047-001-22000-fo~R16","property_id":"p-047-001-22000-fo","label":"Block R16","score":62,"status":"verified"}},{"type":"Feature","id":634,"geometry":{"type":"Polygon","coordinates":[[[-71.14285,44.27308],[-71.13631,44.29052],[-71.1119,44.28584],[-71.11844,44.26841],[-71.14285,44.27308]]]},"properties":{"id":"p-047-001-22000-fo~S16","property_id":"p-047-001-22000-fo","label":"Block S16","score":61,"status":"verified"}},{"type":"Feature","id":635,"geometry":{"type":"Polygon","coordinates":[[[-71.11844,44.26841],[-71.1119,44.28584],[-71.08748,44.28117],[-71.09403,44.26374],[-71.11844,44.26841]]]},"properties":{"id":"p-047-001-22000-fo~T16","property_id":"p-047-001-22000-fo","label":"Block T16","score":57,"status":"verified"}},{"type":"Feature","id":636,"geometry":{"type":"Polygon","coordinates":[[[-71.09403,44.26374],[-71.08748,44.28117],[-71.06307,44.27649],[-71.06962,44.25906],[-71.09403,44.26374]]]},"properties":{"id":"p-047-001-22000-fo~U16","property_id":"p-047-001-22000-fo","label":"Block U16","score":66,"status":"verified"}},{"type":"Feature","id":637,"geometry":{"type":"Polygon","coordinates":[[[-71.04211,44.27247],[-71.04214,44.25378],[-71.06962,44.25906],[-71.06307,44.27649],[-71.04211,44.27247]]]},"properties":{"id":"p-047-001-22000-fo~V16","property_id":"p-047-001-22000-fo","label":"Block V16","score":64,"status":"verified"}},{"type":"Feature","id":638,"geometry":{"type":"MultiPolygon","coordinates":[[[[-71.50935,44.32391],[-71.51096,44.33154],[-71.50922,44.33038],[-71.50115,44.33187],[-71.50049,44.33182],[-71.50206,44.3412],[-71.48498,44.33799],[-71.49143,44.32053],[-71.50935,44.32391]]],[[[-71.52158,44.34096],[-71.5212,44.339],[-71.51455,44.33981],[-71.5132,44.33291],[-71.52402,44.33166],[-71.52532,44.3405],[-71.52158,44.34096]]],[[[-71.51061,44.34046],[-71.51083,44.34285],[-71.50358,44.34149],[-71.51061,44.34046]]]]},"properties":{"id":"p-047-001-22000-fo~D17","property_id":"p-047-001-22000-fo","label":"Block D17","score":61,"status":"verified"}},{"type":"Feature","id":639,"geometry":{"type":"MultiPolygon","coordinates":[[[[-71.48003,44.35136],[-71.47823,44.34384],[-71.47397,44.34431],[-71.47204,44.33555],[-71.48498,44.33799],[-71.48003,44.35136]]],[[[-71.46042,44.33828],[-71.4619,44.34574],[-71.45933,44.34621],[-71.45924,44.34588],[-71.45573,44.34633],[-71.45966,44.3357],[-71.46042,44.33828]]]]},"properties":{"id":"p-047-001-22000-fo~E17","property_id":"p-047-001-22000-fo","label":"Block E17","score":51,"status":"verified"}},{"type":"Feature","id":640,"geometry":{"type":"Polygon","coordinates":[[[-71.45752,44.33449],[-71.45925,44.3343],[-71.45966,44.3357],[-71.45573,44.34633],[-71.44917,44.34718],[-71.44986,44.35004],[-71.4296,44.34622],[-71.43606,44.32877],[-71.45736,44.33278],[-71.45752,44.33449]]]},"properties":{"id":"p-047-001-22000-fo~F17","property_id":"p-047-001-22000-fo","label":"Block F17","score":44,"status":"verified"}},{"type":"Feature","id":641,"geometry":{"type":"Polygon","coordinates":[[[-71.44253,44.31132],[-71.43606,44.32877],[-71.41161,44.32415],[-71.41808,44.3067],[-71.44253,44.31132]]]},"properties":{"id":"p-047-001-22000-fo~G17","property_id":"p-047-001-22000-fo","label":"Block G17","score":58,"status":"verified"}},{"type":"Feature","id":642,"geometry":{"type":"Polygon","coordinates":[[[-71.41808,44.3067],[-71.41161,44.32415],[-71.38716,44.31953],[-71.39364,44.30208],[-71.41808,44.3067]]]},"properties":{"id":"p-047-001-22000-fo~H17","property_id":"p-047-001-22000-fo","label":"Block H17","score":66,"status":"verified"}},{"type":"Feature","id":643,"geometry":{"type":"Polygon","coordinates":[[[-71.39364,44.30208],[-71.38716,44.31953],[-71.36272,44.31491],[-71.3692,44.29746],[-71.39364,44.30208]]]},"properties":{"id":"p-047-001-22000-fo~I17","property_id":"p-047-001-22000-fo","label":"Block I17","score":65,"status":"verified"}},{"type":"Feature","id":644,"geometry":{"type":"Polygon","coordinates":[[[-71.3692,44.29746],[-71.36272,44.31491],[-71.33827,44.31028],[-71.34476,44.29283],[-71.3692,44.29746]]]},"properties":{"id":"p-047-001-22000-fo~J17","property_id":"p-047-001-22000-fo","label":"Block J17","score":53,"status":"verified"}},{"type":"Feature","id":645,"geometry":{"type":"Polygon","coordinates":[[[-71.34476,44.29283],[-71.33827,44.31028],[-71.31383,44.30564],[-71.32033,44.2882],[-71.34476,44.29283]]]},"properties":{"id":"p-047-001-22000-fo~K17","property_id":"p-047-001-22000-fo","label":"Block K17","score":60,"status":"verified"}},{"type":"Feature","id":646,"geometry":{"type":"Polygon","coordinates":[[[-71.32033,44.2882],[-71.31383,44.30564],[-71.2894,44.301],[-71.2959,44.28356],[-71.32033,44.2882]]]},"properties":{"id":"p-047-001-22000-fo~L17","property_id":"p-047-001-22000-fo","label":"Block L17","score":68,"status":"verified"}},{"type":"Feature","id":647,"geometry":{"type":"MultiPolygon","coordinates":[[[[-71.26787,44.2886],[-71.27139,44.28961],[-71.27264,44.28978],[-71.27315,44.28996],[-71.27358,44.29031],[-71.2737,44.29094],[-71.27466,44.29229],[-71.27507,44.29263],[-71.27656,44.2933],[-71.27697,44.29363],[-71.2773,44.29428],[-71.27716,44.29505],[-71.27736,44.29593],[-71.27767,44.29617],[-71.27821,44.2963],[-71.27956,44.29609],[-71.28001,44.29594],[-71.28077,44.29529],[-71.28057,44.29501],[-71.28005,44.29503],[-71.28004,44.29467],[-71.28046,44.29402],[-71.28112,44.29341],[-71.28133,44.29241],[-71.28059,44.29177],[-71.28009,44.29104],[-71.27975,44.28967],[-71.28006,44.28909],[-71.28001,44.28878],[-71.27908,44.28728],[-71.27703,44.28512],[-71.27618,44.28377],[-71.27605,44.28303],[-71.27644,44.2817],[-71.27675,44.28152],[-71.27697,44.28155],[-71.27808,44.28322],[-71.27985,44.28446],[-71.28067,44.2848],[-71.2824,44.28515],[-71.28308,44.28513],[-71.28417,44.28465],[-71.28479,44.2846],[-71.28673,44.28382],[-71.28728,44.28348],[-71.28851,44.28316],[-71.28991,44.28242],[-71.2959,44.28356],[-71.2894,44.301],[-71.26496,44.29636],[-71.26787,44.2886]]],[[[-71.2896,44.28237],[-71.28838,44.283],[-71.28711,44.28335],[-71.28505,44.28431],[-71.28407,44.28448],[-71.28282,44.28499],[-71.28245,44.28497],[-71.28062,44.28456],[-71.27986,44.28424],[-71.27871,44.28349],[-71.27808,44.28285],[-71.27714,44.28141],[-71.27671,44.28134],[-71.27623,44.2816],[-71.27581,44.28288],[-71.27599,44.28392],[-71.27683,44.28523],[-71.27885,44.28736],[-71.27965,44.28867],[-71.27979,44.28918],[-71.2795,44.28967],[-71.2798,44.29093],[-71.28023,44.29171],[-71.28109,44.29246],[-71.28083,44.29342],[-71.28035,44.29381],[-71.27974,44.29482],[-71.28,44.29521],[-71.28051,44.2952],[-71.2805,44.29532],[-71.27966,44.29586],[-71.27824,44.29612],[-71.27758,44.29583],[-71.27742,44.29507],[-71.27751,44.29414],[-71.2772,44.29355],[-71.27668,44.29314],[-71.27546,44.29263],[-71.27485,44.29217],[-71.27394,44.29088],[-71.27382,44.29026],[-71.27333,44.28983],[-71.27273,44.28961],[-71.27133,44.28941],[-71.26793,44.28842],[-71.27147,44.27892],[-71.2896,44.28237]]]]},"properties":{"id":"p-047-001-22000-fo~M17","property_id":"p-047-001-22000-fo","label":"Block M17","score":48,"status":"verified"}},{"type":"Feature","id":648,"geometry":{"type":"MultiPolygon","coordinates":[[[[-71.24514,44.28144],[-71.24581,44.28138],[-71.24717,44.28076],[-71.24835,44.27998],[-71.24977,44.28008],[-71.25225,44.27898],[-71.25282,44.27887],[-71.25311,44.27896],[-71.25329,44.27921],[-71.25322,44.27958],[-71.25245,44.28078],[-71.25246,44.28127],[-71.25261,44.28145],[-71.25317,44.28162],[-71.25379,44.28147],[-71.2549,44.28069],[-71.25572,44.28057],[-71.25715,44.28288],[-71.2576,44.2831],[-71.25896,44.2833],[-71.25984,44.28303],[-71.26062,44.28326],[-71.26128,44.28331],[-71.26212,44.28378],[-71.26298,44.28455],[-71.26379,44.28486],[-71.2642,44.28532],[-71.26428,44.2859],[-71.26457,44.28621],[-71.26483,44.28644],[-71.26632,44.28712],[-71.26661,44.2874],[-71.26677,44.28821],[-71.26699,44.28838],[-71.26786,44.2886],[-71.26496,44.29636],[-71.24054,44.29171],[-71.24446,44.2812],[-71.24514,44.28144]]],[[[-71.26731,44.28828],[-71.26695,44.28806],[-71.26696,44.28762],[-71.2665,44.28699],[-71.26497,44.28629],[-71.26451,44.28582],[-71.26433,44.28508],[-71.26394,44.28471],[-71.26298,44.2843],[-71.26172,44.28327],[-71.26055,44.28305],[-71.26013,44.28286],[-71.25979,44.28285],[-71.25889,44.28311],[-71.25787,44.28299],[-71.25746,44.28283],[-71.25713,44.28256],[-71.25593,44.28044],[-71.25548,44.28038],[-71.25495,44.28048],[-71.25383,44.28124],[-71.25314,44.28144],[-71.2528,44.28133],[-71.25266,44.28098],[-71.25275,44.28068],[-71.25347,44.27962],[-71.25354,44.27919],[-71.25311,44.27875],[-71.25261,44.2787],[-71.25214,44.27881],[-71.24973,44.2799],[-71.24827,44.27981],[-71.24702,44.28061],[-71.2455,44.28128],[-71.24453,44.28102],[-71.24705,44.27427],[-71.27147,44.27892],[-71.26793,44.28842],[-71.26731,44.28828]]]]},"properties":{"id":"p-047-001-22000-fo~N17","property_id":"p-047-001-22000-fo","label":"Block N17","score":62,"status":"verified"}},{"type":"Feature","id":649,"geometry":{"type":"MultiPolygon","coordinates":[[[[-71.23206,44.28782],[-71.23371,44.28687],[-71.23465,44.28578],[-71.23647,44.28689],[-71.23824,44.28513],[-71.23779,44.28405],[-71.2382,44.28371],[-71.23851,44.28291],[-71.23983,44.28146],[-71.24145,44.28008],[-71.24205,44.27977],[-71.24242,44.27976],[-71.24363,44.28084],[-71.24446,44.2812],[-71.24054,44.29171],[-71.23208,44.2901],[-71.23206,44.28782]]],[[[-71.24413,44.28088],[-71.24267,44.27967],[-71.24237,44.27956],[-71.24181,44.27967],[-71.24045,44.28057],[-71.23873,44.28227],[-71.23828,44.28283],[-71.23788,44.28375],[-71.23772,44.28387],[-71.23767,44.28375],[-71.23504,44.28503],[-71.2334,44.28671],[-71.23204,44.28752],[-71.23198,44.28566],[-71.22067,44.28575],[-71.22066,44.28793],[-71.21611,44.28706],[-71.22263,44.26962],[-71.24705,44.27427],[-71.24453,44.28102],[-71.24413,44.28088]]]]},"properties":{"id":"p-047-001-22000-fo~O17","property_id":"p-047-001-22000-fo","label":"Block O17","score":59,"status":"verified"}},{"type":"Feature","id":650,"geometry":{"type":"Polygon","coordinates":[[[-71.22263,44.26962],[-71.21611,44.28706],[-71.19169,44.28241],[-71.19821,44.26497],[-71.22263,44.26962]]]},"properties":{"id":"p-047-001-22000-fo~P17","property_id":"p-047-001-22000-fo","label":"Block P17","score":69,"status":"verified"}},{"type":"Feature","id":651,"geometry":{"type":"Polygon","coordinates":[[[-71.19821,44.26497],[-71.19169,44.28241],[-71.16727,44.27775],[-71.1738,44.26031],[-71.19821,44.26497]]]},"properties":{"id":"p-047-001-22000-fo~Q17","property_id":"p-047-001-22000-fo","label":"Block Q17","score":56,"status":"verified"}},{"type":"Feature","id":652,"geometry":{"type":"Polygon","coordinates":[[[-71.1738,44.26031],[-71.16727,44.27775],[-71.14285,44.27308],[-71.14939,44.25565],[-71.1738,44.26031]]]},"properties":{"id":"p-047-001-22000-fo~R17","property_id":"p-047-001-22000-fo","label":"Block R17","score":62,"status":"verified"}},{"type":"Feature","id":653,"geometry":{"type":"Polygon","coordinates":[[[-71.14939,44.25565],[-71.14285,44.27308],[-71.11844,44.26841],[-71.12498,44.25098],[-71.14939,44.25565]]]},"properties":{"id":"p-047-001-22000-fo~S17","property_id":"p-047-001-22000-fo","label":"Block S17","score":59,"status":"verified"}},{"type":"Feature","id":654,"geometry":{"type":"Polygon","coordinates":[[[-71.12498,44.25098],[-71.11844,44.26841],[-71.09403,44.26374],[-71.10057,44.2463],[-71.12498,44.25098]]]},"properties":{"id":"p-047-001-22000-fo~T17","property_id":"p-047-001-22000-fo","label":"Block T17","score":57,"status":"verified"}},{"type":"Feature","id":655,"geometry":{"type":"Polygon","coordinates":[[[-71.10057,44.2463],[-71.09403,44.26374],[-71.06962,44.25906],[-71.07617,44.24163],[-71.10057,44.2463]]]},"properties":{"id":"p-047-001-22000-fo~U17","property_id":"p-047-001-22000-fo","label":"Block U17","score":66,"status":"verified"}},{"type":"Feature","id":656,"geometry":{"type":"Polygon","coordinates":[[[-71.51821,44.31069],[-71.50701,44.31217],[-71.50767,44.31662],[-71.50883,44.32097],[-71.50935,44.32391],[-71.49143,44.32053],[-71.49788,44.30308],[-71.51777,44.30682],[-71.51821,44.31069]]]},"properties":{"id":"p-047-001-22000-fo~D18","property_id":"p-047-001-22000-fo","label":"Block D18","score":62,"status":"verified"}},{"type":"Feature","id":657,"geometry":{"type":"Polygon","coordinates":[[[-71.49788,44.30308],[-71.49143,44.32053],[-71.46698,44.31593],[-71.47343,44.29848],[-71.49788,44.30308]]]},"properties":{"id":"p-047-001-22000-fo~E18","property_id":"p-047-001-22000-fo","label":"Block E18","score":64,"status":"verified"}},{"type":"Feature","id":658,"geometry":{"type":"Polygon","coordinates":[[[-71.47068,44.32936],[-71.46166,44.3303],[-71.46698,44.31593],[-71.49143,44.32053],[-71.48498,44.33799],[-71.47204,44.33555],[-71.47068,44.32936]]]},"properties":{"id":"p-047-001-22000-fo~E18-2","property_id":"p-047-001-22000-fo","label":"Block E18-2","score":60,"status":"verified"}},{"type":"Feature","id":659,"geometry":{"type":"Polygon","coordinates":[[[-71.47343,44.29848],[-71.46698,44.31593],[-71.44253,44.31132],[-71.44899,44.29387],[-71.47343,44.29848]]]},"properties":{"id":"p-047-001-22000-fo~F18","property_id":"p-047-001-22000-fo","label":"Block F18","score":54,"status":"verified"}},{"type":"Feature","id":660,"geometry":{"type":"Polygon","coordinates":[[[-71.45867,44.3306],[-71.45857,44.33009],[-71.45883,44.32805],[-71.45881,44.32681],[-71.45901,44.3265],[-71.45993,44.32643],[-71.46013,44.32619],[-71.46003,44.32516],[-71.45457,44.32577],[-71.45517,44.32921],[-71.45452,44.33111],[-71.45716,44.33082],[-71.45736,44.33278],[-71.43606,44.32877],[-71.44253,44.31132],[-71.46698,44.31593],[-71.46166,44.3303],[-71.45867,44.3306]]]},"properties":{"id":"p-047-001-22000-fo~F18-2","property_id":"p-047-001-22000-fo","label":"Block F18-2","score":44,"status":"verified"}},{"type":"Feature","id":661,"geometry":{"type":"Polygon","coordinates":[[[-71.44899,44.29387],[-71.44253,44.31132],[-71.41808,44.3067],[-71.42455,44.28925],[-71.44899,44.29387]]]},"properties":{"id":"p-047-001-22000-fo~G18","property_id":"p-047-001-22000-fo","label":"Block G18","score":67,"status":"verified"}},{"type":"Feature","id":662,"geometry":{"type":"Polygon","coordinates":[[[-71.42455,44.28925],[-71.41808,44.3067],[-71.39364,44.30208],[-71.40011,44.28463],[-71.42455,44.28925]]]},"properties":{"id":"p-047-001-22000-fo~H18","property_id":"p-047-001-22000-fo","label":"Block H18","score":64,"status":"verified"}},{"type":"Feature","id":663,"geometry":{"type":"Polygon","coordinates":[[[-71.40011,44.28463],[-71.39364,44.30208],[-71.3692,44.29746],[-71.37567,44.28001],[-71.40011,44.28463]]]},"properties":{"id":"p-047-001-22000-fo~I18","property_id":"p-047-001-22000-fo","label":"Block I18","score":64,"status":"verified"}},{"type":"Feature","id":664,"geometry":{"type":"Polygon","coordinates":[[[-71.37567,44.28001],[-71.3692,44.29746],[-71.34476,44.29283],[-71.35124,44.27539],[-71.37567,44.28001]]]},"properties":{"id":"p-047-001-22000-fo~J18","property_id":"p-047-001-22000-fo","label":"Block J18","score":55,"status":"verified"}},{"type":"Feature","id":665,"geometry":{"type":"MultiPolygon","coordinates":[[[[-71.32561,44.274],[-71.33129,44.27416],[-71.3386,44.27299],[-71.35124,44.27539],[-71.34476,44.29283],[-71.32033,44.2882],[-71.32561,44.274]]],[[[-71.33783,44.27284],[-71.33126,44.27389],[-71.32798,44.27372],[-71.32571,44.27373],[-71.32682,44.27075],[-71.33783,44.27284]]]]},"properties":{"id":"p-047-001-22000-fo~K18","property_id":"p-047-001-22000-fo","label":"Block K18","score":65,"status":"verified"}},{"type":"Feature","id":666,"geometry":{"type":"MultiPolygon","coordinates":[[[[-71.29794,44.27807],[-71.30057,44.27667],[-71.30111,44.27649],[-71.30255,44.27544],[-71.30247,44.2744],[-71.30172,44.27349],[-71.30259,44.27301],[-71.311,44.27636],[-71.31253,44.2768],[-71.31341,44.27685],[-71.31416,44.27679],[-71.31838,44.27587],[-71.32063,44.27496],[-71.32489,44.27406],[-71.32561,44.274],[-71.32033,44.2882],[-71.2959,44.28356],[-71.29794,44.27807]]],[[[-71.32571,44.27373],[-71.32482,44.2738],[-71.32049,44.2747],[-71.31823,44.27562],[-71.31409,44.27652],[-71.31261,44.27653],[-71.31117,44.27611],[-71.30378,44.27325],[-71.3031,44.27294],[-71.30239,44.27235],[-71.30228,44.27216],[-71.30307,44.27226],[-71.30386,44.27222],[-71.30525,44.27172],[-71.30608,44.27094],[-71.30636,44.26998],[-71.30623,44.26937],[-71.30592,44.26885],[-71.30542,44.26839],[-71.3048,44.26805],[-71.30398,44.26781],[-71.3032,44.26774],[-71.30168,44.26802],[-71.30239,44.26612],[-71.32682,44.27075],[-71.32571,44.27373]]],[[[-71.30126,44.27374],[-71.30155,44.27358],[-71.30227,44.27453],[-71.30225,44.27542],[-71.30097,44.27634],[-71.30042,44.27652],[-71.29801,44.27788],[-71.3,44.27255],[-71.30126,44.27374]]]]},"properties":{"id":"p-047-001-22000-fo~L18","property_id":"p-047-001-22000-fo","label":"Block L18","score":54,"status":"verified"}},{"type":"Feature","id":667,"geometry":{"type":"MultiPolygon","coordinates":[[[[-71.28991,44.28242],[-71.29104,44.28193],[-71.29442,44.28106],[-71.29518,44.28067],[-71.2951,44.28045],[-71.29425,44.28022],[-71.2928,44.27952],[-71.29295,44.27889],[-71.29482,44.27754],[-71.29515,44.27738],[-71.29583,44.27745],[-71.29627,44.27759],[-71.29699,44.27806],[-71.29794,44.27807],[-71.2959,44.28356],[-71.28991,44.28242]]],[[[-71.3016,44.26806],[-71.30072,44.26861],[-71.30022,44.2693],[-71.30006,44.27006],[-71.30028,44.27083],[-71.29895,44.27156],[-71.3,44.27255],[-71.29801,44.27788],[-71.29721,44.27793],[-71.29617,44.27735],[-71.29505,44.27721],[-71.29313,44.27845],[-71.29264,44.27893],[-71.29252,44.27948],[-71.29263,44.27967],[-71.29345,44.27999],[-71.29379,44.28026],[-71.29492,44.28058],[-71.2943,44.2809],[-71.29065,44.28185],[-71.2896,44.28237],[-71.27147,44.27892],[-71.27797,44.26148],[-71.30239,44.26612],[-71.3016,44.26806]]]]},"properties":{"id":"p-047-001-22000-fo~M18","property_id":"p-047-001-22000-fo","label":"Block M18","score":62,"status":"verified"}},{"type":"Feature","id":668,"geometry":{"type":"Polygon","coordinates":[[[-71.27797,44.26148],[-71.27147,44.27892],[-71.24705,44.27427],[-71.25355,44.25683],[-71.27797,44.26148]]]},"properties":{"id":"p-047-001-22000-fo~N18","property_id":"p-047-001-22000-fo","label":"Block N18","score":71,"status":"verified"}},{"type":"Feature","id":669,"geometry":{"type":"Polygon","coordinates":[[[-71.25355,44.25683],[-71.24705,44.27427],[-71.22263,44.26962],[-71.22914,44.25218],[-71.25355,44.25683]]]},"properties":{"id":"p-047-001-22000-fo~O18","property_id":"p-047-001-22000-fo","label":"Block O18","score":52,"status":"verified"}},{"type":"Feature","id":670,"geometry":{"type":"Polygon","coordinates":[[[-71.22914,44.25218],[-71.22263,44.26962],[-71.19821,44.26497],[-71.20473,44.24753],[-71.22914,44.25218]]]},"properties":{"id":"p-047-001-22000-fo~P18","property_id":"p-047-001-22000-fo","label":"Block P18","score":64,"status":"verified"}},{"type":"Feature","id":671,"geometry":{"type":"Polygon","coordinates":[[[-71.1813,44.24026],[-71.20691,44.2417],[-71.19821,44.26497],[-71.1738,44.26031],[-71.1813,44.24026]]]},"properties":{"id":"p-047-001-22000-fo~Q18","property_id":"p-047-001-22000-fo","label":"Block Q18","score":66,"status":"verified"}},{"type":"Feature","id":672,"geometry":{"type":"Polygon","coordinates":[[[-71.1557,44.23879],[-71.1813,44.24026],[-71.1738,44.26031],[-71.14939,44.25565],[-71.1557,44.23879]]]},"properties":{"id":"p-047-001-22000-fo~R18","property_id":"p-047-001-22000-fo","label":"Block R18","score":63,"status":"verified"}},{"type":"Feature","id":673,"geometry":{"type":"Polygon","coordinates":[[[-71.1301,44.23731],[-71.1557,44.23879],[-71.14939,44.25565],[-71.12498,44.25098],[-71.1301,44.23731]]]},"properties":{"id":"p-047-001-22000-fo~S18","property_id":"p-047-001-22000-fo","label":"Block S18","score":62,"status":"verified"}},{"type":"Feature","id":674,"geometry":{"type":"Polygon","coordinates":[[[-71.10452,44.2358],[-71.1301,44.23731],[-71.12498,44.25098],[-71.10057,44.2463],[-71.10452,44.2358]]]},"properties":{"id":"p-047-001-22000-fo~T18","property_id":"p-047-001-22000-fo","label":"Block T18","score":66,"status":"verified"}},{"type":"Feature","id":675,"geometry":{"type":"Polygon","coordinates":[[[-71.07792,44.23697],[-71.09854,44.23544],[-71.10452,44.2358],[-71.10057,44.2463],[-71.07617,44.24163],[-71.07792,44.23697]]]},"properties":{"id":"p-047-001-22000-fo~U18","property_id":"p-047-001-22000-fo","label":"Block U18","score":69,"status":"verified"}},{"type":"Feature","id":676,"geometry":{"type":"Polygon","coordinates":[[[-71.04228,44.23751],[-71.07036,44.23754],[-71.07792,44.23697],[-71.06962,44.25906],[-71.04214,44.25378],[-71.04228,44.23751]]]},"properties":{"id":"p-047-001-22000-fo~V18","property_id":"p-047-001-22000-fo","label":"Block V18","score":60,"status":"verified"}},{"type":"Feature","id":677,"geometry":{"type":"Polygon","coordinates":[[[-71.50433,44.28563],[-71.49788,44.30308],[-71.47343,44.29848],[-71.47988,44.28102],[-71.50433,44.28563]]]},"properties":{"id":"p-047-001-22000-fo~E19","property_id":"p-047-001-22000-fo","label":"Block E19","score":60,"status":"verified"}},{"type":"Feature","id":678,"geometry":{"type":"Polygon","coordinates":[[[-71.47988,44.28102],[-71.47343,44.29848],[-71.44899,44.29387],[-71.45545,44.27642],[-71.47988,44.28102]]]},"properties":{"id":"p-047-001-22000-fo~F19","property_id":"p-047-001-22000-fo","label":"Block F19","score":52,"status":"verified"}},{"type":"Feature","id":679,"geometry":{"type":"Polygon","coordinates":[[[-71.45545,44.27642],[-71.44899,44.29387],[-71.42455,44.28925],[-71.43101,44.2718],[-71.45545,44.27642]]]},"properties":{"id":"p-047-001-22000-fo~G19","property_id":"p-047-001-22000-fo","label":"Block G19","score":67,"status":"verified"}},{"type":"Feature","id":680,"geometry":{"type":"Polygon","coordinates":[[[-71.43101,44.2718],[-71.42455,44.28925],[-71.40011,44.28463],[-71.40658,44.26719],[-71.43101,44.2718]]]},"properties":{"id":"p-047-001-22000-fo~H19","property_id":"p-047-001-22000-fo","label":"Block H19","score":64,"status":"verified"}},{"type":"Feature","id":681,"geometry":{"type":"Polygon","coordinates":[[[-71.40658,44.26719],[-71.40011,44.28463],[-71.37567,44.28001],[-71.38215,44.26257],[-71.40658,44.26719]]]},"properties":{"id":"p-047-001-22000-fo~I19","property_id":"p-047-001-22000-fo","label":"Block I19","score":63,"status":"verified"}},{"type":"Feature","id":682,"geometry":{"type":"Polygon","coordinates":[[[-71.3333,44.25331],[-71.32682,44.27075],[-71.30239,44.26612],[-71.30888,44.24868],[-71.3333,44.25331]]]},"properties":{"id":"p-047-001-22000-fo~L19","property_id":"p-047-001-22000-fo","label":"Block L19","score":76,"status":"verified"}},{"type":"Feature","id":683,"geometry":{"type":"Polygon","coordinates":[[[-71.30888,44.24868],[-71.30239,44.26612],[-71.27797,44.26148],[-71.28447,44.24404],[-71.30888,44.24868]]]},"properties":{"id":"p-047-001-22000-fo~M19","property_id":"p-047-001-22000-fo","label":"Block M19","score":73,"status":"verified"}},{"type":"Feature","id":684,"geometry":{"type":"Polygon","coordinates":[[[-71.28447,44.24404],[-71.27797,44.26148],[-71.25355,44.25683],[-71.26006,44.23939],[-71.28447,44.24404]]]},"properties":{"id":"p-047-001-22000-fo~N19","property_id":"p-047-001-22000-fo","label":"Block N19","score":66,"status":"verified"}},{"type":"Feature","id":685,"geometry":{"type":"Polygon","coordinates":[[[-71.23251,44.24314],[-71.25196,44.24427],[-71.2549,44.23841],[-71.26006,44.23939],[-71.25355,44.25683],[-71.22914,44.25218],[-71.23251,44.24314]]]},"properties":{"id":"p-047-001-22000-fo~O19","property_id":"p-047-001-22000-fo","label":"Block O19","score":57,"status":"verified"}},{"type":"Feature","id":686,"geometry":{"type":"Polygon","coordinates":[[[-71.20691,44.2417],[-71.23251,44.24314],[-71.22914,44.25218],[-71.20473,44.24753],[-71.20691,44.2417]]]},"properties":{"id":"p-047-001-22000-fo~P19","property_id":"p-047-001-22000-fo","label":"Block P19","score":69,"status":"verified"}},{"type":"Feature","id":687,"geometry":{"type":"Polygon","coordinates":[[[-71.52776,44.29626],[-71.51731,44.29749],[-71.51817,44.3025],[-71.52904,44.30175],[-71.52959,44.30548],[-71.51771,44.30622],[-71.51777,44.30682],[-71.49788,44.30308],[-71.50433,44.28563],[-71.52654,44.28981],[-71.52776,44.29626]]]},"properties":{"id":"p-047-001-22000-fo~D20","property_id":"p-047-001-22000-fo","label":"Block D20","score":61,"status":"verified"}},{"type":"Feature","id":688,"geometry":{"type":"MultiPolygon","coordinates":[[[[-71.50993,44.27043],[-71.50307,44.26866],[-71.5014,44.26772],[-71.49926,44.26601],[-71.51077,44.26817],[-71.50993,44.27043]]],[[[-71.49582,44.26538],[-71.49391,44.26602],[-71.49062,44.26764],[-71.48977,44.26795],[-71.48714,44.26827],[-71.48593,44.26862],[-71.484,44.26989],[-71.48633,44.26357],[-71.49582,44.26538]]],[[[-71.48387,44.27023],[-71.48614,44.26886],[-71.48722,44.26854],[-71.4899,44.26821],[-71.49082,44.26788],[-71.49411,44.26626],[-71.49594,44.26564],[-71.49674,44.26553],[-71.49861,44.26595],[-71.50113,44.26791],[-71.5029,44.2689],[-71.50984,44.2707],[-71.50433,44.28563],[-71.47988,44.28102],[-71.48387,44.27023]]]]},"properties":{"id":"p-047-001-22000-fo~E20","property_id":"p-047-001-22000-fo","label":"Block E20","score":42,"status":"verified"}},{"type":"Feature","id":689,"geometry":{"type":"Polygon","coordinates":[[[-71.43491,44.26127],[-71.44152,44.2705],[-71.45595,44.26884],[-71.45684,44.27264],[-71.45545,44.27642],[-71.43101,44.2718],[-71.43491,44.26127]]]},"properties":{"id":"p-047-001-22000-fo~G20","property_id":"p-047-001-22000-fo","label":"Block G20","score":50,"status":"verified"}},{"type":"Feature","id":690,"geometry":{"type":"MultiPolygon","coordinates":[[[[-71.40786,44.26373],[-71.4084,44.26521],[-71.40898,44.26584],[-71.40968,44.26628],[-71.41055,44.26652],[-71.41164,44.26647],[-71.41348,44.26588],[-71.41699,44.26559],[-71.42026,44.26388],[-71.42278,44.26294],[-71.42356,44.26225],[-71.42744,44.25742],[-71.42878,44.25611],[-71.42968,44.25552],[-71.4304,44.25521],[-71.43019,44.25555],[-71.43062,44.25708],[-71.43005,44.25716],[-71.42901,44.25681],[-71.42696,44.25925],[-71.42931,44.26024],[-71.43074,44.25888],[-71.43125,44.25924],[-71.43186,44.25865],[-71.43226,44.25854],[-71.43491,44.26127],[-71.43101,44.2718],[-71.40658,44.26719],[-71.40786,44.26373]]],[[[-71.42652,44.25229],[-71.42819,44.25453],[-71.42815,44.25498],[-71.43006,44.25471],[-71.43023,44.25496],[-71.42906,44.25553],[-71.42807,44.25631],[-71.42712,44.25727],[-71.42324,44.2621],[-71.42253,44.26273],[-71.42008,44.26364],[-71.41684,44.26533],[-71.41338,44.26561],[-71.41154,44.2662],[-71.41061,44.26624],[-71.40988,44.26605],[-71.40927,44.26566],[-71.40874,44.26509],[-71.40807,44.26315],[-71.41304,44.24974],[-71.42652,44.25229]]]]},"properties":{"id":"p-047-001-22000-fo~H20","property_id":"p-047-001-22000-fo","label":"Block H20","score":46,"status":"verified"}},{"type":"Feature","id":691,"geometry":{"type":"Polygon","coordinates":[[[-71.38862,44.24512],[-71.38215,44.26257],[-71.35772,44.25794],[-71.3642,44.24049],[-71.38862,44.24512]]]},"properties":{"id":"p-047-001-22000-fo~J20","property_id":"p-047-001-22000-fo","label":"Block J20","score":65,"status":"verified"}},{"type":"Feature","id":692,"geometry":{"type":"Polygon","coordinates":[[[-71.35308,44.27044],[-71.3545,44.27023],[-71.35541,44.26961],[-71.35661,44.26935],[-71.3565,44.26897],[-71.35973,44.26784],[-71.35902,44.26781],[-71.35647,44.26871],[-71.35615,44.26769],[-71.35397,44.26804],[-71.35772,44.25794],[-71.38215,44.26257],[-71.37567,44.28001],[-71.35124,44.27539],[-71.35308,44.27044]]]},"properties":{"id":"p-047-001-22000-fo~J20-2","property_id":"p-047-001-22000-fo","label":"Block J20-2","score":49,"status":"verified"}},{"type":"Feature","id":693,"geometry":{"type":"Polygon","coordinates":[[[-71.3642,44.24049],[-71.35772,44.25794],[-71.3333,44.25331],[-71.33979,44.23587],[-71.3642,44.24049]]]},"properties":{"id":"p-047-001-22000-fo~K20","property_id":"p-047-001-22000-fo","label":"Block K20","score":62,"status":"verified"}},{"type":"Feature","id":694,"geometry":{"type":"MultiPolygon","coordinates":[[[[-71.3386,44.27299],[-71.34857,44.27125],[-71.35084,44.27065],[-71.35226,44.27061],[-71.35308,44.27044],[-71.35124,44.27539],[-71.3386,44.27299]]],[[[-71.34914,44.26883],[-71.35013,44.26986],[-71.34907,44.27041],[-71.34986,44.27065],[-71.34731,44.27122],[-71.33783,44.27284],[-71.32682,44.27075],[-71.3333,44.25331],[-71.35772,44.25794],[-71.35397,44.26804],[-71.34914,44.26883]]]]},"properties":{"id":"p-047-001-22000-fo~K20-2","property_id":"p-047-001-22000-fo","label":"Block K20-2","score":64,"status":"verified"}},{"type":"Feature","id":695,"geometry":{"type":"Polygon","coordinates":[[[-71.33979,44.23587],[-71.3333,44.25331],[-71.30888,44.24868],[-71.31537,44.23123],[-71.33979,44.23587]]]},"properties":{"id":"p-047-001-22000-fo~L20","property_id":"p-047-001-22000-fo","label":"Block L20","score":62,"status":"verified"}},{"type":"Feature","id":696,"geometry":{"type":"Polygon","coordinates":[[[-71.31537,44.23123],[-71.30888,44.24868],[-71.28447,44.24404],[-71.29096,44.2266],[-71.31537,44.23123]]]},"properties":{"id":"p-047-001-22000-fo~M20","property_id":"p-047-001-22000-fo","label":"Block M20","score":61,"status":"verified"}},{"type":"Feature","id":697,"geometry":{"type":"Polygon","coordinates":[[[-71.28447,44.24404],[-71.2549,44.23841],[-71.26351,44.22137],[-71.29096,44.2266],[-71.28447,44.24404]]]},"properties":{"id":"p-047-001-22000-fo~N20","property_id":"p-047-001-22000-fo","label":"Block N20","score":62,"status":"verified"}},{"type":"Feature","id":698,"geometry":{"type":"MultiPolygon","coordinates":[[[[-71.52798,44.26274],[-71.52774,44.26305],[-71.52591,44.26413],[-71.52531,44.26471],[-71.52455,44.26506],[-71.52457,44.26561],[-71.52479,44.26601],[-71.53212,44.265],[-71.53263,44.26868],[-71.53145,44.26877],[-71.53018,44.26789],[-71.52946,44.26819],[-71.52913,44.26819],[-71.52887,44.26786],[-71.52896,44.26696],[-71.52864,44.26673],[-71.52826,44.26674],[-71.52475,44.26883],[-71.52379,44.26912],[-71.52221,44.26935],[-71.52245,44.27037],[-71.51077,44.26817],[-71.51296,44.26222],[-71.53359,44.25972],[-71.53332,44.26045],[-71.53392,44.26043],[-71.53426,44.26077],[-71.52798,44.26274]]],[[[-71.52515,44.27088],[-71.53303,44.26999],[-71.53357,44.27246],[-71.52515,44.27088]]]]},"properties":{"id":"p-047-001-22000-fo~D21","property_id":"p-047-001-22000-fo","label":"Block D21","score":36,"status":"verified"}},{"type":"Feature","id":699,"geometry":{"type":"MultiPolygon","coordinates":[[[[-71.52253,44.27072],[-71.52022,44.27162],[-71.51901,44.27188],[-71.51762,44.27196],[-71.51506,44.27171],[-71.50993,44.27043],[-71.51077,44.26817],[-71.52245,44.27037],[-71.52253,44.27072]]],[[[-71.52602,44.2865],[-71.52654,44.28981],[-71.50433,44.28563],[-71.50984,44.2707],[-71.51496,44.27197],[-71.51684,44.2722],[-71.5191,44.27215],[-71.52036,44.27188],[-71.52225,44.27121],[-71.52515,44.27088],[-71.53357,44.27246],[-71.53637,44.28524],[-71.52602,44.2865]]]]},"properties":{"id":"p-047-001-22000-fo~D21-2","property_id":"p-047-001-22000-fo","label":"Block D21-2","score":55,"status":"verified"}},{"type":"Feature","id":700,"geometry":{"type":"MultiPolygon","coordinates":[[[[-71.49885,44.26574],[-71.49754,44.2653],[-71.49698,44.26524],[-71.49587,44.26537],[-71.48633,44.26357],[-71.48852,44.25765],[-71.50584,44.25556],[-71.50741,44.2629],[-71.51296,44.26222],[-71.51077,44.26817],[-71.49926,44.26601],[-71.49885,44.26574]]],[[[-71.49674,44.26553],[-71.49745,44.26556],[-71.49842,44.26585],[-71.49674,44.26553]]]]},"properties":{"id":"p-047-001-22000-fo~E21","property_id":"p-047-001-22000-fo","label":"Block E21","score":44,"status":"verified"}},{"type":"Feature","id":701,"geometry":{"type":"MultiPolygon","coordinates":[[[[-71.46879,44.25958],[-71.46971,44.25994],[-71.48852,44.25765],[-71.484,44.26989],[-71.48287,44.2701],[-71.48087,44.26989],[-71.47779,44.27033],[-71.47695,44.26625],[-71.47001,44.26673],[-71.46929,44.26345],[-71.46839,44.26335],[-71.46756,44.26268],[-71.46726,44.25978],[-71.46879,44.25958]]],[[[-71.46721,44.2768],[-71.4789,44.27565],[-71.47785,44.27061],[-71.48088,44.27016],[-71.48285,44.27038],[-71.48387,44.27023],[-71.47988,44.28102],[-71.45545,44.27642],[-71.45684,44.27264],[-71.457,44.2733],[-71.46659,44.27242],[-71.46721,44.2768]]]]},"properties":{"id":"p-047-001-22000-fo~F21","property_id":"p-047-001-22000-fo","label":"Block F21","score":51,"status":"verified"}},{"type":"Feature","id":702,"geometry":{"type":"MultiPolygon","coordinates":[[[[-71.43836,44.2464],[-71.43697,44.24453],[-71.4338,44.24181],[-71.4329,44.24082],[-71.43237,44.23984],[-71.43099,44.23597],[-71.42983,44.23424],[-71.4327,44.23478],[-71.44334,44.24917],[-71.44949,44.25175],[-71.44872,44.25289],[-71.44488,44.2515],[-71.44315,44.25054],[-71.44268,44.25015],[-71.44102,44.24816],[-71.44012,44.24752],[-71.43916,44.24703],[-71.43836,44.2464]]],[[[-71.43063,44.23605],[-71.432,44.23991],[-71.43256,44.24095],[-71.4335,44.24198],[-71.43665,44.24468],[-71.43806,44.24657],[-71.43891,44.24724],[-71.43988,44.24773],[-71.44072,44.24834],[-71.44235,44.2503],[-71.44288,44.25074],[-71.44467,44.25173],[-71.44854,44.25315],[-71.44832,44.25349],[-71.44288,44.25116],[-71.44109,44.25013],[-71.43786,44.24795],[-71.4362,44.24718],[-71.43483,44.2462],[-71.43312,44.24526],[-71.43147,44.24418],[-71.42353,44.24852],[-71.42491,44.25005],[-71.42652,44.25229],[-71.41304,44.24974],[-71.41951,44.23229],[-71.42934,44.23415],[-71.43063,44.23605]],[[-71.42532,44.23967],[-71.4246,44.23885],[-71.42329,44.23964],[-71.42505,44.24109],[-71.42633,44.24031],[-71.42571,44.23978],[-71.42532,44.23967]]]]},"properties":{"id":"p-047-001-22000-fo~H21","property_id":"p-047-001-22000-fo","label":"Block H21","score":41,"status":"verified"}},{"type":"Feature","id":703,"geometry":{"type":"Polygon","coordinates":[[[-71.41951,44.23229],[-71.41304,44.24974],[-71.38862,44.24512],[-71.39509,44.22767],[-71.41951,44.23229]]]},"properties":{"id":"p-047-001-22000-fo~I21","property_id":"p-047-001-22000-fo","label":"Block I21","score":53,"status":"verified"}},{"type":"Feature","id":704,"geometry":{"type":"Polygon","coordinates":[[[-71.40718,44.26248],[-71.40776,44.26332],[-71.40786,44.26373],[-71.40658,44.26719],[-71.38215,44.26257],[-71.38862,44.24512],[-71.41304,44.24974],[-71.40807,44.26315],[-71.40749,44.26232],[-71.40655,44.26145],[-71.40449,44.25897],[-71.40415,44.25909],[-71.40622,44.2616],[-71.40718,44.26248]]]},"properties":{"id":"p-047-001-22000-fo~I21-2","property_id":"p-047-001-22000-fo","label":"Block I21-2","score":45,"status":"verified"}},{"type":"Feature","id":705,"geometry":{"type":"Polygon","coordinates":[[[-71.39509,44.22767],[-71.38862,44.24512],[-71.3642,44.24049],[-71.37068,44.22305],[-71.39509,44.22767]]]},"properties":{"id":"p-047-001-22000-fo~J21","property_id":"p-047-001-22000-fo","label":"Block J21","score":65,"status":"verified"}},{"type":"Feature","id":706,"geometry":{"type":"Polygon","coordinates":[[[-71.37068,44.22305],[-71.3642,44.24049],[-71.33979,44.23587],[-71.34627,44.21842],[-71.37068,44.22305]]]},"properties":{"id":"p-047-001-22000-fo~K21","property_id":"p-047-001-22000-fo","label":"Block K21","score":64,"status":"verified"}},{"type":"Feature","id":707,"geometry":{"type":"Polygon","coordinates":[[[-71.34627,44.21842],[-71.33979,44.23587],[-71.31537,44.23123],[-71.32186,44.21379],[-71.34627,44.21842]]]},"properties":{"id":"p-047-001-22000-fo~L21","property_id":"p-047-001-22000-fo","label":"Block L21","score":63,"status":"verified"}},{"type":"Feature","id":708,"geometry":{"type":"Polygon","coordinates":[[[-71.32186,44.21379],[-71.31537,44.23123],[-71.29096,44.2266],[-71.29745,44.20916],[-71.32186,44.21379]]]},"properties":{"id":"p-047-001-22000-fo~M21","property_id":"p-047-001-22000-fo","label":"Block M21","score":66,"status":"verified"}},{"type":"Feature","id":709,"geometry":{"type":"MultiPolygon","coordinates":[[[[-71.41592,44.2122],[-71.43007,44.23122],[-71.4327,44.23478],[-71.42983,44.23424],[-71.42878,44.23292],[-71.42821,44.23246],[-71.42611,44.23134],[-71.42558,44.23093],[-71.42511,44.23043],[-71.42471,44.22935],[-71.42393,44.22817],[-71.42216,44.22664],[-71.42093,44.22533],[-71.41812,44.22092],[-71.41694,44.21999],[-71.4144,44.21929],[-71.41231,44.21674],[-71.41104,44.21727],[-71.40742,44.21335],[-71.41592,44.2122]]],[[[-71.40702,44.21341],[-71.41088,44.2176],[-71.41081,44.21829],[-71.41041,44.21916],[-71.41066,44.22029],[-71.41085,44.22022],[-71.41261,44.22137],[-71.41337,44.22201],[-71.41429,44.21955],[-71.41626,44.22006],[-71.41711,44.22044],[-71.41828,44.22169],[-71.41933,44.22364],[-71.42061,44.22547],[-71.42186,44.22681],[-71.42362,44.22833],[-71.42406,44.2289],[-71.42476,44.23056],[-71.42586,44.23155],[-71.42795,44.23266],[-71.42848,44.23309],[-71.42934,44.23415],[-71.39509,44.22767],[-71.40003,44.21435],[-71.40702,44.21341]]]]},"properties":{"id":"p-047-001-22000-fo~I22","property_id":"p-047-001-22000-fo","label":"Block I22","score":51,"status":"verified"}},{"type":"Feature","id":710,"geometry":{"type":"Polygon","coordinates":[[[-71.39308,44.20862],[-71.39506,44.21502],[-71.40003,44.21435],[-71.39509,44.22767],[-71.37068,44.22305],[-71.37715,44.20561],[-71.39308,44.20862]]]},"properties":{"id":"p-047-001-22000-fo~J22","property_id":"p-047-001-22000-fo","label":"Block J22","score":67,"status":"verified"}},{"type":"Feature","id":711,"geometry":{"type":"Polygon","coordinates":[[[-71.37715,44.20561],[-71.37068,44.22305],[-71.34627,44.21842],[-71.35274,44.20098],[-71.37715,44.20561]]]},"properties":{"id":"p-047-001-22000-fo~K22","property_id":"p-047-001-22000-fo","label":"Block K22","score":63,"status":"verified"}},{"type":"Feature","id":712,"geometry":{"type":"Polygon","coordinates":[[[-71.35274,44.20098],[-71.34627,44.21842],[-71.32186,44.21379],[-71.32834,44.19635],[-71.35274,44.20098]]]},"properties":{"id":"p-047-001-22000-fo~L22","property_id":"p-047-001-22000-fo","label":"Block L22","score":64,"status":"verified"}},{"type":"Feature","id":713,"geometry":{"type":"Polygon","coordinates":[[[-71.32834,44.19635],[-71.32186,44.21379],[-71.29745,44.20916],[-71.30394,44.19171],[-71.32834,44.19635]]]},"properties":{"id":"p-047-001-22000-fo~M22","property_id":"p-047-001-22000-fo","label":"Block M22","score":67,"status":"verified"}},{"type":"Feature","id":714,"geometry":{"type":"Polygon","coordinates":[[[-71.27212,44.20434],[-71.28075,44.1873],[-71.30394,44.19171],[-71.29745,44.20916],[-71.27212,44.20434]]]},"properties":{"id":"p-047-001-22000-fo~N22","property_id":"p-047-001-22000-fo","label":"Block N22","score":71,"status":"verified"}},{"type":"Feature","id":715,"geometry":{"type":"Polygon","coordinates":[[[-71.29096,44.2266],[-71.26351,44.22137],[-71.27212,44.20434],[-71.29745,44.20916],[-71.29096,44.2266]]]},"properties":{"id":"p-047-001-22000-fo~N22-2","property_id":"p-047-001-22000-fo","label":"Block N22-2","score":64,"status":"verified"}},{"type":"Feature","id":716,"geometry":{"type":"Polygon","coordinates":[[[-71.38704,44.18881],[-71.39308,44.20862],[-71.37715,44.20561],[-71.38361,44.18816],[-71.38704,44.18881]]]},"properties":{"id":"p-047-001-22000-fo~J23","property_id":"p-047-001-22000-fo","label":"Block J23","score":63,"status":"verified"}},{"type":"Feature","id":717,"geometry":{"type":"Polygon","coordinates":[[[-71.38361,44.18816],[-71.37715,44.20561],[-71.35274,44.20098],[-71.35922,44.18354],[-71.38361,44.18816]]]},"properties":{"id":"p-047-001-22000-fo~K23","property_id":"p-047-001-22000-fo","label":"Block K23","score":67,"status":"verified"}},{"type":"Feature","id":718,"geometry":{"type":"Polygon","coordinates":[[[-71.35922,44.18354],[-71.35274,44.20098],[-71.32834,44.19635],[-71.33482,44.17891],[-71.35922,44.18354]]]},"properties":{"id":"p-047-001-22000-fo~L23","property_id":"p-047-001-22000-fo","label":"Block L23","score":65,"status":"verified"}},{"type":"Feature","id":719,"geometry":{"type":"Polygon","coordinates":[[[-71.33482,44.17891],[-71.32834,44.19635],[-71.30394,44.19171],[-71.31043,44.17427],[-71.33482,44.17891]]]},"properties":{"id":"p-047-001-22000-fo~M23","property_id":"p-047-001-22000-fo","label":"Block M23","score":69,"status":"verified"}},{"type":"Feature","id":720,"geometry":{"type":"Polygon","coordinates":[[[-71.28075,44.1873],[-71.28936,44.17027],[-71.31043,44.17427],[-71.30394,44.19171],[-71.28075,44.1873]]]},"properties":{"id":"p-047-001-22000-fo~N23","property_id":"p-047-001-22000-fo","label":"Block N23","score":65,"status":"verified"}},{"type":"Feature","id":721,"geometry":{"type":"Polygon","coordinates":[[[-71.36432,44.16978],[-71.38395,44.17871],[-71.38704,44.18881],[-71.35922,44.18354],[-71.36432,44.16978]]]},"properties":{"id":"p-047-001-22000-fo~K24","property_id":"p-047-001-22000-fo","label":"Block K24","score":63,"status":"verified"}},{"type":"Feature","id":722,"geometry":{"type":"Polygon","coordinates":[[[-71.35616,44.16612],[-71.36432,44.16978],[-71.35922,44.18354],[-71.33482,44.17891],[-71.3413,44.16147],[-71.35553,44.16417],[-71.35616,44.16612]]]},"properties":{"id":"p-047-001-22000-fo~L24","property_id":"p-047-001-22000-fo","label":"Block L24","score":64,"status":"verified"}},{"type":"Feature","id":723,"geometry":{"type":"Polygon","coordinates":[[[-71.3413,44.16147],[-71.33482,44.17891],[-71.31043,44.17427],[-71.31691,44.15683],[-71.3413,44.16147]]]},"properties":{"id":"p-047-001-22000-fo~M24","property_id":"p-047-001-22000-fo","label":"Block M24","score":65,"status":"verified"}},{"type":"Feature","id":724,"geometry":{"type":"Polygon","coordinates":[[[-71.28936,44.17027],[-71.29798,44.15324],[-71.31691,44.15683],[-71.31043,44.17427],[-71.28936,44.17027]]]},"properties":{"id":"p-047-001-22000-fo~N24","property_id":"p-047-001-22000-fo","label":"Block N24","score":60,"status":"verified"}},{"type":"Feature","id":725,"geometry":{"type":"Polygon","coordinates":[[[-71.34981,44.14441],[-71.35114,44.14867],[-71.3507,44.14875],[-71.35553,44.16417],[-71.3413,44.16147],[-71.34777,44.14403],[-71.34981,44.14441]]]},"properties":{"id":"p-047-001-22000-fo~L25","property_id":"p-047-001-22000-fo","label":"Block L25","score":59,"status":"verified"}},{"type":"Feature","id":726,"geometry":{"type":"Polygon","coordinates":[[[-71.34777,44.14403],[-71.3413,44.16147],[-71.31691,44.15683],[-71.32339,44.1394],[-71.34777,44.14403]]]},"properties":{"id":"p-047-001-22000-fo~M25","property_id":"p-047-001-22000-fo","label":"Block M25","score":60,"status":"verified"}},{"type":"Feature","id":727,"geometry":{"type":"Polygon","coordinates":[[[-71.298,44.15319],[-71.30604,44.13727],[-71.30245,44.1374],[-71.30283,44.13549],[-71.32339,44.1394],[-71.31691,44.15683],[-71.298,44.15319]]]},"properties":{"id":"p-047-001-22000-fo~N25","property_id":"p-047-001-22000-fo","label":"Block N25","score":59,"status":"verified"}},{"type":"Feature","id":728,"geometry":{"type":"Polygon","coordinates":[[[-71.34357,44.12456],[-71.34981,44.14441],[-71.32339,44.1394],[-71.32986,44.12196],[-71.34357,44.12456]]]},"properties":{"id":"p-047-001-22000-fo~M26","property_id":"p-047-001-22000-fo","label":"Block M26","score":62,"status":"verified"}},{"type":"Feature","id":729,"geometry":{"type":"Polygon","coordinates":[[[-71.30283,44.13549],[-71.30647,44.11751],[-71.32986,44.12196],[-71.32339,44.1394],[-71.30283,44.13549]]]},"properties":{"id":"p-047-001-22000-fo~N26","property_id":"p-047-001-22000-fo","label":"Block N26","score":62,"status":"verified"}},{"type":"Feature","id":730,"geometry":{"type":"Polygon","coordinates":[[[-71.34341,44.10586],[-71.34322,44.12347],[-71.34357,44.12456],[-71.32986,44.12196],[-71.33633,44.10452],[-71.34341,44.10586]]]},"properties":{"id":"p-047-001-22000-fo~M27","property_id":"p-047-001-22000-fo","label":"Block M27","score":61,"status":"verified"}},{"type":"Feature","id":731,"geometry":{"type":"Polygon","coordinates":[[[-71.30647,44.11751],[-71.31016,44.09954],[-71.33633,44.10452],[-71.32986,44.12196],[-71.30647,44.11751]]]},"properties":{"id":"p-047-001-22000-fo~N27","property_id":"p-047-001-22000-fo","label":"Block N27","score":60,"status":"verified"}},{"type":"Feature","id":732,"geometry":{"type":"Polygon","coordinates":[[[-71.33589,44.08577],[-71.34359,44.09205],[-71.34341,44.10586],[-71.31016,44.09954],[-71.31037,44.09854],[-71.31214,44.09842],[-71.31374,44.09198],[-71.32382,44.09179],[-71.33589,44.08577]]]},"properties":{"id":"p-047-001-22000-fo~N28","property_id":"p-047-001-22000-fo","label":"Block N28","score":62,"status":"verified"}}]}