{"type":"FeatureCollection","features":[{"type":"Feature","id":0,"geometry":{"type":"MultiPolygon","coordinates":[[[[-71.38051,44.95811],[-71.37084,44.95687],[-71.37211,44.95267],[-71.38171,44.95394],[-71.38051,44.95811]]],[[[-71.26199,45.08627],[-71.26157,45.08399],[-71.26133,45.08394],[-71.26106,45.08398],[-71.26042,45.08513],[-71.26042,45.08453],[-71.26007,45.08433],[-71.26001,45.08401],[-71.26001,45.08216],[-71.25965,45.08163],[-71.25972,45.08123],[-71.25946,45.08101],[-71.25934,45.08066],[-71.25957,45.08052],[-71.25978,45.07968],[-71.26036,45.07979],[-71.26096,45.07911],[-71.26085,45.07728],[-71.26046,45.07658],[-71.261,45.07489],[-71.26176,45.07329],[-71.26183,45.07252],[-71.26237,45.07157],[-71.26194,45.06999],[-71.26211,45.06959],[-71.26192,45.06934],[-71.26193,45.06839],[-71.26158,45.06794],[-71.26187,45.06805],[-71.2783,45.06785],[-71.28952,45.05545],[-71.29745,45.05566],[-71.29791,45.05673],[-71.298,45.05852],[-71.29782,45.05919],[-71.2973,45.05983],[-71.29724,45.06038],[-71.29786,45.06368],[-71.29787,45.06583],[-71.29938,45.07137],[-71.28871,45.08603],[-71.28738,45.08678],[-71.28586,45.08667],[-71.28567,45.08654],[-71.28416,45.0863],[-71.28254,45.08647],[-71.28179,45.0867],[-71.28089,45.0872],[-71.28041,45.08783],[-71.27869,45.08864],[-71.2772,45.08975],[-71.2767,45.09086],[-71.27617,45.0913],[-71.27569,45.0923],[-71.27382,45.09325],[-71.27317,45.09337],[-71.27097,45.09346],[-71.27006,45.09336],[-71.26595,45.09231],[-71.2646,45.0916],[-71.26357,45.09031],[-71.26338,45.08899],[-71.26355,45.08866],[-71.26337,45.08868],[-71.26266,45.0881],[-71.26266,45.0872],[-71.26199,45.08627]]],[[[-71.34234,45.02696],[-71.34279,45.02733],[-71.34371,45.02758],[-71.34379,45.02797],[-71.34437,45.02786],[-71.34464,45.02797],[-71.34544,45.02795],[-71.34639,45.02855],[-71.34642,45.02881],[-71.34524,45.03028],[-71.34495,45.03111],[-71.34435,45.03164],[-71.34458,45.03238],[-71.34442,45.03324],[-71.34389,45.03357],[-71.34265,45.03378],[-71.34223,45.03353],[-71.34077,45.03343],[-71.3404,45.03378],[-71.34034,45.03411],[-71.33998,45.03437],[-71.33874,45.03469],[-71.33788,45.03442],[-71.3374,45.03464],[-71.33703,45.03466],[-71.33661,45.03438],[-71.33537,45.03462],[-71.33478,45.03429],[-71.33371,45.03445],[-71.33063,45.03377],[-71.32995,45.03416],[-71.32932,45.0343],[-71.32838,45.03353],[-71.32806,45.03344],[-71.32752,45.03358],[-71.32694,45.0341],[-71.32624,45.03374],[-71.3248,45.03382],[-71.32379,45.03339],[-71.32297,45.03331],[-71.32224,45.0329],[-71.32152,45.03318],[-71.32001,45.03338],[-71.31959,45.03361],[-71.31814,45.03346],[-71.31635,45.03366],[-71.31517,45.03342],[-71.31443,45.03363],[-71.31209,45.03303],[-71.31043,45.0331],[-71.30972,45.03285],[-71.30837,45.0328],[-71.30791,45.03256],[-71.30782,45.03219],[-71.30643,45.03255],[-71.30598,45.0325],[-71.30414,45.03202],[-71.30256,45.03124],[-71.30074,45.03069],[-71.29889,45.03043],[-71.29805,45.02999],[-71.29707,45.03008],[-71.29625,45.02987],[-71.29395,45.02839],[-71.29324,45.02782],[-71.29308,45.02743],[-71.29151,45.02616],[-71.29141,45.02622],[-71.29116,45.02606],[-71.29026,45.02659],[-71.28974,45.02706],[-71.28932,45.02723],[-71.28843,45.0271],[-71.28789,45.02667],[-71.28759,45.02589],[-71.28521,45.02346],[-71.28452,45.02302],[-71.28385,45.02286],[-71.28317,45.02304],[-71.28275,45.02348],[-71.28218,45.02375],[-71.2812,45.02347],[-71.28113,45.02284],[-71.2815,45.02248],[-71.28226,45.02233],[-71.28294,45.02255],[-71.28329,45.02239],[-71.28373,45.02125],[-71.28382,45.02046],[-71.28446,45.01994],[-71.28486,45.01926],[-71.28471,45.01912],[-71.28406,45.01978],[-71.2834,45.02013],[-71.28319,45.02066],[-71.28288,45.02098],[-71.28249,45.02095],[-71.28245,45.02077],[-71.28177,45.02063],[-71.28044,45.02136],[-71.27834,45.02181],[-71.27693,45.02186],[-71.27619,45.02203],[-71.27564,45.02198],[-71.27542,45.02211],[-71.27388,45.02239],[-71.27288,45.02247],[-71.2719,45.0231],[-71.27092,45.02331],[-71.27044,45.02332],[-71.26979,45.02314],[-71.26919,45.02368],[-71.26923,45.0239],[-71.2688,45.02365],[-71.26823,45.02372],[-71.26797,45.02361],[-71.26791,45.02382],[-71.26871,45.0238],[-71.26875,45.02405],[-71.26917,45.02436],[-71.27032,45.02475],[-71.27086,45.02508],[-71.27063,45.02536],[-71.27071,45.0261],[-71.26957,45.02697],[-71.26986,45.02792],[-71.26956,45.02916],[-71.26965,45.03003],[-71.26954,45.03037],[-71.26874,45.0307],[-71.26823,45.03133],[-71.26817,45.03172],[-71.26782,45.03213],[-71.26789,45.03278],[-71.26763,45.03299],[-71.26765,45.03327],[-71.26206,45.02735],[-71.24809,45.02533],[-71.24736,45.02561],[-71.2464,45.02674],[-71.24455,45.02822],[-71.24393,45.02898],[-71.24036,45.03101],[-71.2378,45.03397],[-71.23636,45.03465],[-71.23559,45.03488],[-71.24002,45.06617],[-71.23948,45.06713],[-71.23993,45.06743],[-71.2403,45.06739],[-71.24059,45.06759],[-71.24047,45.06806],[-71.24008,45.0685],[-71.24018,45.06876],[-71.23995,45.06908],[-71.23993,45.06944],[-71.23932,45.07044],[-71.2395,45.07054],[-71.2397,45.07043],[-71.23972,45.07063],[-71.23958,45.07085],[-71.23947,45.07079],[-71.23879,45.07105],[-71.23832,45.07169],[-71.23831,45.07209],[-71.23872,45.07205],[-71.2389,45.07223],[-71.23872,45.07244],[-71.23842,45.07243],[-71.23836,45.07223],[-71.23806,45.07211],[-71.23764,45.07217],[-71.23651,45.07325],[-71.23602,45.07417],[-71.23593,45.0745],[-71.23621,45.07465],[-71.23707,45.07444],[-71.23761,45.07475],[-71.2376,45.07504],[-71.23721,45.07532],[-71.23668,45.07544],[-71.23643,45.07538],[-71.23598,45.07575],[-71.23593,45.07622],[-71.23613,45.07631],[-71.23595,45.07658],[-71.23555,45.0767],[-71.23542,45.0765],[-71.23518,45.07643],[-71.23515,45.07676],[-71.23486,45.07709],[-71.23413,45.07753],[-71.23407,45.07781],[-71.23457,45.07791],[-71.23492,45.07834],[-71.23537,45.07855],[-71.23544,45.07871],[-71.23507,45.07959],[-71.23455,45.0799],[-71.23439,45.07972],[-71.23432,45.07881],[-71.23396,45.07881],[-71.23414,45.07841],[-71.23388,45.07837],[-71.2338,45.07807],[-71.23351,45.07787],[-71.23312,45.07781],[-71.23254,45.07851],[-71.2327,45.07886],[-71.2325,45.07904],[-71.23308,45.08069],[-71.23291,45.08081],[-71.23261,45.08053],[-71.2323,45.08084],[-71.23176,45.08104],[-71.23163,45.08159],[-71.23094,45.082],[-71.23081,45.08289],[-71.23002,45.08334],[-71.23039,45.08372],[-71.23036,45.08405],[-71.22884,45.08476],[-71.22775,45.08454],[-71.22748,45.08424],[-71.22724,45.08433],[-71.22704,45.08425],[-71.22711,45.08504],[-71.22689,45.08601],[-71.22684,45.08737],[-71.22694,45.08805],[-71.22682,45.0918],[-71.22606,45.09319],[-71.22583,45.09391],[-71.22519,45.09491],[-71.22467,45.09668],[-71.22383,45.09776],[-71.22374,45.09816],[-71.22334,45.09855],[-71.22178,45.09939],[-71.221,45.09997],[-71.22043,45.10015],[-71.22008,45.10059],[-71.219,45.10096],[-71.21831,45.10158],[-71.2156,45.10311],[-71.21498,45.10366],[-71.21465,45.10429],[-71.21436,45.10443],[-71.21415,45.10497],[-71.21385,45.10508],[-71.21397,45.10548],[-71.21375,45.10619],[-71.21343,45.10663],[-71.21344,45.10717],[-71.21381,45.10755],[-71.21354,45.10802],[-71.21368,45.10827],[-71.2132,45.1085],[-71.2132,45.10867],[-71.21285,45.1089],[-71.21279,45.10919],[-71.21302,45.10949],[-71.21342,45.10966],[-71.21308,45.10987],[-71.21302,45.11027],[-71.21412,45.11168],[-71.2143,45.1122],[-71.21406,45.11277],[-71.21351,45.11323],[-71.21511,45.11438],[-71.21353,45.11515],[-71.21234,45.11598],[-71.20964,45.11674],[-71.20909,45.11737],[-71.20797,45.11774],[-71.20504,45.11954],[-71.20487,45.12097],[-71.20501,45.12143],[-71.20474,45.12169],[-71.2043,45.12165],[-71.20223,45.11982],[-71.19596,45.11922],[-71.19009,45.11955],[-71.18621,45.12194],[-71.18655,45.12486],[-71.18461,45.12645],[-71.18171,45.12693],[-71.18162,45.12509],[-71.18039,45.12508],[-71.18,45.12489],[-71.17676,45.12466],[-71.17547,45.12417],[-71.17507,45.12421],[-71.17461,45.12465],[-71.17424,45.12531],[-71.1735,45.12541],[-71.17276,45.12523],[-71.17152,45.12536],[-71.17148,45.12548],[-71.17329,45.12721],[-71.17455,45.12755],[-71.17496,45.1278],[-71.1749,45.12822],[-71.17459,45.12855],[-71.17462,45.12905],[-71.17537,45.12972],[-71.17525,45.13015],[-71.17467,45.12999],[-71.17428,45.13021],[-71.17436,45.13044],[-71.17476,45.1304],[-71.17494,45.13051],[-71.17472,45.13088],[-71.17402,45.13131],[-71.17384,45.13196],[-71.17301,45.13241],[-71.17277,45.13297],[-71.17321,45.134],[-71.17315,45.13433],[-71.17258,45.13368],[-71.17216,45.13264],[-71.17174,45.13251],[-71.17116,45.13261],[-71.17035,45.13257],[-71.17047,45.13284],[-71.17013,45.13302],[-71.1701,45.1333],[-71.16922,45.13371],[-71.16915,45.13435],[-71.16894,45.13452],[-71.16881,45.13516],[-71.16908,45.13587],[-71.16901,45.13685],[-71.16821,45.13759],[-71.16733,45.13794],[-71.16701,45.13826],[-71.167,45.13863],[-71.16654,45.13925],[-71.16625,45.14009],[-71.16503,45.14204],[-71.1652,45.14373],[-71.16496,45.14472],[-71.16512,45.14533],[-71.16501,45.14748],[-71.1647,45.14781],[-71.16451,45.14869],[-71.16357,45.14978],[-71.16184,45.15059],[-71.15766,45.15118],[-71.15766,45.15146],[-71.1574,45.15166],[-71.1573,45.15136],[-71.15707,45.15134],[-71.15683,45.15205],[-71.15612,45.15294],[-71.15643,45.15504],[-71.15596,45.15553],[-71.1555,45.15704],[-71.15495,45.15769],[-71.15412,45.15829],[-71.15374,45.15883],[-71.15314,45.15914],[-71.15299,45.15953],[-71.15264,45.15967],[-71.15205,45.15955],[-71.1519,45.15962],[-71.15226,45.15974],[-71.15257,45.16002],[-71.15311,45.1602],[-71.15337,45.16012],[-71.15386,45.16053],[-71.15403,45.161],[-71.15395,45.16127],[-71.15458,45.16264],[-71.15568,45.16439],[-71.158,45.16542],[-71.15862,45.16636],[-71.15886,45.16646],[-71.15966,45.16642],[-71.16067,45.16661],[-71.1617,45.16704],[-71.16264,45.1686],[-71.16251,45.16872],[-71.16268,45.16889],[-71.16259,45.16909],[-71.16329,45.17014],[-71.16291,45.17088],[-71.16307,45.17114],[-71.16295,45.17145],[-71.16303,45.17188],[-71.16385,45.17231],[-71.16456,45.17337],[-71.14713,45.17437],[-71.11781,45.16667],[-71.09466,45.17454],[-71.1011,45.18875],[-71.07444,45.20365],[-71.07192,45.1758],[-71.07202,45.17516],[-71.06646,45.10741],[-71.06123,45.03823],[-71.05959,45.01459],[-71.17074,45.02902],[-71.17485,45.01356],[-71.18847,44.95951],[-71.2243,44.96441],[-71.29001,44.97386],[-71.29098,44.96973],[-71.30121,44.97104],[-71.30006,44.97535],[-71.31085,44.97689],[-71.31383,44.96671],[-71.29497,44.96423],[-71.29751,44.95664],[-71.30499,44.95747],[-71.30633,44.95275],[-71.3073,44.95289],[-71.30775,44.95411],[-71.30773,44.95508],[-71.30796,44.9563],[-71.30998,44.95705],[-71.31056,44.95769],[-71.31166,44.95849],[-71.31184,44.95884],[-71.31203,44.95887],[-71.31244,44.95848],[-71.31267,44.95862],[-71.31305,44.95844],[-71.31316,44.95905],[-71.31405,44.95966],[-71.31482,44.95911],[-71.31571,44.9579],[-71.31639,44.95733],[-71.31807,44.95663],[-71.31928,44.9568],[-71.31914,44.95591],[-71.31831,44.95541],[-71.31891,44.95473],[-71.32722,44.95592],[-71.32847,44.95157],[-71.33908,44.95314],[-71.33789,44.95739],[-71.35874,44.96022],[-71.36007,44.95554],[-71.37084,44.95687],[-71.36737,44.96929],[-71.35734,44.96792],[-71.35526,44.97798],[-71.37525,44.9808],[-71.3739,44.98561],[-71.3616,44.98399],[-71.35714,45.00042],[-71.36632,45.00184],[-71.36447,45.00859],[-71.39833,45.01274],[-71.39342,45.03187],[-71.37662,45.02983],[-71.37849,45.02197],[-71.34364,45.01776],[-71.34172,45.02621],[-71.342,45.02636],[-71.34234,45.02696]],[[-71.32397,44.96843],[-71.32524,44.96326],[-71.31488,44.96198],[-71.31383,44.96671],[-71.32397,44.96843]],[[-71.38674,45.02321],[-71.3882,45.01749],[-71.37992,45.0165],[-71.37849,45.02197],[-71.38674,45.02321]],[[-71.34702,44.96648],[-71.33592,44.96517],[-71.33221,44.97981],[-71.34373,44.98155],[-71.34702,44.96648]],[[-71.33644,45.00492],[-71.33951,44.99272],[-71.32906,44.99142],[-71.32606,45.00394],[-71.33644,45.00492]],[[-71.16373,45.063],[-71.16275,45.06244],[-71.16202,45.06275],[-71.16186,45.06238],[-71.16071,45.06177],[-71.16185,45.06548],[-71.16249,45.06433],[-71.1623,45.06364],[-71.16373,45.063]]],[[[-71.27022,45.10709],[-71.26817,45.10751],[-71.26602,45.10845],[-71.26401,45.10913],[-71.2648,45.10623],[-71.27022,45.10709]]],[[[-71.27003,45.11203],[-71.26963,45.11141],[-71.26803,45.11003],[-71.26814,45.10925],[-71.26746,45.10815],[-71.26834,45.10776],[-71.27116,45.10721],[-71.26994,45.11264],[-71.2698,45.11256],[-71.27003,45.11203]]],[[[-71.23082,45.10635],[-71.23167,45.10628],[-71.23195,45.10604],[-71.23198,45.10669],[-71.23257,45.10677],[-71.23289,45.10667],[-71.2334,45.10596],[-71.23367,45.10611],[-71.23371,45.10641],[-71.23351,45.10668],[-71.23299,45.10697],[-71.23248,45.10767],[-71.23212,45.10853],[-71.23231,45.10892],[-71.23279,45.10922],[-71.23267,45.1094],[-71.23287,45.10948],[-71.23305,45.1092],[-71.23357,45.10908],[-71.23407,45.10913],[-71.23433,45.1089],[-71.23426,45.10831],[-71.23493,45.10705],[-71.23481,45.10624],[-71.23498,45.10538],[-71.23526,45.10534],[-71.23535,45.10518],[-71.2353,45.10497],[-71.23496,45.10509],[-71.23472,45.10503],[-71.2343,45.1042],[-71.2345,45.10413],[-71.23486,45.10432],[-71.23505,45.10375],[-71.23542,45.10391],[-71.23605,45.10378],[-71.23661,45.10396],[-71.23693,45.10462],[-71.23695,45.10541],[-71.23671,45.10584],[-71.23769,45.10612],[-71.23853,45.1069],[-71.2385,45.1073],[-71.23901,45.10707],[-71.23937,45.10649],[-71.24102,45.11177],[-71.23054,45.11322],[-71.23192,45.11794],[-71.23669,45.11781],[-71.23578,45.1186],[-71.23406,45.12144],[-71.23032,45.12521],[-71.22308,45.12803],[-71.21449,45.13228],[-71.21126,45.13311],[-71.20934,45.13312],[-71.2076,45.13327],[-71.20793,45.1328],[-71.20768,45.13272],[-71.20774,45.13254],[-71.20821,45.13243],[-71.20941,45.13076],[-71.20866,45.12893],[-71.20847,45.12791],[-71.20811,45.12753],[-71.20817,45.12666],[-71.20796,45.12484],[-71.20758,45.12415],[-71.20758,45.12321],[-71.20682,45.12202],[-71.20677,45.12109],[-71.20782,45.11937],[-71.20844,45.11924],[-71.21107,45.11791],[-71.2116,45.11752],[-71.21321,45.1169],[-71.21454,45.11674],[-71.21539,45.11725],[-71.21571,45.11731],[-71.21606,45.117],[-71.21666,45.11699],[-71.21704,45.1172],[-71.21733,45.11763],[-71.21689,45.11801],[-71.21632,45.11821],[-71.21621,45.11848],[-71.21633,45.11862],[-71.21684,45.11878],[-71.21753,45.1186],[-71.21792,45.11867],[-71.21922,45.11974],[-71.22018,45.12008],[-71.22057,45.12058],[-71.2214,45.12078],[-71.2224,45.12125],[-71.22337,45.12232],[-71.22428,45.12296],[-71.22441,45.1236],[-71.22526,45.12421],[-71.22581,45.12426],[-71.2259,45.12389],[-71.22636,45.12369],[-71.22688,45.12388],[-71.22707,45.12265],[-71.22659,45.12192],[-71.22655,45.12139],[-71.22636,45.12105],[-71.22568,45.12069],[-71.22465,45.11892],[-71.2248,45.11833],[-71.22465,45.11797],[-71.22494,45.11679],[-71.22476,45.11646],[-71.22477,45.11517],[-71.22489,45.11506],[-71.22479,45.11434],[-71.2239,45.11331],[-71.22376,45.11272],[-71.2239,45.11247],[-71.22358,45.11184],[-71.22332,45.11167],[-71.22294,45.11164],[-71.22279,45.11099],[-71.22306,45.11086],[-71.22372,45.11131],[-71.22414,45.11134],[-71.22529,45.11011],[-71.22519,45.10935],[-71.22617,45.10913],[-71.22624,45.10857],[-71.22676,45.10821],[-71.2268,45.10778],[-71.22705,45.1074],[-71.22838,45.10667],[-71.22842,45.10628],[-71.2286,45.10614],[-71.2289,45.10617],[-71.22883,45.10661],[-71.22915,45.10671],[-71.23056,45.10655],[-71.23082,45.10635]]],[[[-71.20428,45.12805],[-71.20498,45.12867],[-71.20487,45.12959],[-71.20544,45.12967],[-71.20645,45.12948],[-71.20638,45.13119],[-71.20215,45.1316],[-71.1944,45.13375],[-71.19201,45.13352],[-71.19139,45.13574],[-71.18755,45.13731],[-71.18699,45.14006],[-71.18269,45.14044],[-71.18185,45.12872],[-71.18449,45.1286],[-71.18646,45.12784],[-71.18956,45.12451],[-71.18845,45.12244],[-71.19191,45.12072],[-71.19407,45.1212],[-71.19803,45.12068],[-71.20138,45.12216],[-71.20481,45.12295],[-71.2047,45.12381],[-71.20452,45.12431],[-71.20422,45.12459],[-71.20404,45.12523],[-71.20407,45.12593],[-71.20437,45.1265],[-71.20428,45.12805]]],[[[-71.19891,45.13631],[-71.19197,45.13901],[-71.18926,45.13959],[-71.18917,45.13818],[-71.19318,45.13794],[-71.1947,45.13516],[-71.20337,45.13341],[-71.20598,45.13459],[-71.20357,45.13423],[-71.19891,45.13631]]],[[[-71.24785,45.26693],[-71.24855,45.26647],[-71.24892,45.26595],[-71.24953,45.26471],[-71.25034,45.26389],[-71.25087,45.26262],[-71.25107,45.26242],[-71.25206,45.26204],[-71.25209,45.2617],[-71.25248,45.26105],[-71.25612,45.25963],[-71.25716,45.25973],[-71.25774,45.25965],[-71.25797,45.25918],[-71.25834,45.25898],[-71.25884,45.25898],[-71.25957,45.25847],[-71.26117,45.25807],[-71.26265,45.25807],[-71.26421,45.25748],[-71.26621,45.2574],[-71.26722,45.25777],[-71.26813,45.25786],[-71.26952,45.25831],[-71.27074,45.25812],[-71.2714,45.25826],[-71.2721,45.25849],[-71.2723,45.25903],[-71.27303,45.25949],[-71.27438,45.25923],[-71.27759,45.25957],[-71.28006,45.2605],[-71.28039,45.26076],[-71.28154,45.26125],[-71.28225,45.26129],[-71.2665,45.2382],[-71.24843,45.22698],[-71.24789,45.21971],[-71.23395,45.21622],[-71.22968,45.21765],[-71.20301,45.22046],[-71.20266,45.20856],[-71.1992,45.20399],[-71.20117,45.20325],[-71.20058,45.20257],[-71.20024,45.20048],[-71.19882,45.1997],[-71.19859,45.19904],[-71.19994,45.19681],[-71.19977,45.19571],[-71.19835,45.19484],[-71.1982,45.19386],[-71.1973,45.19287],[-71.19414,45.19088],[-71.19317,45.18873],[-71.19134,45.18887],[-71.19045,45.18563],[-71.18594,45.18334],[-71.18506,45.18205],[-71.18585,45.17885],[-71.18704,45.17769],[-71.19273,45.17433],[-71.19141,45.17128],[-71.1935,45.16888],[-71.19198,45.1637],[-71.18873,45.16169],[-71.18817,45.15876],[-71.19024,45.15076],[-71.18763,45.14821],[-71.18705,45.14291],[-71.19347,45.14154],[-71.20066,45.13875],[-71.20647,45.13615],[-71.20934,45.13586],[-71.21196,45.13585],[-71.21629,45.13474],[-71.22514,45.13035],[-71.23297,45.12731],[-71.23747,45.12279],[-71.23913,45.12003],[-71.24282,45.11684],[-71.24356,45.12122],[-71.25362,45.12004],[-71.25151,45.11112],[-71.25242,45.11065],[-71.25365,45.11027],[-71.25493,45.11008],[-71.25764,45.11005],[-71.25785,45.11016],[-71.25876,45.11403],[-71.25912,45.11726],[-71.26194,45.11712],[-71.26391,45.10946],[-71.26713,45.10829],[-71.26775,45.1093],[-71.26764,45.1101],[-71.26962,45.11194],[-71.26939,45.11258],[-71.26957,45.11283],[-71.26988,45.11292],[-71.26867,45.11828],[-71.26827,45.11818],[-71.2676,45.12172],[-71.27329,45.12223],[-71.27319,45.12259],[-71.27393,45.12249],[-71.27383,45.12292],[-71.2812,45.12153],[-71.28559,45.12094],[-71.28552,45.12071],[-71.28569,45.12068],[-71.28447,45.11644],[-71.29433,45.11187],[-71.29585,45.1129],[-71.30003,45.11224],[-71.30175,45.11692],[-71.31451,45.11439],[-71.31501,45.11524],[-71.31529,45.11652],[-71.31626,45.11763],[-71.31585,45.11789],[-71.31359,45.11799],[-71.31272,45.11834],[-71.31246,45.11903],[-71.31252,45.11964],[-71.31299,45.12048],[-71.31308,45.12117],[-71.31236,45.12197],[-71.31096,45.12218],[-71.31024,45.12261],[-71.30902,45.12217],[-71.30868,45.12267],[-71.30758,45.12303],[-71.30752,45.12357],[-71.3068,45.12358],[-71.3067,45.12382],[-71.30703,45.12397],[-71.30698,45.12411],[-71.30662,45.12421],[-71.30631,45.12401],[-71.30607,45.12407],[-71.3053,45.12477],[-71.30517,45.12543],[-71.30561,45.12587],[-71.30521,45.1263],[-71.30531,45.1264],[-71.30605,45.12653],[-71.30626,45.12675],[-71.30557,45.12713],[-71.30519,45.12798],[-71.30466,45.12822],[-71.30442,45.12863],[-71.30424,45.12877],[-71.30356,45.12891],[-71.30362,45.12924],[-71.30349,45.12943],[-71.30248,45.12964],[-71.30223,45.13031],[-71.30192,45.1306],[-71.30149,45.1305],[-71.3013,45.13011],[-71.30085,45.13021],[-71.30142,45.13216],[-71.30112,45.13326],[-71.30047,45.13395],[-71.30015,45.13452],[-71.2993,45.13519],[-71.29928,45.13543],[-71.29983,45.13597],[-71.29992,45.13636],[-71.29932,45.13711],[-71.29904,45.1382],[-71.29872,45.13846],[-71.29792,45.13872],[-71.29775,45.13907],[-71.29776,45.14003],[-71.29739,45.14037],[-71.29685,45.14056],[-71.29659,45.14143],[-71.29547,45.14268],[-71.29524,45.14359],[-71.29427,45.14428],[-71.29367,45.14492],[-71.29182,45.14598],[-71.29118,45.1469],[-71.29132,45.14731],[-71.2909,45.14744],[-71.29094,45.14765],[-71.29075,45.14784],[-71.29097,45.14798],[-71.2916,45.1478],[-71.29168,45.14797],[-71.29144,45.14854],[-71.29071,45.14866],[-71.29069,45.14878],[-71.29111,45.1489],[-71.29111,45.14913],[-71.2903,45.14932],[-71.29013,45.14979],[-71.28969,45.14986],[-71.28974,45.15011],[-71.28899,45.15033],[-71.28854,45.1507],[-71.28799,45.15077],[-71.28786,45.15098],[-71.28738,45.15118],[-71.28735,45.15134],[-71.28782,45.15144],[-71.28767,45.15189],[-71.28742,45.15199],[-71.28698,45.1518],[-71.28664,45.15253],[-71.28622,45.1526],[-71.28558,45.15316],[-71.28521,45.15311],[-71.28482,45.15341],[-71.28417,45.15309],[-71.28354,45.15313],[-71.2826,45.15372],[-71.28239,45.15434],[-71.28243,45.15555],[-71.28214,45.15609],[-71.28157,45.1567],[-71.28147,45.15704],[-71.2813,45.15717],[-71.28098,45.15718],[-71.28087,45.15779],[-71.35539,45.14663],[-71.35739,45.14483],[-71.35848,45.14479],[-71.35891,45.14465],[-71.35886,45.14373],[-71.35908,45.14355],[-71.35952,45.14395],[-71.35988,45.14386],[-71.36048,45.14304],[-71.36021,45.14234],[-71.36028,45.14216],[-71.36117,45.1425],[-71.36145,45.14246],[-71.36133,45.14215],[-71.36043,45.1413],[-71.36028,45.14094],[-71.36119,45.13986],[-71.36101,45.13867],[-71.36116,45.1382],[-71.36169,45.13811],[-71.36334,45.13853],[-71.36379,45.13852],[-71.36408,45.13834],[-71.36318,45.1373],[-71.3624,45.13672],[-71.36234,45.13588],[-71.3625,45.13542],[-71.36396,45.1344],[-71.36445,45.13381],[-71.36614,45.13239],[-71.36781,45.13151],[-71.36936,45.12975],[-71.3694,45.12929],[-71.36912,45.12905],[-71.36776,45.1286],[-71.36743,45.12817],[-71.36767,45.12773],[-71.36917,45.12608],[-71.36929,45.12581],[-71.36917,45.12486],[-71.37071,45.12252],[-71.37194,45.12182],[-71.37252,45.12135],[-71.37287,45.12059],[-71.37278,45.12016],[-71.37228,45.11949],[-71.37218,45.11833],[-71.37307,45.11694],[-71.37458,45.11598],[-71.37559,45.11564],[-71.37898,45.11494],[-71.38096,45.11512],[-71.38328,45.11472],[-71.38354,45.11447],[-71.38366,45.11387],[-71.38327,45.11273],[-71.38189,45.11],[-71.38197,45.1097],[-71.38236,45.10931],[-71.38325,45.10886],[-71.38503,45.10849],[-71.38624,45.10836],[-71.38726,45.10844],[-71.38864,45.10833],[-71.38977,45.10851],[-71.39077,45.10808],[-71.39102,45.10778],[-71.38885,45.10252],[-71.3882,45.10254],[-71.38704,45.09792],[-71.39775,45.09587],[-71.3962,45.09135],[-71.4062,45.0899],[-71.40345,45.08044],[-71.40878,45.07958],[-71.41163,45.08896],[-71.41577,45.08819],[-71.41706,45.08721],[-71.41633,45.08465],[-71.42663,45.08023],[-71.42934,45.07856],[-71.46737,45.07744],[-71.46759,45.08068],[-71.4581,45.08086],[-71.4523,45.08593],[-71.46452,45.093],[-71.46425,45.0933],[-71.46401,45.09336],[-71.46301,45.09308],[-71.46208,45.09309],[-71.46094,45.09456],[-71.4606,45.09479],[-71.46007,45.09489],[-71.45903,45.09479],[-71.45835,45.09516],[-71.4586,45.09555],[-71.45927,45.09603],[-71.45944,45.09655],[-71.45859,45.09853],[-71.4583,45.09887],[-71.45764,45.09915],[-71.45622,45.09951],[-71.45595,45.09983],[-71.45567,45.10094],[-71.45533,45.10118],[-71.45355,45.10175],[-71.45259,45.10181],[-71.45207,45.10204],[-71.45094,45.10303],[-71.45076,45.10345],[-71.44929,45.10447],[-71.44919,45.10481],[-71.44952,45.10513],[-71.44917,45.10539],[-71.44893,45.10597],[-71.44905,45.10672],[-71.44922,45.10668],[-71.44972,45.10605],[-71.45008,45.10608],[-71.4499,45.10633],[-71.4503,45.10664],[-71.45035,45.10711],[-71.44981,45.10752],[-71.44939,45.10732],[-71.44862,45.1075],[-71.44863,45.10864],[-71.44869,45.10886],[-71.44961,45.10949],[-71.44992,45.10935],[-71.45053,45.10951],[-71.45029,45.10988],[-71.45043,45.11007],[-71.44912,45.11073],[-71.44893,45.11106],[-71.44847,45.11141],[-71.44869,45.11223],[-71.44775,45.11241],[-71.44582,45.11255],[-71.44516,45.1123],[-71.44457,45.1128],[-71.44411,45.11254],[-71.44331,45.11296],[-71.44239,45.11295],[-71.4416,45.11309],[-71.43994,45.11394],[-71.44076,45.11456],[-71.44011,45.11597],[-71.43854,45.1173],[-71.43739,45.1177],[-71.4363,45.11775],[-71.43547,45.11812],[-71.43517,45.11848],[-71.43558,45.1191],[-71.43466,45.11961],[-71.43287,45.11982],[-71.43245,45.12004],[-71.43177,45.12047],[-71.43124,45.12131],[-71.42949,45.12229],[-71.429,45.12318],[-71.42839,45.12367],[-71.42882,45.12405],[-71.42887,45.12477],[-71.42816,45.12498],[-71.42783,45.12585],[-71.42739,45.12595],[-71.42732,45.12631],[-71.42653,45.12701],[-71.42647,45.12732],[-71.42678,45.12825],[-71.4261,45.12947],[-71.42665,45.13],[-71.42718,45.12986],[-71.42784,45.13152],[-71.42813,45.13186],[-71.42798,45.13215],[-71.42737,45.13241],[-71.42803,45.13297],[-71.42777,45.13336],[-71.42832,45.13367],[-71.4285,45.13397],[-71.4284,45.13515],[-71.43111,45.1362],[-71.43145,45.13696],[-71.43217,45.13775],[-71.43244,45.13784],[-71.43242,45.138],[-71.43408,45.13862],[-71.43479,45.13924],[-71.43589,45.1397],[-71.43731,45.14123],[-71.43731,45.14149],[-71.43705,45.14198],[-71.43654,45.14217],[-71.43575,45.14167],[-71.43538,45.14166],[-71.43493,45.14379],[-71.43464,45.14377],[-71.43436,45.14398],[-71.43417,45.1446],[-71.43433,45.14527],[-71.4338,45.14542],[-71.43368,45.14516],[-71.43332,45.14528],[-71.43328,45.14568],[-71.43354,45.14651],[-71.4333,45.14693],[-71.43325,45.14765],[-71.43293,45.14845],[-71.43221,45.1489],[-71.4317,45.14947],[-71.43078,45.14959],[-71.43039,45.14979],[-71.43006,45.15061],[-71.4296,45.1508],[-71.4283,45.15099],[-71.42746,45.15147],[-71.4264,45.15267],[-71.42625,45.15447],[-71.42597,45.15494],[-71.42615,45.15534],[-71.42569,45.15603],[-71.4253,45.15609],[-71.42541,45.15653],[-71.42489,45.15658],[-71.42484,45.15673],[-71.42517,45.15683],[-71.42498,45.15726],[-71.42547,45.15751],[-71.42511,45.15802],[-71.42457,45.15832],[-71.42374,45.15941],[-71.42366,45.15968],[-71.42407,45.1599],[-71.42369,45.16017],[-71.42374,45.16029],[-71.42413,45.16037],[-71.42392,45.16055],[-71.42372,45.16046],[-71.42349,45.16067],[-71.42407,45.161],[-71.42412,45.16129],[-71.42396,45.16155],[-71.42366,45.16162],[-71.42343,45.16202],[-71.42389,45.16219],[-71.42372,45.16242],[-71.42408,45.16261],[-71.42437,45.16311],[-71.42378,45.16378],[-71.42346,45.16386],[-71.42369,45.16438],[-71.42344,45.16464],[-71.42378,45.16503],[-71.42402,45.16474],[-71.42479,45.16579],[-71.42467,45.16588],[-71.42413,45.16589],[-71.42391,45.16629],[-71.42362,45.16644],[-71.42307,45.1664],[-71.42305,45.16649],[-71.42281,45.16639],[-71.42258,45.16652],[-71.42247,45.1671],[-71.42206,45.16739],[-71.42144,45.1682],[-71.42142,45.16849],[-71.42032,45.16908],[-71.41962,45.16989],[-71.41867,45.17029],[-71.41845,45.17053],[-71.41882,45.17123],[-71.41865,45.17156],[-71.41788,45.17211],[-71.41809,45.17299],[-71.41769,45.17319],[-71.41774,45.17365],[-71.41738,45.17484],[-71.41634,45.17537],[-71.41599,45.17569],[-71.41556,45.17766],[-71.4141,45.17899],[-71.4145,45.17941],[-71.41436,45.18006],[-71.41456,45.18035],[-71.41468,45.18042],[-71.41535,45.18037],[-71.41573,45.18071],[-71.41524,45.18202],[-71.41539,45.18249],[-71.41484,45.18325],[-71.41445,45.18455],[-71.41341,45.18534],[-71.41177,45.18599],[-71.4107,45.1862],[-71.40927,45.1872],[-71.4085,45.18853],[-71.40779,45.18932],[-71.40727,45.18951],[-71.40694,45.18995],[-71.40684,45.19028],[-71.40736,45.1908],[-71.4074,45.19111],[-71.4072,45.19149],[-71.40648,45.19196],[-71.40636,45.19221],[-71.4066,45.19289],[-71.40628,45.19302],[-71.40581,45.19286],[-71.40535,45.19305],[-71.40494,45.19354],[-71.4047,45.19444],[-71.4042,45.19497],[-71.40503,45.19608],[-71.40504,45.19634],[-71.40477,45.19669],[-71.40545,45.19714],[-71.40566,45.19747],[-71.40527,45.19771],[-71.40496,45.19767],[-71.40435,45.19826],[-71.40356,45.19857],[-71.40277,45.19913],[-71.403,45.19919],[-71.40287,45.19926],[-71.403,45.1993],[-71.40293,45.19974],[-71.40258,45.19977],[-71.40187,45.2001],[-71.40109,45.19987],[-71.40074,45.1999],[-71.39997,45.20032],[-71.39986,45.20092],[-71.40015,45.20154],[-71.39952,45.20184],[-71.39878,45.202],[-71.39829,45.20229],[-71.39746,45.20314],[-71.39734,45.20352],[-71.39778,45.20449],[-71.39765,45.20532],[-71.39789,45.20563],[-71.39788,45.2061],[-71.39815,45.20622],[-71.39834,45.20703],[-71.39872,45.20709],[-71.3989,45.20758],[-71.39868,45.20773],[-71.39914,45.20795],[-71.39923,45.20825],[-71.39892,45.2085],[-71.39895,45.20875],[-71.39942,45.2089],[-71.39962,45.2092],[-71.39983,45.20923],[-71.3998,45.20934],[-71.40011,45.20953],[-71.39976,45.2097],[-71.39979,45.20983],[-71.40013,45.20987],[-71.40018,45.21026],[-71.40049,45.21036],[-71.40096,45.211],[-71.40156,45.2115],[-71.40155,45.21195],[-71.40189,45.21229],[-71.40197,45.2126],[-71.40192,45.21314],[-71.40174,45.21337],[-71.40211,45.21358],[-71.40202,45.21383],[-71.40217,45.21422],[-71.40261,45.21445],[-71.40312,45.2153],[-71.40478,45.21567],[-71.4051,45.21608],[-71.40556,45.21625],[-71.40589,45.21614],[-71.40676,45.21634],[-71.40763,45.21697],[-71.40826,45.21701],[-71.40942,45.21684],[-71.41026,45.21708],[-71.41046,45.21733],[-71.41129,45.21763],[-71.41195,45.21735],[-71.4129,45.21759],[-71.41322,45.21748],[-71.41377,45.21752],[-71.41546,45.2182],[-71.41602,45.21865],[-71.41577,45.21897],[-71.41603,45.21963],[-71.41685,45.22031],[-71.41696,45.22109],[-71.41741,45.22175],[-71.41846,45.22192],[-71.41903,45.2222],[-71.41923,45.22245],[-71.42005,45.22286],[-71.41995,45.22305],[-71.42042,45.22336],[-71.42077,45.22388],[-71.42121,45.22393],[-71.42201,45.22432],[-71.42219,45.2243],[-71.42246,45.22454],[-71.42341,45.22496],[-71.42379,45.22481],[-71.42451,45.22499],[-71.42542,45.22496],[-71.4259,45.22521],[-71.42654,45.22535],[-71.42646,45.22631],[-71.42982,45.22827],[-71.43066,45.22822],[-71.43096,45.22844],[-71.43119,45.22839],[-71.43163,45.22858],[-71.4316,45.22891],[-71.43186,45.22924],[-71.43263,45.22957],[-71.4331,45.23024],[-71.43358,45.23023],[-71.43481,45.23109],[-71.43534,45.23178],[-71.43565,45.2318],[-71.43582,45.23143],[-71.43664,45.23186],[-71.4367,45.23207],[-71.43742,45.23217],[-71.43789,45.23256],[-71.43835,45.23264],[-71.43837,45.233],[-71.43923,45.23372],[-71.43966,45.23452],[-71.44006,45.23468],[-71.44055,45.2351],[-71.44161,45.23522],[-71.44207,45.23507],[-71.4427,45.23508],[-71.44355,45.23491],[-71.44381,45.2352],[-71.44325,45.23598],[-71.44317,45.23622],[-71.44338,45.23674],[-71.44285,45.23825],[-71.44177,45.23864],[-71.44039,45.23858],[-71.43968,45.23907],[-71.43728,45.23877],[-71.43531,45.23811],[-71.43424,45.23841],[-71.43229,45.23693],[-71.43135,45.2364],[-71.43029,45.23623],[-71.42964,45.23592],[-71.42965,45.23508],[-71.42909,45.23393],[-71.42792,45.23387],[-71.42747,45.2342],[-71.42675,45.23411],[-71.42634,45.23362],[-71.42542,45.23328],[-71.42393,45.23363],[-71.42173,45.23279],[-71.42106,45.2322],[-71.41996,45.23276],[-71.4192,45.23402],[-71.41764,45.23498],[-71.41677,45.23576],[-71.41398,45.23609],[-71.41293,45.23584],[-71.41229,45.23687],[-71.41244,45.23783],[-71.41194,45.23867],[-71.41093,45.23908],[-71.40987,45.23894],[-71.40852,45.23926],[-71.40774,45.23998],[-71.40741,45.24123],[-71.40579,45.24183],[-71.40392,45.24204],[-71.40215,45.24257],[-71.39964,45.24206],[-71.39779,45.24208],[-71.39636,45.24185],[-71.39603,45.24169],[-71.39443,45.24086],[-71.39253,45.23943],[-71.3927,45.23871],[-71.3919,45.23755],[-71.39048,45.2364],[-71.38926,45.23495],[-71.38692,45.23389],[-71.3859,45.23305],[-71.38522,45.23304],[-71.38444,45.23336],[-71.38407,45.23352],[-71.3825,45.23532],[-71.3819,45.23686],[-71.38035,45.23864],[-71.37967,45.24069],[-71.37901,45.2414],[-71.37887,45.2428],[-71.37833,45.24346],[-71.37742,45.24377],[-71.37588,45.24511],[-71.3735,45.24539],[-71.37204,45.24621],[-71.36803,45.24633],[-71.36756,45.24665],[-71.36694,45.24735],[-71.36576,45.24736],[-71.36279,45.24826],[-71.36202,45.24917],[-71.35925,45.25052],[-71.35877,45.25092],[-71.35656,45.25386],[-71.35636,45.25468],[-71.35698,45.25531],[-71.35661,45.2566],[-71.3587,45.25946],[-71.35933,45.26211],[-71.3602,45.26313],[-71.3618,45.26448],[-71.36318,45.26672],[-71.36301,45.26734],[-71.36236,45.26769],[-71.36083,45.26885],[-71.3606,45.26982],[-71.36027,45.27026],[-71.35952,45.27004],[-71.35844,45.26942],[-71.35572,45.26857],[-71.35339,45.26857],[-71.35265,45.26867],[-71.35084,45.2695],[-71.35024,45.2695],[-71.34864,45.27076],[-71.34763,45.27195],[-71.34682,45.27198],[-71.3458,45.27144],[-71.34434,45.27121],[-71.34237,45.27121],[-71.34037,45.27204],[-71.33849,45.27249],[-71.33643,45.27271],[-71.33503,45.27349],[-71.33301,45.2758],[-71.33302,45.27691],[-71.33268,45.27732],[-71.33243,45.27817],[-71.33155,45.27893],[-71.33166,45.2795],[-71.33074,45.28023],[-71.329,45.28052],[-71.32851,45.28077],[-71.32656,45.28122],[-71.32465,45.28128],[-71.32084,45.28189],[-71.32035,45.28218],[-71.31965,45.28285],[-71.31913,45.28298],[-71.31866,45.28387],[-71.31733,45.28494],[-71.31701,45.28539],[-71.31574,45.28604],[-71.31539,45.28655],[-71.31438,45.28679],[-71.31363,45.28672],[-71.3129,45.28685],[-71.31122,45.28652],[-71.31022,45.28685],[-71.30904,45.28694],[-71.30759,45.28749],[-71.30698,45.28817],[-71.30631,45.28949],[-71.30639,45.28998],[-71.30497,45.29154],[-71.30445,45.29239],[-71.30298,45.29298],[-71.30266,45.2939],[-71.30181,45.29531],[-71.30051,45.2966],[-71.30004,45.29635],[-71.29944,45.29686],[-71.29879,45.29699],[-71.29623,45.2991],[-71.29529,45.29869],[-71.29448,45.29852],[-71.29336,45.2986],[-71.29276,45.29848],[-71.29134,45.29862],[-71.29098,45.29866],[-71.29064,45.29895],[-71.29052,45.29956],[-71.28982,45.29997],[-71.28873,45.30003],[-71.28788,45.30087],[-71.28701,45.30073],[-71.28576,45.30031],[-71.28478,45.30122],[-71.28419,45.30232],[-71.28357,45.30184],[-71.28309,45.30093],[-71.28371,45.30033],[-71.28357,45.29998],[-71.28223,45.29946],[-71.28201,45.29911],[-71.28215,45.29794],[-71.28271,45.29711],[-71.28127,45.29607],[-71.28086,45.29551],[-71.28089,45.29516],[-71.28049,45.29454],[-71.27916,45.29444],[-71.27825,45.29464],[-71.27785,45.2949],[-71.27732,45.29497],[-71.27668,45.29483],[-71.27581,45.29499],[-71.27483,45.29563],[-71.27425,45.29573],[-71.27382,45.29605],[-71.27265,45.29653],[-71.27195,45.29599],[-71.26998,45.29529],[-71.26905,45.29525],[-71.26699,45.29439],[-71.26626,45.29433],[-71.2649,45.29373],[-71.26447,45.29323],[-71.26564,45.29227],[-71.26617,45.29146],[-71.26578,45.2905],[-71.26592,45.28941],[-71.26517,45.28849],[-71.26482,45.2874],[-71.26427,45.28647],[-71.26396,45.2855],[-71.26399,45.28514],[-71.26376,45.2848],[-71.26393,45.28291],[-71.26369,45.28225],[-71.2633,45.28185],[-71.26352,45.28023],[-71.26276,45.27932],[-71.26298,45.27746],[-71.26222,45.27653],[-71.2623,45.276],[-71.26076,45.27526],[-71.26038,45.27484],[-71.25966,45.27453],[-71.25988,45.27389],[-71.25927,45.2728],[-71.25954,45.27242],[-71.25939,45.27203],[-71.25913,45.27186],[-71.25878,45.27183],[-71.25638,45.27317],[-71.25593,45.27289],[-71.25539,45.27193],[-71.25426,45.27159],[-71.25306,45.27101],[-71.25234,45.27049],[-71.25167,45.27021],[-71.25142,45.26982],[-71.25029,45.26959],[-71.25011,45.26915],[-71.24976,45.26901],[-71.24983,45.26866],[-71.24947,45.26802],[-71.24878,45.26784],[-71.24739,45.26863],[-71.24689,45.26849],[-71.24559,45.26878],[-71.24493,45.2682],[-71.24785,45.26693]],[[-71.26954,45.13108],[-71.26901,45.13145],[-71.26986,45.13242],[-71.27056,45.13164],[-71.26954,45.13108]],[[-71.26463,45.12952],[-71.26482,45.12859],[-71.26405,45.12764],[-71.26398,45.12706],[-71.26313,45.12694],[-71.26377,45.12832],[-71.26381,45.12916],[-71.26421,45.12963],[-71.26411,45.13024],[-71.26459,45.13076],[-71.26636,45.13167],[-71.26664,45.13205],[-71.26701,45.13161],[-71.26522,45.13045],[-71.26484,45.13002],[-71.26463,45.12952]],[[-71.27059,45.12687],[-71.27024,45.12723],[-71.27133,45.12803],[-71.27182,45.12761],[-71.27059,45.12687]],[[-71.26865,45.12602],[-71.2683,45.12615],[-71.2669,45.12615],[-71.26632,45.12599],[-71.26623,45.12585],[-71.26591,45.12597],[-71.26615,45.12634],[-71.26647,45.12651],[-71.26965,45.12691],[-71.2698,45.1262],[-71.26865,45.12602]]],[[[-71.09697,45.30217],[-71.09554,45.3022],[-71.09454,45.30252],[-71.09254,45.30387],[-71.09044,45.30414],[-71.08928,45.30472],[-71.08798,45.3046],[-71.08673,45.30469],[-71.08686,45.30504],[-71.08668,45.30521],[-71.08588,45.30533],[-71.08568,45.30572],[-71.0847,45.30565],[-71.08452,45.30551],[-71.08392,45.30542],[-71.07721,45.25031],[-71.07627,45.23412],[-71.08172,45.23479],[-71.0855,45.24161],[-71.09558,45.23579],[-71.12409,45.24141],[-71.12235,45.25944],[-71.12125,45.26026],[-71.12058,45.26113],[-71.1201,45.26151],[-71.11952,45.26163],[-71.11945,45.26207],[-71.11963,45.26253],[-71.11922,45.26309],[-71.12025,45.26365],[-71.11993,45.26418],[-71.12019,45.26513],[-71.11968,45.2664],[-71.11919,45.26706],[-71.11839,45.26773],[-71.11742,45.26831],[-71.11641,45.26946],[-71.11623,45.27043],[-71.1163,45.27143],[-71.11677,45.27267],[-71.11646,45.27317],[-71.1163,45.27405],[-71.11565,45.27445],[-71.11408,45.27491],[-71.11322,45.27476],[-71.1116,45.27562],[-71.11067,45.27533],[-71.10954,45.27612],[-71.10982,45.27671],[-71.1095,45.27704],[-71.10872,45.27703],[-71.10719,45.27833],[-71.1069,45.27963],[-71.10632,45.28],[-71.10623,45.28084],[-71.10641,45.28153],[-71.10593,45.28189],[-71.10544,45.28251],[-71.10544,45.28282],[-71.10831,45.28232],[-71.10917,45.28236],[-71.11007,45.28315],[-71.11029,45.28415],[-71.11092,45.28437],[-71.11021,45.28514],[-71.10899,45.28612],[-71.10786,45.28949],[-71.10707,45.28981],[-71.10646,45.29111],[-71.10591,45.29129],[-71.10463,45.29116],[-71.10416,45.29149],[-71.10393,45.29233],[-71.10407,45.29265],[-71.10516,45.29346],[-71.10539,45.29403],[-71.10527,45.29482],[-71.1022,45.29733],[-71.09955,45.29911],[-71.09877,45.30003],[-71.09822,45.30018],[-71.09814,45.30058],[-71.09839,45.30086],[-71.09817,45.30164],[-71.09749,45.30174],[-71.09731,45.30201],[-71.09697,45.30217]]]]},"properties":{"id":"p-005-001","name":"Connecticut Lakes Headwaters","status":"verified","acres":146165.9,"score":84}},{"type":"Feature","id":1,"geometry":{"type":"MultiPolygon","coordinates":[[[[-71.20934,45.13312],[-71.21126,45.13311],[-71.21449,45.13228],[-71.22308,45.12803],[-71.23032,45.12521],[-71.23406,45.12144],[-71.23578,45.1186],[-71.23694,45.1176],[-71.23958,45.11725],[-71.23713,45.11937],[-71.23563,45.12177],[-71.23351,45.12402],[-71.23144,45.12603],[-71.23039,45.12665],[-71.2233,45.1294],[-71.21433,45.13372],[-71.21064,45.13448],[-71.20949,45.13446],[-71.20688,45.13465],[-71.20711,45.13332],[-71.20934,45.13312]]],[[[-71.19197,45.13901],[-71.19891,45.13631],[-71.20357,45.13423],[-71.20657,45.13468],[-71.20534,45.13488],[-71.19984,45.13726],[-71.19274,45.14003],[-71.18903,45.14086],[-71.18926,45.13959],[-71.19197,45.13901]]],[[[-71.18624,45.15004],[-71.18723,45.15125],[-71.18744,45.15167],[-71.18744,45.15209],[-71.18542,45.15444],[-71.18609,45.15183],[-71.18371,45.14961],[-71.18359,45.1476],[-71.18624,45.15004]]],[[[-71.18388,45.15713],[-71.18375,45.15829],[-71.18527,45.16385],[-71.18567,45.16478],[-71.18643,45.16578],[-71.18632,45.16579],[-71.18532,45.16517],[-71.18478,45.16445],[-71.18407,45.16252],[-71.18401,45.16207],[-71.18429,45.16145],[-71.18368,45.16032],[-71.18345,45.15919],[-71.18365,45.1586],[-71.18338,45.15792],[-71.18353,45.15708],[-71.18321,45.15688],[-71.18338,45.15642],[-71.18431,45.15596],[-71.18448,45.156],[-71.18388,45.15713]]],[[[-71.18809,45.16799],[-71.18703,45.16686],[-71.18682,45.16631],[-71.18741,45.16706],[-71.18809,45.16799]]],[[[-71.18309,45.14215],[-71.1889,45.14157],[-71.18898,45.14114],[-71.19181,45.14057],[-71.19356,45.14005],[-71.20034,45.13738],[-71.20548,45.13513],[-71.20858,45.13475],[-71.21067,45.13476],[-71.21147,45.13465],[-71.21449,45.13397],[-71.21691,45.1329],[-71.22351,45.12963],[-71.23061,45.12688],[-71.23172,45.12621],[-71.23447,45.12353],[-71.23598,45.12189],[-71.23746,45.11951],[-71.24018,45.11718],[-71.24284,45.11683],[-71.23913,45.12003],[-71.23747,45.12279],[-71.23297,45.12731],[-71.22514,45.13035],[-71.21629,45.13474],[-71.21196,45.13585],[-71.20934,45.13586],[-71.20647,45.13615],[-71.20066,45.13875],[-71.19347,45.14154],[-71.18705,45.14291],[-71.18763,45.14821],[-71.19024,45.15076],[-71.18817,45.15876],[-71.18873,45.16169],[-71.19198,45.1637],[-71.1935,45.16888],[-71.19141,45.17128],[-71.19273,45.17433],[-71.18704,45.17769],[-71.18585,45.17885],[-71.18506,45.18205],[-71.18594,45.18334],[-71.19045,45.18563],[-71.19134,45.18887],[-71.19317,45.18873],[-71.19414,45.19088],[-71.1973,45.19287],[-71.1982,45.19386],[-71.19835,45.19484],[-71.19977,45.19571],[-71.19994,45.19681],[-71.19859,45.19904],[-71.19882,45.1997],[-71.20024,45.20048],[-71.20058,45.20257],[-71.20117,45.20325],[-71.1992,45.20399],[-71.20266,45.20856],[-71.20301,45.22046],[-71.19624,45.22958],[-71.19768,45.23009],[-71.19665,45.23095],[-71.19638,45.23192],[-71.1966,45.23224],[-71.19692,45.23242],[-71.19699,45.23291],[-71.19737,45.23343],[-71.19804,45.23358],[-71.19897,45.23327],[-71.19963,45.23324],[-71.20068,45.23275],[-71.20156,45.23209],[-71.20259,45.23163],[-71.20311,45.23095],[-71.20331,45.23087],[-71.204,45.23089],[-71.20514,45.23141],[-71.20566,45.2314],[-71.20716,45.23071],[-71.20811,45.23056],[-71.20869,45.23017],[-71.20906,45.23042],[-71.20953,45.23107],[-71.21005,45.23137],[-71.20924,45.23221],[-71.20818,45.23261],[-71.20766,45.23299],[-71.20661,45.23323],[-71.2057,45.2331],[-71.2054,45.23324],[-71.20552,45.23381],[-71.20617,45.23446],[-71.20594,45.23476],[-71.20566,45.23596],[-71.20511,45.23681],[-71.20501,45.23788],[-71.20513,45.23828],[-71.20537,45.23847],[-71.20538,45.23875],[-71.20566,45.2389],[-71.20534,45.23927],[-71.2054,45.23947],[-71.20474,45.24088],[-71.20488,45.24117],[-71.20527,45.24123],[-71.20555,45.24149],[-71.20545,45.2422],[-71.20564,45.24259],[-71.20471,45.24314],[-71.20448,45.24394],[-71.20347,45.24467],[-71.20334,45.2449],[-71.20342,45.24546],[-71.20317,45.24572],[-71.20261,45.24535],[-71.20204,45.24561],[-71.20158,45.2455],[-71.20097,45.2457],[-71.2002,45.24624],[-71.19869,45.24793],[-71.20578,45.25162],[-71.20251,45.25085],[-71.20209,45.25174],[-71.20019,45.2506],[-71.19764,45.24879],[-71.19724,45.24813],[-71.197,45.24711],[-71.1971,45.24227],[-71.19663,45.24053],[-71.19517,45.23776],[-71.19436,45.23611],[-71.19382,45.23464],[-71.19364,45.23364],[-71.19392,45.2316],[-71.1946,45.2303],[-71.19648,45.22789],[-71.19801,45.22543],[-71.20044,45.22125],[-71.201,45.21992],[-71.20108,45.21385],[-71.20102,45.20931],[-71.20089,45.2087],[-71.20046,45.20795],[-71.195,45.20222],[-71.19353,45.19993],[-71.19272,45.19791],[-71.19007,45.18877],[-71.18954,45.18768],[-71.1886,45.18694],[-71.18492,45.18569],[-71.18427,45.18534],[-71.18333,45.18447],[-71.18281,45.18328],[-71.18223,45.18073],[-71.1824,45.17923],[-71.18319,45.17803],[-71.18397,45.17732],[-71.18727,45.1749],[-71.18781,45.17425],[-71.18807,45.17316],[-71.18789,45.17109],[-71.18876,45.1694],[-71.18887,45.16889],[-71.18871,45.16829],[-71.18837,45.16776],[-71.187,45.16596],[-71.18708,45.16582],[-71.18682,45.16571],[-71.18603,45.16466],[-71.18575,45.16411],[-71.1841,45.15791],[-71.1846,45.1565],[-71.1849,45.156],[-71.18516,45.15592],[-71.18526,45.15537],[-71.18596,45.1543],[-71.18774,45.15216],[-71.18779,45.15157],[-71.18728,45.1507],[-71.18603,45.14929],[-71.18351,45.14715],[-71.18309,45.14215]],[[-71.19383,45.19527],[-71.19289,45.19485],[-71.19289,45.19496],[-71.19355,45.19536],[-71.19337,45.19608],[-71.19371,45.19668],[-71.19511,45.19838],[-71.19678,45.20075],[-71.19721,45.20111],[-71.19833,45.20103],[-71.19862,45.20113],[-71.19883,45.20138],[-71.19896,45.20204],[-71.19907,45.20144],[-71.19877,45.20098],[-71.19763,45.20097],[-71.19739,45.20078],[-71.19746,45.20012],[-71.19694,45.19931],[-71.19751,45.19903],[-71.19762,45.19883],[-71.19769,45.19855],[-71.19741,45.19815],[-71.19728,45.19802],[-71.1973,45.19846],[-71.19712,45.19866],[-71.19643,45.19828],[-71.19612,45.19702],[-71.19575,45.19681],[-71.19472,45.19679],[-71.19426,45.19618],[-71.19448,45.19612],[-71.19527,45.19628],[-71.19543,45.19617],[-71.19543,45.1957],[-71.19645,45.1944],[-71.19648,45.19418],[-71.19613,45.19399],[-71.19589,45.19339],[-71.19457,45.19368],[-71.19498,45.19404],[-71.19496,45.19477],[-71.19445,45.19518],[-71.19383,45.19527]],[[-71.19943,45.24682],[-71.19982,45.24612],[-71.2016,45.24475],[-71.20291,45.24449],[-71.20348,45.24422],[-71.20409,45.24366],[-71.20434,45.243],[-71.20529,45.24186],[-71.20506,45.24147],[-71.20457,45.24118],[-71.20446,45.24097],[-71.20508,45.23905],[-71.20479,45.23833],[-71.20476,45.2371],[-71.20506,45.23596],[-71.20563,45.23494],[-71.20486,45.23281],[-71.20507,45.23252],[-71.20613,45.23277],[-71.2068,45.23267],[-71.20707,45.23253],[-71.20726,45.23213],[-71.20816,45.2319],[-71.20854,45.23125],[-71.20847,45.23101],[-71.20816,45.23175],[-71.20731,45.23195],[-71.20638,45.23261],[-71.20568,45.23247],[-71.20406,45.23184],[-71.2037,45.23208],[-71.20256,45.23219],[-71.2017,45.23278],[-71.20112,45.23286],[-71.19992,45.23382],[-71.1993,45.2338],[-71.19876,45.23347],[-71.19781,45.23398],[-71.19657,45.23337],[-71.19533,45.23217],[-71.19521,45.23185],[-71.19533,45.23155],[-71.19599,45.23123],[-71.19595,45.23112],[-71.1952,45.23091],[-71.19495,45.23199],[-71.19544,45.23253],[-71.19533,45.23288],[-71.19553,45.2333],[-71.19547,45.23447],[-71.19575,45.23566],[-71.19522,45.23674],[-71.19526,45.23781],[-71.19567,45.23868],[-71.19626,45.23907],[-71.19647,45.23937],[-71.19695,45.24086],[-71.19748,45.24185],[-71.19758,45.24238],[-71.19738,45.24477],[-71.19775,45.24657],[-71.1979,45.24675],[-71.19855,45.24693],[-71.19921,45.24696],[-71.19943,45.24682]]],[[[-71.19247,45.24157],[-71.18859,45.23185],[-71.19196,45.22946],[-71.19915,45.21993],[-71.19892,45.20933],[-71.18961,45.19719],[-71.18721,45.18731],[-71.18235,45.18544],[-71.18115,45.18243],[-71.18107,45.18156],[-71.18137,45.18033],[-71.18145,45.178],[-71.18194,45.17673],[-71.18176,45.176],[-71.18193,45.17571],[-71.18243,45.17563],[-71.18303,45.17579],[-71.18419,45.17569],[-71.18486,45.17524],[-71.18582,45.17487],[-71.18678,45.1748],[-71.18699,45.17466],[-71.18739,45.17296],[-71.18699,45.17173],[-71.18726,45.17013],[-71.1877,45.16929],[-71.18837,45.16871],[-71.18831,45.16832],[-71.18847,45.16889],[-71.18838,45.16933],[-71.18751,45.17105],[-71.18768,45.17315],[-71.18745,45.17415],[-71.18697,45.17472],[-71.18368,45.17714],[-71.18287,45.17788],[-71.18202,45.17917],[-71.18184,45.18075],[-71.18243,45.18334],[-71.18299,45.1846],[-71.18399,45.18553],[-71.18471,45.18592],[-71.18837,45.18716],[-71.18921,45.18782],[-71.18969,45.18883],[-71.19234,45.19797],[-71.19317,45.20002],[-71.19466,45.20236],[-71.20012,45.20808],[-71.20051,45.20877],[-71.20069,45.21385],[-71.20062,45.21987],[-71.20007,45.22115],[-71.19766,45.22533],[-71.19613,45.22777],[-71.19424,45.23019],[-71.19355,45.23153],[-71.19328,45.2327],[-71.19325,45.23366],[-71.19344,45.23469],[-71.19399,45.23619],[-71.19625,45.2406],[-71.19671,45.24229],[-71.19661,45.24713],[-71.19686,45.24821],[-71.1973,45.24894],[-71.19786,45.24942],[-71.20196,45.25202],[-71.20182,45.25231],[-71.2046,45.25296],[-71.20389,45.25313],[-71.20379,45.25351],[-71.20359,45.25361],[-71.19294,45.24918],[-71.19247,45.24157]]],[[[-71.20719,45.253],[-71.20593,45.25263],[-71.20628,45.25187],[-71.20755,45.25254],[-71.20719,45.253]]]]},"properties":{"id":"p-006-001","name":"Connecticut Lakes State Forest","status":"verified","acres":1530.5,"score":43}},{"type":"Feature","id":2,"geometry":{"type":"Polygon","coordinates":[[[-71.21694,45.25041],[-71.21494,45.25039],[-71.21422,45.25068],[-71.21378,45.25065],[-71.21266,45.2501],[-71.21231,45.25032],[-71.21166,45.25013],[-71.21115,45.25019],[-71.21343,45.24624],[-71.21962,45.24581],[-71.221,45.24859],[-71.21954,45.25055],[-71.21863,45.25048],[-71.21814,45.25097],[-71.21765,45.25104],[-71.2175,45.25078],[-71.21694,45.25041]]]},"properties":{"id":"p-006-002","name":"Fourth Connecticut Lake Preserve","status":"unknown","acres":77.4,"score":54}},{"type":"Feature","id":3,"geometry":{"type":"MultiPolygon","coordinates":[[[[-71.16337,45.17803],[-71.16269,45.17871],[-71.16212,45.1784],[-71.16285,45.1777],[-71.16337,45.17803]]],[[[-71.11847,45.19094],[-71.1196,45.19212],[-71.12041,45.19146],[-71.12044,45.19101],[-71.121,45.19045],[-71.12119,45.19051],[-71.12143,45.19101],[-71.12166,45.19076],[-71.1221,45.19078],[-71.12227,45.19058],[-71.12238,45.19076],[-71.1227,45.19075],[-71.12279,45.19062],[-71.12261,45.19021],[-71.12293,45.19015],[-71.12329,45.19027],[-71.12332,45.18995],[-71.1238,45.18998],[-71.12383,45.18969],[-71.12418,45.18979],[-71.12428,45.18953],[-71.12445,45.18953],[-71.12453,45.18969],[-71.12465,45.18952],[-71.12453,45.18936],[-71.12468,45.1893],[-71.12489,45.18934],[-71.12495,45.18969],[-71.12523,45.18963],[-71.12531,45.18942],[-71.12566,45.18943],[-71.12579,45.18959],[-71.12563,45.18978],[-71.12578,45.18982],[-71.12628,45.18961],[-71.12631,45.18949],[-71.12598,45.18923],[-71.12613,45.18916],[-71.12663,45.18965],[-71.12692,45.18965],[-71.12723,45.1895],[-71.12721,45.18921],[-71.12778,45.18882],[-71.12775,45.1887],[-71.12737,45.18865],[-71.12732,45.18849],[-71.12817,45.1885],[-71.1284,45.1883],[-71.1286,45.18855],[-71.129,45.18872],[-71.12932,45.18949],[-71.12955,45.18946],[-71.12991,45.18906],[-71.13066,45.18899],[-71.13262,45.18995],[-71.13277,45.19033],[-71.13258,45.19058],[-71.13298,45.19072],[-71.13323,45.19063],[-71.13348,45.19077],[-71.13391,45.19075],[-71.13405,45.19037],[-71.13437,45.19049],[-71.13458,45.19021],[-71.13474,45.19035],[-71.13529,45.19027],[-71.13567,45.1904],[-71.13625,45.1904],[-71.13648,45.19014],[-71.13716,45.1905],[-71.13733,45.19016],[-71.13747,45.19014],[-71.13783,45.19024],[-71.13764,45.19049],[-71.13776,45.19078],[-71.13811,45.1906],[-71.13831,45.19087],[-71.1387,45.19063],[-71.13876,45.19083],[-71.13899,45.19088],[-71.13895,45.19046],[-71.1391,45.19037],[-71.13942,45.19075],[-71.13956,45.19042],[-71.14012,45.19039],[-71.14012,45.19014],[-71.14058,45.1903],[-71.14061,45.18993],[-71.14021,45.18974],[-71.14043,45.18955],[-71.13977,45.18937],[-71.14012,45.18921],[-71.14015,45.18892],[-71.14052,45.18875],[-71.14087,45.18875],[-71.1413,45.189],[-71.14261,45.18927],[-71.14389,45.18996],[-71.14423,45.19043],[-71.14423,45.18989],[-71.14325,45.18936],[-71.14247,45.18847],[-71.14165,45.18832],[-71.1414,45.18739],[-71.14157,45.18699],[-71.14203,45.18686],[-71.14269,45.18632],[-71.14414,45.18609],[-71.14491,45.18618],[-71.14675,45.18666],[-71.14691,45.18681],[-71.14668,45.18702],[-71.14673,45.18715],[-71.14786,45.18784],[-71.14923,45.18746],[-71.14958,45.18772],[-71.15024,45.19029],[-71.14282,45.19526],[-71.13647,45.19504],[-71.1314,45.19345],[-71.12559,45.19539],[-71.12259,45.19727],[-71.11736,45.19786],[-71.1162,45.19716],[-71.11546,45.19611],[-71.11522,45.195],[-71.11419,45.19374],[-71.11411,45.19263],[-71.11847,45.19094]]]]},"properties":{"id":"p-006-003","name":"Norton Pool Preserve","status":"unknown","acres":422.9,"score":60}},{"type":"Feature","id":4,"geometry":{"type":"MultiPolygon","coordinates":[[[[-71.24002,45.06617],[-71.23559,45.03488],[-71.23636,45.03465],[-71.2378,45.03397],[-71.24036,45.03101],[-71.24393,45.02898],[-71.24455,45.02822],[-71.2464,45.02674],[-71.24736,45.02561],[-71.24809,45.02533],[-71.26206,45.02735],[-71.26765,45.03328],[-71.26767,45.03412],[-71.26705,45.03432],[-71.2665,45.03496],[-71.26688,45.03495],[-71.26708,45.03474],[-71.2679,45.03449],[-71.26888,45.03433],[-71.26906,45.03413],[-71.26948,45.03457],[-71.2694,45.03406],[-71.26951,45.03391],[-71.27245,45.03279],[-71.27391,45.03264],[-71.27579,45.03329],[-71.27706,45.03405],[-71.27958,45.03491],[-71.28056,45.03538],[-71.28296,45.03588],[-71.28447,45.036],[-71.28569,45.03636],[-71.2863,45.03641],[-71.28653,45.03666],[-71.28615,45.03721],[-71.28614,45.03766],[-71.2891,45.03889],[-71.29017,45.03908],[-71.291,45.03954],[-71.29133,45.04008],[-71.29231,45.04076],[-71.29243,45.041],[-71.29203,45.04175],[-71.29216,45.04252],[-71.29181,45.04375],[-71.29255,45.04391],[-71.29321,45.04449],[-71.29356,45.04446],[-71.29398,45.04403],[-71.29471,45.04383],[-71.29605,45.044],[-71.29652,45.04442],[-71.29669,45.04562],[-71.29281,45.04512],[-71.28952,45.05546],[-71.2783,45.06785],[-71.26187,45.06805],[-71.26131,45.06791],[-71.26092,45.06854],[-71.25989,45.06923],[-71.259,45.0695],[-71.25825,45.06946],[-71.25788,45.06926],[-71.25556,45.0658],[-71.25117,45.06313],[-71.24497,45.06642],[-71.24002,45.06617]]],[[[-71.18692,45.24436],[-71.18607,45.24418],[-71.18539,45.24429],[-71.18487,45.23191],[-71.18787,45.21999],[-71.18585,45.2055],[-71.18384,45.1957],[-71.18243,45.1861],[-71.18136,45.1847],[-71.17979,45.18365],[-71.17945,45.1833],[-71.17985,45.18259],[-71.18108,45.18178],[-71.18115,45.18243],[-71.18235,45.18544],[-71.18721,45.18731],[-71.18961,45.19719],[-71.19892,45.20933],[-71.19915,45.21992],[-71.19196,45.22946],[-71.18859,45.23185],[-71.19245,45.24132],[-71.19294,45.24918],[-71.20358,45.25362],[-71.2024,45.25431],[-71.20076,45.25396],[-71.20035,45.25335],[-71.2,45.25328],[-71.1997,45.25357],[-71.19923,45.25358],[-71.19866,45.25423],[-71.19776,45.2539],[-71.19731,45.25389],[-71.19715,45.25414],[-71.19625,45.25391],[-71.19598,45.25341],[-71.19608,45.25306],[-71.1955,45.2528],[-71.19487,45.25186],[-71.19514,45.25127],[-71.19507,45.25113],[-71.19377,45.25033],[-71.19342,45.24987],[-71.19171,45.24959],[-71.19121,45.24938],[-71.19147,45.24889],[-71.19144,45.24846],[-71.19106,45.24788],[-71.19049,45.24768],[-71.18941,45.24755],[-71.18894,45.24775],[-71.18823,45.24772],[-71.18778,45.24759],[-71.18736,45.24659],[-71.18744,45.24629],[-71.18729,45.2459],[-71.18778,45.24506],[-71.18692,45.24436]]],[[[-71.22063,45.2507],[-71.21954,45.25055],[-71.221,45.24859],[-71.21962,45.24581],[-71.21343,45.24624],[-71.21091,45.25047],[-71.2105,45.25068],[-71.20969,45.25055],[-71.20903,45.25106],[-71.20836,45.25129],[-71.20805,45.25213],[-71.20755,45.25254],[-71.19869,45.24793],[-71.2002,45.24624],[-71.20097,45.2457],[-71.20158,45.2455],[-71.20204,45.24561],[-71.20261,45.24535],[-71.20317,45.24572],[-71.20342,45.24546],[-71.20334,45.2449],[-71.20347,45.24467],[-71.20448,45.24394],[-71.20471,45.24314],[-71.20564,45.24259],[-71.20545,45.2422],[-71.20555,45.24149],[-71.20527,45.24123],[-71.20488,45.24117],[-71.20474,45.24088],[-71.2054,45.23947],[-71.20534,45.23927],[-71.20566,45.2389],[-71.20538,45.23875],[-71.20537,45.23847],[-71.20513,45.23828],[-71.20501,45.23788],[-71.20511,45.23681],[-71.20566,45.23596],[-71.20594,45.23476],[-71.20617,45.23446],[-71.20552,45.23381],[-71.2054,45.23324],[-71.2057,45.2331],[-71.20661,45.23323],[-71.20766,45.23299],[-71.20818,45.23261],[-71.20924,45.23221],[-71.21005,45.23137],[-71.20953,45.23107],[-71.20906,45.23042],[-71.20869,45.23017],[-71.20811,45.23056],[-71.20716,45.23071],[-71.20566,45.2314],[-71.20514,45.23141],[-71.204,45.23089],[-71.20331,45.23087],[-71.20311,45.23095],[-71.20259,45.23163],[-71.20156,45.23209],[-71.20068,45.23275],[-71.19963,45.23324],[-71.19897,45.23327],[-71.19831,45.23352],[-71.19774,45.23358],[-71.19719,45.23323],[-71.19692,45.23242],[-71.1966,45.23224],[-71.19637,45.23179],[-71.19665,45.23095],[-71.19768,45.23009],[-71.19624,45.22958],[-71.20301,45.22046],[-71.22968,45.21765],[-71.23395,45.21622],[-71.24789,45.21971],[-71.24843,45.22698],[-71.2665,45.2382],[-71.28225,45.26129],[-71.28154,45.26125],[-71.28039,45.26076],[-71.28006,45.2605],[-71.27759,45.25957],[-71.27438,45.25923],[-71.27303,45.25949],[-71.2723,45.25903],[-71.2721,45.25849],[-71.2714,45.25826],[-71.27074,45.25812],[-71.26952,45.25831],[-71.26813,45.25786],[-71.26722,45.25777],[-71.26621,45.2574],[-71.26421,45.25748],[-71.26265,45.25807],[-71.26117,45.25807],[-71.25957,45.25847],[-71.25884,45.25898],[-71.25834,45.25898],[-71.25797,45.25918],[-71.25774,45.25965],[-71.25716,45.25973],[-71.25612,45.25963],[-71.25248,45.26105],[-71.25209,45.2617],[-71.25206,45.26204],[-71.25107,45.26242],[-71.25087,45.26262],[-71.25034,45.26389],[-71.24953,45.26471],[-71.24855,45.26647],[-71.24796,45.2669],[-71.24493,45.2682],[-71.24173,45.26494],[-71.23919,45.26333],[-71.23938,45.26159],[-71.23705,45.26136],[-71.23559,45.2609],[-71.23496,45.25961],[-71.23496,45.25919],[-71.2341,45.25829],[-71.23382,45.25778],[-71.2332,45.25753],[-71.2327,45.25691],[-71.2325,45.25523],[-71.23218,45.25462],[-71.23136,45.25389],[-71.23211,45.2525],[-71.23258,45.25191],[-71.23307,45.25174],[-71.23314,45.25146],[-71.23276,45.2509],[-71.23189,45.25093],[-71.23168,45.25074],[-71.23143,45.24984],[-71.23088,45.24936],[-71.22951,45.24916],[-71.22902,45.24948],[-71.22831,45.2493],[-71.22792,45.24971],[-71.22718,45.25001],[-71.22623,45.25118],[-71.2249,45.25171],[-71.22443,45.25201],[-71.22373,45.25215],[-71.22304,45.2525],[-71.22207,45.25335],[-71.2214,45.25301],[-71.22156,45.25216],[-71.22089,45.25193],[-71.22055,45.2513],[-71.22063,45.2507]]]]},"properties":{"id":"p-006-004-32000-fo","name":"Connecticut Lakes Natural Area","status":"verified","acres":10011.2,"score":63}},{"type":"Feature","id":5,"geometry":{"type":"Polygon","coordinates":[[[-71.12384,45.25836],[-71.12235,45.25944],[-71.12409,45.24141],[-71.09558,45.23579],[-71.0855,45.24161],[-71.08172,45.23479],[-71.07627,45.23412],[-71.07444,45.20365],[-71.1011,45.18875],[-71.09466,45.17454],[-71.11781,45.16667],[-71.14713,45.17437],[-71.16458,45.17337],[-71.16469,45.17354],[-71.16493,45.17357],[-71.16527,45.17345],[-71.16506,45.17319],[-71.16528,45.17307],[-71.16509,45.17272],[-71.16518,45.17214],[-71.16568,45.17101],[-71.16609,45.17063],[-71.16672,45.17047],[-71.16735,45.17058],[-71.16767,45.17053],[-71.16865,45.17013],[-71.16926,45.16978],[-71.16963,45.16933],[-71.17029,45.16918],[-71.17091,45.16876],[-71.17174,45.16856],[-71.17248,45.16882],[-71.17272,45.16828],[-71.17322,45.16824],[-71.17346,45.16848],[-71.17323,45.16902],[-71.17591,45.16934],[-71.17626,45.16983],[-71.17749,45.1704],[-71.17778,45.17118],[-71.17777,45.1714],[-71.17743,45.17166],[-71.1772,45.17218],[-71.17694,45.1731],[-71.17729,45.17355],[-71.17725,45.17542],[-71.17758,45.17572],[-71.17762,45.17639],[-71.17695,45.17848],[-71.17625,45.17922],[-71.17594,45.18013],[-71.17522,45.18115],[-71.17522,45.18301],[-71.17476,45.18405],[-71.17383,45.18504],[-71.17401,45.18536],[-71.1739,45.18585],[-71.17429,45.18573],[-71.17489,45.18523],[-71.17527,45.18534],[-71.1756,45.1858],[-71.17586,45.18589],[-71.17666,45.18531],[-71.17696,45.18527],[-71.17706,45.18552],[-71.17624,45.18629],[-71.17653,45.18639],[-71.17683,45.18632],[-71.17736,45.18599],[-71.17771,45.18595],[-71.17951,45.18429],[-71.18035,45.18423],[-71.18077,45.1843],[-71.18136,45.1847],[-71.18243,45.1861],[-71.18384,45.1957],[-71.18585,45.2055],[-71.18787,45.21999],[-71.18487,45.23191],[-71.18539,45.24429],[-71.18495,45.24503],[-71.18451,45.24484],[-71.18397,45.24489],[-71.18397,45.24358],[-71.18325,45.24339],[-71.18251,45.24247],[-71.18266,45.24217],[-71.18265,45.24157],[-71.1823,45.24126],[-71.18236,45.24057],[-71.18184,45.24016],[-71.18111,45.24013],[-71.1801,45.2399],[-71.17908,45.24108],[-71.17838,45.24133],[-71.17826,45.24196],[-71.17734,45.24304],[-71.17684,45.24397],[-71.1761,45.2442],[-71.17453,45.24542],[-71.17371,45.24566],[-71.1732,45.24625],[-71.17195,45.24596],[-71.17089,45.24594],[-71.17024,45.24649],[-71.16973,45.24636],[-71.16948,45.24658],[-71.16883,45.24622],[-71.16815,45.24697],[-71.16738,45.24701],[-71.16678,45.24741],[-71.16655,45.24776],[-71.16556,45.24846],[-71.16507,45.24902],[-71.16385,45.24886],[-71.1629,45.2496],[-71.16233,45.25032],[-71.15985,45.24876],[-71.15915,45.24878],[-71.15706,45.24815],[-71.15686,45.24795],[-71.15715,45.24743],[-71.15621,45.2474],[-71.15572,45.24689],[-71.15598,45.24642],[-71.15521,45.24639],[-71.15477,45.24604],[-71.1537,45.24574],[-71.15257,45.24487],[-71.15155,45.24443],[-71.15077,45.24373],[-71.14966,45.24347],[-71.14868,45.2429],[-71.14804,45.24243],[-71.14784,45.24147],[-71.14742,45.24114],[-71.14737,45.24088],[-71.14776,45.2406],[-71.14832,45.23968],[-71.14807,45.23945],[-71.14758,45.23939],[-71.14627,45.23967],[-71.14648,45.24018],[-71.14578,45.24117],[-71.14363,45.24247],[-71.14151,45.2425],[-71.1404,45.24274],[-71.13931,45.24275],[-71.13822,45.2435],[-71.1371,45.24382],[-71.1357,45.24369],[-71.13492,45.24377],[-71.13294,45.24446],[-71.131,45.24642],[-71.13074,45.24741],[-71.12988,45.24846],[-71.13013,45.24977],[-71.12965,45.25008],[-71.12941,45.25071],[-71.1297,45.2514],[-71.129,45.25237],[-71.12827,45.25299],[-71.12794,45.25369],[-71.12693,45.25416],[-71.12642,45.25383],[-71.12563,45.25456],[-71.12495,45.25444],[-71.12407,45.25521],[-71.12379,45.25597],[-71.12425,45.25751],[-71.12384,45.25836]],[[-71.11522,45.195],[-71.11546,45.19611],[-71.1162,45.19716],[-71.11736,45.19786],[-71.12259,45.19727],[-71.12559,45.19539],[-71.1314,45.19345],[-71.13647,45.19504],[-71.14282,45.19526],[-71.15024,45.19029],[-71.14958,45.18772],[-71.14911,45.18745],[-71.14819,45.1878],[-71.14774,45.1878],[-71.14673,45.18715],[-71.14668,45.18702],[-71.14691,45.18681],[-71.14675,45.18666],[-71.14491,45.18618],[-71.14414,45.18609],[-71.14269,45.18632],[-71.14215,45.18678],[-71.14168,45.18692],[-71.14145,45.18714],[-71.14157,45.18824],[-71.14177,45.18837],[-71.14247,45.18847],[-71.14325,45.18936],[-71.14423,45.18989],[-71.14429,45.19036],[-71.14417,45.1904],[-71.14389,45.18996],[-71.14261,45.18927],[-71.1413,45.189],[-71.14087,45.18875],[-71.14052,45.18875],[-71.14015,45.18892],[-71.14012,45.18921],[-71.13977,45.18937],[-71.14043,45.18955],[-71.14021,45.18974],[-71.14061,45.18993],[-71.14058,45.1903],[-71.14012,45.19014],[-71.14012,45.19039],[-71.13956,45.19042],[-71.13942,45.19075],[-71.1391,45.19037],[-71.13895,45.19046],[-71.13899,45.19088],[-71.13876,45.19083],[-71.1387,45.19063],[-71.13831,45.19087],[-71.13811,45.1906],[-71.13776,45.19078],[-71.13764,45.19049],[-71.13783,45.19024],[-71.13747,45.19014],[-71.13733,45.19016],[-71.13716,45.1905],[-71.13648,45.19014],[-71.13625,45.1904],[-71.13567,45.1904],[-71.13529,45.19027],[-71.13474,45.19035],[-71.13458,45.19021],[-71.13437,45.19049],[-71.13405,45.19037],[-71.13391,45.19075],[-71.13348,45.19077],[-71.13323,45.19063],[-71.13298,45.19072],[-71.13258,45.19058],[-71.13277,45.19033],[-71.13262,45.18995],[-71.13086,45.18906],[-71.12991,45.18906],[-71.12955,45.18946],[-71.12932,45.18949],[-71.129,45.18872],[-71.1286,45.18855],[-71.12853,45.18835],[-71.1284,45.1883],[-71.12817,45.1885],[-71.12732,45.18849],[-71.12737,45.18865],[-71.12775,45.1887],[-71.12778,45.18882],[-71.12721,45.18921],[-71.12723,45.1895],[-71.12692,45.18965],[-71.12663,45.18965],[-71.12613,45.18916],[-71.12598,45.18923],[-71.12631,45.18949],[-71.12628,45.18961],[-71.12578,45.18982],[-71.12563,45.18978],[-71.12579,45.18959],[-71.12566,45.18943],[-71.12531,45.18942],[-71.12523,45.18963],[-71.12495,45.18969],[-71.12489,45.18934],[-71.12468,45.1893],[-71.12453,45.18936],[-71.12465,45.18952],[-71.12453,45.18969],[-71.12445,45.18953],[-71.12428,45.18953],[-71.12418,45.18979],[-71.12383,45.18969],[-71.1238,45.18998],[-71.12332,45.18995],[-71.12329,45.19027],[-71.12293,45.19015],[-71.12261,45.19021],[-71.12279,45.19062],[-71.1227,45.19075],[-71.12238,45.19076],[-71.12227,45.19058],[-71.1221,45.19078],[-71.12166,45.19076],[-71.12143,45.19101],[-71.12119,45.19051],[-71.12085,45.19052],[-71.12044,45.19101],[-71.12041,45.19146],[-71.1196,45.19212],[-71.11847,45.19094],[-71.11411,45.19263],[-71.11419,45.19374],[-71.11522,45.195]],[[-71.16269,45.17871],[-71.16337,45.17803],[-71.16285,45.1777],[-71.16212,45.1784],[-71.16269,45.17871]]]},"properties":{"id":"p-006-004-32000-fo-2","name":"Connecticut Lakes Natural Area","status":"verified","acres":14989.0,"score":72}},{"type":"Feature","id":6,"geometry":{"type":"MultiPolygon","coordinates":[[[[-71.39666,45.05199],[-71.39551,45.05161],[-71.39468,45.05115],[-71.39336,45.05085],[-71.39296,45.05061],[-71.39262,45.05025],[-71.3923,45.04951],[-71.39202,45.04932],[-71.39154,45.04924],[-71.39174,45.04887],[-71.39198,45.04875],[-71.39207,45.04889],[-71.39231,45.04887],[-71.3923,45.04869],[-71.39339,45.04855],[-71.39502,45.04852],[-71.40042,45.04759],[-71.40529,45.04813],[-71.4058,45.05459],[-71.40505,45.05475],[-71.40319,45.05469],[-71.40212,45.05416],[-71.40145,45.05361],[-71.39871,45.05225],[-71.39766,45.05192],[-71.39666,45.05199]]],[[[-71.3891,45.04881],[-71.39003,45.04854],[-71.3908,45.04892],[-71.39083,45.04912],[-71.3905,45.04912],[-71.39021,45.04935],[-71.39036,45.04977],[-71.39079,45.04999],[-71.39108,45.05034],[-71.39101,45.05062],[-71.39074,45.05082],[-71.38944,45.05069],[-71.38854,45.05037],[-71.3891,45.04881]]],[[[-71.29429,45.08935],[-71.2913,45.08971],[-71.28959,45.09175],[-71.28773,45.09148],[-71.28941,45.09035],[-71.29072,45.08915],[-71.29153,45.08883],[-71.29413,45.08828],[-71.29429,45.08935]]],[[[-71.2876,45.10257],[-71.28672,45.10261],[-71.28677,45.10245],[-71.28746,45.10236],[-71.28802,45.10213],[-71.28861,45.10153],[-71.28869,45.10096],[-71.28829,45.09953],[-71.28896,45.10117],[-71.28876,45.10225],[-71.28805,45.10284],[-71.2876,45.10257]]],[[[-71.28624,45.10245],[-71.28656,45.10264],[-71.28516,45.10279],[-71.28533,45.10246],[-71.28624,45.10245]]],[[[-71.28435,45.10286],[-71.284,45.10251],[-71.28495,45.10246],[-71.28504,45.10275],[-71.28457,45.10275],[-71.28435,45.10286]]],[[[-71.26609,45.10363],[-71.26623,45.10326],[-71.26513,45.10262],[-71.26506,45.10222],[-71.2649,45.10218],[-71.2647,45.1023],[-71.2642,45.10223],[-71.2622,45.10054],[-71.262,45.09977],[-71.26174,45.09978],[-71.26181,45.09893],[-71.26203,45.09878],[-71.26387,45.09861],[-71.26522,45.09881],[-71.2657,45.09931],[-71.2662,45.09955],[-71.26553,45.10092],[-71.26582,45.10078],[-71.26604,45.10025],[-71.26623,45.10039],[-71.26691,45.09988],[-71.26507,45.10165],[-71.2651,45.10195],[-71.26714,45.10307],[-71.26757,45.10376],[-71.26667,45.10396],[-71.26609,45.10363]]],[[[-71.24005,45.0727],[-71.24036,45.07259],[-71.24113,45.07282],[-71.24105,45.07254],[-71.24127,45.07248],[-71.24138,45.0729],[-71.24166,45.07322],[-71.24193,45.07295],[-71.24213,45.07302],[-71.24216,45.07349],[-71.24233,45.07369],[-71.24192,45.07442],[-71.24143,45.07386],[-71.24079,45.07368],[-71.24039,45.07339],[-71.24005,45.0727]]],[[[-71.2378,45.10268],[-71.23811,45.1031],[-71.23787,45.1032],[-71.23755,45.10298],[-71.23736,45.10263],[-71.2378,45.10268]]],[[[-71.24814,45.1071],[-71.24998,45.10664],[-71.24968,45.10748],[-71.24893,45.10799],[-71.24814,45.1071]]],[[[-71.28438,45.09292],[-71.28361,45.09327],[-71.28367,45.09417],[-71.28483,45.09518],[-71.28494,45.09591],[-71.2853,45.09684],[-71.28556,45.09712],[-71.28645,45.09716],[-71.28713,45.09661],[-71.28723,45.09615],[-71.28754,45.09584],[-71.28795,45.09551],[-71.28845,45.09533],[-71.28805,45.0974],[-71.28798,45.09902],[-71.28841,45.10094],[-71.28836,45.10145],[-71.28785,45.10196],[-71.28716,45.10222],[-71.28426,45.10227],[-71.2836,45.10222],[-71.28722,45.10209],[-71.28756,45.10204],[-71.28794,45.10173],[-71.28812,45.10111],[-71.28779,45.10026],[-71.28762,45.09902],[-71.28771,45.09706],[-71.28789,45.09645],[-71.28778,45.09641],[-71.28732,45.09676],[-71.28688,45.09749],[-71.28641,45.09787],[-71.28596,45.09747],[-71.28544,45.09752],[-71.28458,45.09719],[-71.28405,45.09542],[-71.28381,45.09555],[-71.28333,45.09645],[-71.28295,45.0968],[-71.28273,45.09651],[-71.28266,45.09564],[-71.28251,45.0959],[-71.2826,45.09563],[-71.28247,45.09526],[-71.28295,45.09398],[-71.28303,45.09292],[-71.28362,45.09234],[-71.2839,45.09143],[-71.28409,45.09144],[-71.28421,45.09168],[-71.2844,45.09168],[-71.28462,45.09128],[-71.28484,45.09125],[-71.28504,45.09135],[-71.28519,45.09185],[-71.28543,45.09184],[-71.286,45.09136],[-71.2861,45.09085],[-71.28632,45.09084],[-71.2864,45.0913],[-71.28682,45.09125],[-71.28733,45.09075],[-71.28798,45.08973],[-71.28815,45.0897],[-71.28782,45.0904],[-71.28844,45.09018],[-71.28886,45.08977],[-71.28845,45.08792],[-71.28523,45.08713],[-71.28341,45.08715],[-71.28227,45.08752],[-71.28171,45.08787],[-71.28131,45.08834],[-71.27987,45.08904],[-71.27853,45.09001],[-71.27825,45.09026],[-71.27797,45.09113],[-71.2769,45.09217],[-71.27661,45.09291],[-71.27568,45.09364],[-71.27506,45.09383],[-71.27197,45.09408],[-71.27062,45.09404],[-71.26929,45.09384],[-71.26757,45.09322],[-71.26427,45.09237],[-71.2638,45.09194],[-71.26307,45.09056],[-71.26284,45.08937],[-71.263,45.0887],[-71.26206,45.08761],[-71.26182,45.08671],[-71.26159,45.0865],[-71.26122,45.0868],[-71.26068,45.08789],[-71.26046,45.08799],[-71.26029,45.08796],[-71.26001,45.08753],[-71.26009,45.08724],[-71.26041,45.08709],[-71.26063,45.08655],[-71.26001,45.08632],[-71.25957,45.08691],[-71.25932,45.0869],[-71.25926,45.08675],[-71.25967,45.08599],[-71.25987,45.08441],[-71.2592,45.08262],[-71.25919,45.08206],[-71.25899,45.08189],[-71.25916,45.08114],[-71.25896,45.08083],[-71.25898,45.0805],[-71.25922,45.07954],[-71.26001,45.07891],[-71.26031,45.07844],[-71.26039,45.07728],[-71.26024,45.0767],[-71.25985,45.07621],[-71.26017,45.07574],[-71.26026,45.07509],[-71.26111,45.07377],[-71.26204,45.07151],[-71.262,45.07048],[-71.2617,45.06997],[-71.26148,45.06881],[-71.26054,45.0695],[-71.25931,45.06993],[-71.25841,45.06999],[-71.25751,45.06984],[-71.25701,45.06935],[-71.25673,45.06935],[-71.2563,45.06909],[-71.25553,45.06921],[-71.2551,45.06904],[-71.25363,45.06768],[-71.25258,45.06713],[-71.25196,45.06757],[-71.25261,45.06864],[-71.2526,45.06903],[-71.25182,45.06914],[-71.25169,45.06937],[-71.25132,45.06929],[-71.25108,45.06962],[-71.25085,45.06908],[-71.25047,45.06899],[-71.25006,45.06909],[-71.2503,45.0695],[-71.25024,45.06989],[-71.25051,45.07006],[-71.24984,45.07066],[-71.24934,45.07055],[-71.24888,45.07066],[-71.24919,45.07096],[-71.24898,45.0716],[-71.24854,45.07157],[-71.24836,45.07114],[-71.24757,45.07105],[-71.24746,45.07131],[-71.24677,45.07127],[-71.24631,45.07187],[-71.24596,45.07182],[-71.24559,45.07216],[-71.2456,45.072],[-71.24517,45.0718],[-71.24514,45.07157],[-71.24486,45.07147],[-71.24472,45.07104],[-71.2446,45.07102],[-71.24458,45.07115],[-71.24437,45.07111],[-71.24434,45.07074],[-71.24347,45.07049],[-71.24337,45.07029],[-71.24293,45.07021],[-71.24293,45.06969],[-71.24251,45.06929],[-71.24234,45.06963],[-71.24208,45.06964],[-71.24146,45.06907],[-71.24095,45.06904],[-71.24091,45.06877],[-71.24047,45.06905],[-71.24032,45.0692],[-71.24053,45.06948],[-71.24028,45.06987],[-71.2405,45.07014],[-71.23989,45.07098],[-71.2392,45.07161],[-71.23927,45.07273],[-71.23866,45.07312],[-71.2382,45.0749],[-71.23764,45.0756],[-71.23644,45.07596],[-71.23652,45.07647],[-71.23603,45.07719],[-71.2364,45.07728],[-71.23641,45.07748],[-71.23617,45.07757],[-71.23626,45.07767],[-71.2361,45.07787],[-71.23574,45.07788],[-71.23555,45.0774],[-71.23517,45.07768],[-71.23524,45.07798],[-71.23573,45.07823],[-71.23576,45.07864],[-71.2361,45.07929],[-71.23553,45.08057],[-71.2358,45.08073],[-71.23618,45.08068],[-71.23646,45.08021],[-71.23665,45.08018],[-71.23702,45.08048],[-71.23694,45.08081],[-71.23761,45.08076],[-71.23768,45.08028],[-71.2375,45.07958],[-71.23775,45.07949],[-71.23785,45.07929],[-71.23876,45.07911],[-71.24016,45.07935],[-71.24107,45.07907],[-71.24121,45.07876],[-71.24319,45.07957],[-71.24331,45.07948],[-71.24327,45.07924],[-71.24373,45.07923],[-71.24396,45.07971],[-71.24457,45.07985],[-71.24485,45.08025],[-71.24506,45.08015],[-71.24538,45.08033],[-71.24542,45.08054],[-71.24508,45.08127],[-71.24547,45.08174],[-71.24601,45.08205],[-71.24543,45.08271],[-71.24526,45.08365],[-71.24483,45.08415],[-71.24455,45.0841],[-71.24368,45.08426],[-71.24334,45.08422],[-71.24309,45.0839],[-71.2426,45.08384],[-71.24258,45.08351],[-71.24216,45.08325],[-71.24171,45.08353],[-71.24144,45.08344],[-71.24095,45.08355],[-71.24027,45.08342],[-71.24001,45.08353],[-71.2399,45.08327],[-71.23961,45.08317],[-71.23928,45.08325],[-71.23907,45.0837],[-71.23901,45.08341],[-71.23861,45.08333],[-71.23843,45.08293],[-71.23784,45.08235],[-71.23729,45.08207],[-71.23699,45.08216],[-71.23706,45.08271],[-71.2364,45.08265],[-71.2364,45.08224],[-71.23679,45.08183],[-71.2369,45.08101],[-71.23659,45.08113],[-71.23652,45.08177],[-71.23595,45.08197],[-71.23534,45.08104],[-71.23508,45.08032],[-71.23423,45.08022],[-71.23366,45.07972],[-71.23353,45.08097],[-71.23303,45.08156],[-71.23229,45.0818],[-71.23162,45.08268],[-71.2315,45.08325],[-71.23109,45.08339],[-71.23112,45.0837],[-71.23053,45.08451],[-71.23026,45.08465],[-71.22926,45.08479],[-71.22886,45.08513],[-71.2285,45.08516],[-71.22792,45.08561],[-71.22784,45.08801],[-71.22763,45.08875],[-71.22778,45.08892],[-71.22796,45.09009],[-71.22771,45.09186],[-71.22569,45.09605],[-71.22514,45.09674],[-71.22497,45.09759],[-71.22435,45.09809],[-71.224,45.09882],[-71.2234,45.09931],[-71.22318,45.09975],[-71.22271,45.10018],[-71.22228,45.10029],[-71.22166,45.10074],[-71.22109,45.10092],[-71.22021,45.10159],[-71.21997,45.10195],[-71.21939,45.10217],[-71.21812,45.10237],[-71.21704,45.10334],[-71.21681,45.10385],[-71.21608,45.10415],[-71.21609,45.10446],[-71.21534,45.10587],[-71.21445,45.10655],[-71.21413,45.10708],[-71.21386,45.1072],[-71.21406,45.10748],[-71.21428,45.10844],[-71.21475,45.10876],[-71.2147,45.1091],[-71.21425,45.10947],[-71.2145,45.10976],[-71.21457,45.11045],[-71.2152,45.11129],[-71.21511,45.11144],[-71.21527,45.1118],[-71.21502,45.11192],[-71.21599,45.11219],[-71.21635,45.1126],[-71.21647,45.1131],[-71.21606,45.11334],[-71.21737,45.11382],[-71.21739,45.11402],[-71.21721,45.11428],[-71.21672,45.1145],[-71.21531,45.11463],[-71.21481,45.11478],[-71.21377,45.11538],[-71.21287,45.11626],[-71.2109,45.11709],[-71.21022,45.11775],[-71.20884,45.11823],[-71.20921,45.11828],[-71.20995,45.1181],[-71.21167,45.11724],[-71.2135,45.11663],[-71.21529,45.11638],[-71.21699,45.11639],[-71.21835,45.11712],[-71.21855,45.11716],[-71.21878,45.11694],[-71.21908,45.11691],[-71.21955,45.11711],[-71.21959,45.1176],[-71.21912,45.11782],[-71.21921,45.11821],[-71.22006,45.1191],[-71.221,45.11971],[-71.22119,45.12003],[-71.22214,45.12033],[-71.22167,45.12007],[-71.22201,45.11991],[-71.22171,45.11925],[-71.22182,45.119],[-71.22323,45.11804],[-71.22333,45.11785],[-71.22332,45.11731],[-71.2235,45.11709],[-71.22317,45.11633],[-71.22349,45.11563],[-71.22314,45.11429],[-71.22189,45.11315],[-71.22199,45.11238],[-71.22186,45.11226],[-71.22151,45.11225],[-71.22108,45.11239],[-71.22094,45.11186],[-71.22046,45.11134],[-71.22042,45.11087],[-71.22121,45.11044],[-71.22173,45.10982],[-71.22175,45.10941],[-71.22307,45.1096],[-71.22375,45.10945],[-71.22452,45.10845],[-71.22507,45.10852],[-71.22523,45.10842],[-71.22609,45.10662],[-71.22688,45.10639],[-71.22735,45.10572],[-71.22807,45.10548],[-71.22826,45.10525],[-71.22873,45.10519],[-71.23081,45.10559],[-71.23243,45.10512],[-71.23291,45.10386],[-71.23281,45.10338],[-71.23336,45.10331],[-71.23312,45.1029],[-71.2332,45.10279],[-71.23387,45.10271],[-71.23427,45.10291],[-71.23477,45.10291],[-71.23552,45.10259],[-71.23669,45.10299],[-71.23745,45.10378],[-71.23714,45.10462],[-71.23723,45.1053],[-71.23845,45.10588],[-71.23867,45.10648],[-71.23926,45.10635],[-71.23932,45.10655],[-71.23901,45.10707],[-71.2385,45.1073],[-71.23853,45.1069],[-71.23769,45.10612],[-71.23671,45.10584],[-71.23695,45.10541],[-71.23693,45.10462],[-71.23661,45.10396],[-71.23605,45.10378],[-71.23542,45.10391],[-71.235,45.10375],[-71.23486,45.10432],[-71.2345,45.10413],[-71.2343,45.1042],[-71.23472,45.10503],[-71.23496,45.10509],[-71.2353,45.10497],[-71.23535,45.10518],[-71.23526,45.10534],[-71.23498,45.10538],[-71.23481,45.10624],[-71.23493,45.10705],[-71.23426,45.10831],[-71.23434,45.10886],[-71.23422,45.10905],[-71.23305,45.1092],[-71.23287,45.10948],[-71.23267,45.1094],[-71.23279,45.10922],[-71.23231,45.10892],[-71.23212,45.10853],[-71.23248,45.10767],[-71.23299,45.10697],[-71.23351,45.10668],[-71.23371,45.10641],[-71.2337,45.10615],[-71.23344,45.10597],[-71.23289,45.10667],[-71.2324,45.10678],[-71.23198,45.10669],[-71.23195,45.10604],[-71.23167,45.10628],[-71.23101,45.10628],[-71.23056,45.10655],[-71.22915,45.10671],[-71.22883,45.10661],[-71.22896,45.10627],[-71.22873,45.1061],[-71.22842,45.10628],[-71.22838,45.10667],[-71.22705,45.1074],[-71.2268,45.10778],[-71.22676,45.10821],[-71.22624,45.10857],[-71.22617,45.10913],[-71.22519,45.10935],[-71.22529,45.11011],[-71.22414,45.11134],[-71.22372,45.11131],[-71.22306,45.11086],[-71.2228,45.11096],[-71.22277,45.11134],[-71.22294,45.11164],[-71.22349,45.11173],[-71.22383,45.11228],[-71.2238,45.11304],[-71.22399,45.11348],[-71.22479,45.11434],[-71.22489,45.11506],[-71.22477,45.11517],[-71.22476,45.11646],[-71.22494,45.11679],[-71.22465,45.11797],[-71.2248,45.11833],[-71.22465,45.11892],[-71.22568,45.12069],[-71.22636,45.12105],[-71.22655,45.12139],[-71.22659,45.12192],[-71.22707,45.12265],[-71.22688,45.12388],[-71.22636,45.12369],[-71.2259,45.12389],[-71.22581,45.12426],[-71.22526,45.12421],[-71.22441,45.1236],[-71.22428,45.12296],[-71.22337,45.12232],[-71.2224,45.12125],[-71.2214,45.12078],[-71.22057,45.12058],[-71.22018,45.12008],[-71.21922,45.11974],[-71.21792,45.11867],[-71.21753,45.1186],[-71.21684,45.11878],[-71.21633,45.11862],[-71.21621,45.11848],[-71.21632,45.11821],[-71.21689,45.11801],[-71.21733,45.11763],[-71.21704,45.1172],[-71.21666,45.11699],[-71.21606,45.117],[-71.21571,45.11731],[-71.21539,45.11725],[-71.21454,45.11674],[-71.21321,45.1169],[-71.2116,45.11752],[-71.21107,45.11791],[-71.20844,45.11924],[-71.20782,45.11937],[-71.20677,45.12109],[-71.20682,45.12202],[-71.20758,45.12321],[-71.20758,45.12415],[-71.20796,45.12484],[-71.20817,45.12666],[-71.20811,45.12753],[-71.20847,45.12791],[-71.20866,45.12893],[-71.20941,45.13076],[-71.20821,45.13243],[-71.20774,45.13254],[-71.20768,45.13272],[-71.20793,45.1328],[-71.2076,45.13327],[-71.20711,45.13332],[-71.20697,45.13413],[-71.20657,45.13468],[-71.20598,45.13459],[-71.20337,45.13341],[-71.1947,45.13516],[-71.19318,45.13794],[-71.18917,45.13818],[-71.18926,45.13959],[-71.1889,45.14157],[-71.18309,45.14215],[-71.18351,45.14715],[-71.18328,45.14735],[-71.18306,45.14746],[-71.18237,45.14711],[-71.18074,45.14703],[-71.17981,45.14664],[-71.17962,45.14641],[-71.17922,45.14639],[-71.17885,45.14671],[-71.17881,45.14702],[-71.17843,45.14717],[-71.17829,45.14762],[-71.17692,45.14919],[-71.17656,45.14957],[-71.17616,45.14969],[-71.17601,45.15034],[-71.17615,45.15141],[-71.17699,45.15231],[-71.17773,45.15231],[-71.17772,45.15281],[-71.17785,45.15292],[-71.17829,45.15303],[-71.17973,45.15392],[-71.18031,45.1541],[-71.18102,45.15453],[-71.18278,45.15495],[-71.1843,45.15492],[-71.18415,45.15604],[-71.18338,45.15642],[-71.18321,45.15688],[-71.18353,45.15708],[-71.18338,45.15792],[-71.18365,45.1586],[-71.18345,45.15919],[-71.18368,45.16032],[-71.18429,45.16145],[-71.18401,45.16207],[-71.18407,45.16252],[-71.18478,45.16445],[-71.18532,45.16517],[-71.18632,45.16579],[-71.18682,45.16631],[-71.18731,45.16721],[-71.18823,45.16811],[-71.18837,45.16871],[-71.1877,45.16929],[-71.18726,45.17013],[-71.18699,45.17173],[-71.18739,45.17296],[-71.18699,45.17466],[-71.18678,45.1748],[-71.18582,45.17487],[-71.18486,45.17524],[-71.18419,45.17569],[-71.18303,45.17579],[-71.18243,45.17563],[-71.18193,45.17571],[-71.18176,45.176],[-71.18194,45.17673],[-71.18145,45.178],[-71.18137,45.18033],[-71.18108,45.18178],[-71.17985,45.18259],[-71.17945,45.1833],[-71.18073,45.18429],[-71.17951,45.18429],[-71.17771,45.18595],[-71.17736,45.18599],[-71.17683,45.18632],[-71.17653,45.18639],[-71.17624,45.18629],[-71.17706,45.18552],[-71.17696,45.18527],[-71.17666,45.18531],[-71.17586,45.18589],[-71.1756,45.1858],[-71.17527,45.18534],[-71.17489,45.18523],[-71.17429,45.18573],[-71.1739,45.18585],[-71.17401,45.18536],[-71.17383,45.18504],[-71.17476,45.18405],[-71.17522,45.18301],[-71.17522,45.18115],[-71.17594,45.18013],[-71.17625,45.17922],[-71.17695,45.17848],[-71.17762,45.17639],[-71.17758,45.17572],[-71.17725,45.17542],[-71.17729,45.17355],[-71.17694,45.1731],[-71.17743,45.17166],[-71.17777,45.1714],[-71.17749,45.1704],[-71.17626,45.16983],[-71.17591,45.16934],[-71.17323,45.16902],[-71.17346,45.16848],[-71.17338,45.16832],[-71.17294,45.16822],[-71.1726,45.16838],[-71.17248,45.16882],[-71.17174,45.16856],[-71.17091,45.16876],[-71.17029,45.16918],[-71.16963,45.16933],[-71.16926,45.16978],[-71.16865,45.17013],[-71.16767,45.17053],[-71.16735,45.17058],[-71.16672,45.17047],[-71.16609,45.17063],[-71.16568,45.17101],[-71.16508,45.17244],[-71.16529,45.17301],[-71.16506,45.17319],[-71.16527,45.17345],[-71.16469,45.17354],[-71.16385,45.17231],[-71.16303,45.17188],[-71.16295,45.17145],[-71.16307,45.17114],[-71.16291,45.17088],[-71.16329,45.17014],[-71.16259,45.16909],[-71.16268,45.16889],[-71.16251,45.16872],[-71.16264,45.1686],[-71.1617,45.16704],[-71.16067,45.16661],[-71.15966,45.16642],[-71.15886,45.16646],[-71.15862,45.16636],[-71.158,45.16542],[-71.15568,45.16439],[-71.15458,45.16264],[-71.15395,45.16127],[-71.15403,45.161],[-71.15386,45.16053],[-71.15337,45.16012],[-71.15311,45.1602],[-71.15257,45.16002],[-71.15226,45.15974],[-71.1519,45.15962],[-71.15205,45.15955],[-71.15264,45.15967],[-71.15299,45.15953],[-71.15314,45.15914],[-71.15374,45.15883],[-71.15412,45.15829],[-71.15495,45.15769],[-71.1555,45.15704],[-71.15596,45.15553],[-71.15643,45.15504],[-71.15612,45.15294],[-71.15683,45.15205],[-71.15707,45.15134],[-71.1573,45.15136],[-71.1574,45.15166],[-71.15766,45.15146],[-71.15766,45.15118],[-71.16184,45.15059],[-71.16357,45.14978],[-71.16451,45.14869],[-71.1647,45.14781],[-71.16501,45.14748],[-71.16512,45.14533],[-71.16496,45.14472],[-71.1652,45.14373],[-71.16503,45.14204],[-71.16625,45.14009],[-71.16654,45.13925],[-71.167,45.13863],[-71.16701,45.13826],[-71.16733,45.13794],[-71.16821,45.13759],[-71.16901,45.13685],[-71.16908,45.13587],[-71.16881,45.13516],[-71.16894,45.13452],[-71.16915,45.13435],[-71.16922,45.13371],[-71.1701,45.1333],[-71.17013,45.13302],[-71.17047,45.13284],[-71.17035,45.13257],[-71.17116,45.13261],[-71.17174,45.13251],[-71.17216,45.13264],[-71.17258,45.13368],[-71.17315,45.13433],[-71.17321,45.134],[-71.17277,45.13297],[-71.17301,45.13241],[-71.17384,45.13196],[-71.17402,45.13131],[-71.17472,45.13088],[-71.17494,45.13051],[-71.17476,45.1304],[-71.17436,45.13044],[-71.17428,45.13021],[-71.17467,45.12999],[-71.17525,45.13015],[-71.17537,45.12972],[-71.17462,45.12905],[-71.17459,45.12855],[-71.1749,45.12822],[-71.17496,45.1278],[-71.17455,45.12755],[-71.17329,45.12721],[-71.17148,45.12548],[-71.17152,45.12536],[-71.17276,45.12523],[-71.1735,45.12541],[-71.17424,45.12531],[-71.17461,45.12465],[-71.17507,45.12421],[-71.17547,45.12417],[-71.17676,45.12466],[-71.18,45.12489],[-71.18039,45.12508],[-71.18162,45.12509],[-71.18171,45.12693],[-71.18461,45.12645],[-71.18655,45.12486],[-71.18621,45.12194],[-71.19009,45.11955],[-71.19596,45.11922],[-71.20223,45.11982],[-71.2043,45.12165],[-71.20474,45.12169],[-71.20501,45.12143],[-71.20487,45.12097],[-71.20504,45.11954],[-71.20797,45.11774],[-71.20909,45.11737],[-71.20964,45.11674],[-71.21234,45.11598],[-71.21353,45.11515],[-71.21511,45.11438],[-71.21351,45.11323],[-71.21406,45.11277],[-71.2143,45.1122],[-71.21412,45.11168],[-71.21302,45.11027],[-71.21308,45.10987],[-71.21342,45.10966],[-71.21302,45.10949],[-71.21279,45.10919],[-71.21289,45.10891],[-71.21361,45.10924],[-71.21423,45.10896],[-71.2142,45.10886],[-71.21385,45.10883],[-71.21378,45.10859],[-71.21327,45.10861],[-71.21321,45.1085],[-71.21368,45.10827],[-71.21354,45.10802],[-71.21382,45.10759],[-71.21344,45.10717],[-71.21343,45.10663],[-71.21375,45.10619],[-71.21397,45.10548],[-71.21385,45.10508],[-71.21415,45.10497],[-71.21436,45.10443],[-71.21465,45.10429],[-71.21498,45.10366],[-71.2156,45.10311],[-71.21831,45.10158],[-71.219,45.10096],[-71.22008,45.10059],[-71.22043,45.10015],[-71.221,45.09997],[-71.22178,45.09939],[-71.22334,45.09855],[-71.22374,45.09816],[-71.22383,45.09776],[-71.22467,45.09668],[-71.22519,45.09491],[-71.22583,45.09391],[-71.22606,45.09319],[-71.22682,45.0918],[-71.22694,45.08805],[-71.22684,45.08737],[-71.22689,45.08601],[-71.22711,45.08504],[-71.22704,45.08425],[-71.22724,45.08433],[-71.22748,45.08424],[-71.22775,45.08454],[-71.22884,45.08476],[-71.23036,45.08405],[-71.23039,45.08372],[-71.23002,45.08334],[-71.23081,45.08289],[-71.23094,45.082],[-71.23163,45.08159],[-71.23176,45.08104],[-71.2323,45.08084],[-71.23261,45.08053],[-71.23291,45.08081],[-71.23308,45.08069],[-71.2325,45.07904],[-71.2327,45.07886],[-71.23254,45.07851],[-71.23312,45.07781],[-71.23351,45.07787],[-71.2338,45.07807],[-71.23388,45.07837],[-71.23414,45.07841],[-71.23396,45.07881],[-71.23432,45.07881],[-71.23439,45.07972],[-71.23455,45.0799],[-71.23507,45.07959],[-71.23544,45.07871],[-71.23537,45.07855],[-71.23492,45.07834],[-71.23457,45.07791],[-71.23407,45.07781],[-71.23413,45.07753],[-71.23486,45.07709],[-71.23515,45.07676],[-71.23518,45.07643],[-71.23542,45.0765],[-71.23555,45.0767],[-71.23595,45.07658],[-71.23613,45.07631],[-71.23593,45.07622],[-71.23598,45.07575],[-71.23643,45.07538],[-71.23668,45.07544],[-71.23721,45.07532],[-71.2376,45.07504],[-71.23761,45.07475],[-71.23722,45.07449],[-71.23697,45.07443],[-71.23621,45.07465],[-71.23593,45.0745],[-71.23596,45.07436],[-71.23651,45.07325],[-71.23764,45.07217],[-71.23806,45.07211],[-71.23836,45.07223],[-71.23842,45.07243],[-71.23872,45.07244],[-71.2389,45.07223],[-71.23872,45.07205],[-71.23831,45.07209],[-71.23832,45.07169],[-71.23879,45.07105],[-71.23966,45.07079],[-71.23975,45.07046],[-71.2394,45.07053],[-71.23932,45.07044],[-71.23993,45.06944],[-71.23995,45.06908],[-71.24018,45.06876],[-71.24008,45.0685],[-71.24047,45.06806],[-71.24059,45.06759],[-71.2403,45.06739],[-71.23993,45.06743],[-71.23948,45.06713],[-71.24002,45.06617],[-71.24497,45.06642],[-71.25117,45.06313],[-71.25556,45.0658],[-71.25807,45.0694],[-71.259,45.0695],[-71.2596,45.06938],[-71.26092,45.06854],[-71.26131,45.06791],[-71.26174,45.068],[-71.26193,45.06839],[-71.26192,45.06934],[-71.26211,45.06959],[-71.26194,45.06999],[-71.26237,45.07157],[-71.26183,45.07252],[-71.26176,45.07329],[-71.261,45.07489],[-71.26046,45.07658],[-71.26085,45.07728],[-71.26096,45.07911],[-71.26036,45.07979],[-71.25978,45.07968],[-71.25957,45.08052],[-71.25934,45.08066],[-71.25946,45.08101],[-71.25972,45.08123],[-71.25965,45.08163],[-71.26001,45.08216],[-71.26007,45.08433],[-71.26042,45.08453],[-71.26049,45.08516],[-71.26106,45.08398],[-71.26157,45.08399],[-71.26196,45.08618],[-71.26266,45.0872],[-71.26266,45.0881],[-71.26337,45.08868],[-71.26355,45.08866],[-71.26338,45.08899],[-71.26357,45.09031],[-71.2646,45.0916],[-71.26595,45.09231],[-71.27006,45.09336],[-71.27097,45.09346],[-71.27317,45.09337],[-71.27382,45.09325],[-71.27569,45.0923],[-71.27617,45.0913],[-71.2767,45.09086],[-71.2772,45.08975],[-71.27869,45.08864],[-71.28041,45.08783],[-71.28089,45.0872],[-71.28179,45.0867],[-71.28254,45.08647],[-71.28416,45.0863],[-71.28567,45.08654],[-71.28586,45.08667],[-71.28738,45.08678],[-71.28871,45.08603],[-71.29938,45.07137],[-71.29787,45.06583],[-71.29786,45.06368],[-71.29761,45.06195],[-71.30427,45.06434],[-71.3057,45.06782],[-71.30569,45.06982],[-71.30595,45.07135],[-71.30587,45.07209],[-71.30577,45.07236],[-71.30535,45.07238],[-71.30512,45.07288],[-71.30374,45.07403],[-71.30291,45.07508],[-71.3027,45.07556],[-71.30269,45.07687],[-71.30187,45.07984],[-71.3009,45.08116],[-71.29939,45.08248],[-71.2972,45.08394],[-71.2968,45.08438],[-71.29481,45.0845],[-71.29479,45.08484],[-71.29516,45.08529],[-71.29539,45.08606],[-71.29629,45.08667],[-71.29649,45.08657],[-71.29655,45.08756],[-71.29639,45.08769],[-71.29295,45.08833],[-71.2928,45.08799],[-71.29161,45.08828],[-71.29177,45.08858],[-71.29036,45.08912],[-71.28922,45.09022],[-71.28786,45.09104],[-71.28609,45.09249],[-71.28523,45.09268],[-71.28476,45.09242],[-71.28438,45.09292]],[[-71.28479,45.09237],[-71.28454,45.09244],[-71.28476,45.09242],[-71.28479,45.09237]],[[-71.17846,45.18111],[-71.1776,45.18115],[-71.17763,45.18165],[-71.17846,45.18178],[-71.17846,45.18111]],[[-71.17961,45.17297],[-71.17943,45.17278],[-71.17943,45.17248],[-71.18005,45.17221],[-71.18024,45.17104],[-71.17987,45.16978],[-71.1792,45.16869],[-71.17931,45.16824],[-71.1796,45.16831],[-71.18005,45.16872],[-71.18064,45.16852],[-71.18109,45.1685],[-71.18209,45.16862],[-71.1833,45.16902],[-71.18355,45.16979],[-71.18389,45.17003],[-71.18394,45.17039],[-71.18423,45.17058],[-71.18421,45.1704],[-71.18454,45.17012],[-71.18412,45.16932],[-71.18527,45.16842],[-71.18553,45.16647],[-71.18482,45.16592],[-71.18367,45.16418],[-71.18315,45.16248],[-71.18317,45.16127],[-71.18226,45.15952],[-71.18258,45.15807],[-71.18223,45.15736],[-71.18222,45.15688],[-71.18283,45.15592],[-71.18273,45.15528],[-71.18159,45.15513],[-71.18016,45.15474],[-71.17882,45.15387],[-71.1774,45.15337],[-71.17716,45.15303],[-71.1761,45.15256],[-71.17583,45.15229],[-71.17561,45.15225],[-71.17558,45.1521],[-71.17516,45.15213],[-71.17424,45.15155],[-71.17451,45.15084],[-71.17418,45.15045],[-71.17416,45.14943],[-71.1743,45.14916],[-71.17458,45.14889],[-71.17492,45.14907],[-71.17557,45.14894],[-71.17636,45.14808],[-71.17737,45.14753],[-71.17754,45.14685],[-71.17815,45.14596],[-71.17972,45.14515],[-71.17999,45.14477],[-71.18002,45.14434],[-71.17957,45.14333],[-71.17967,45.14255],[-71.18059,45.14184],[-71.18102,45.14192],[-71.18155,45.1418],[-71.18134,45.14134],[-71.18096,45.14136],[-71.18048,45.1416],[-71.18021,45.14126],[-71.17883,45.14093],[-71.17775,45.1401],[-71.17698,45.13905],[-71.17695,45.13872],[-71.17744,45.13805],[-71.17732,45.13734],[-71.17787,45.13663],[-71.17722,45.13546],[-71.17713,45.13498],[-71.17659,45.13444],[-71.17649,45.13374],[-71.17597,45.13344],[-71.17595,45.13304],[-71.17555,45.13287],[-71.17469,45.13272],[-71.17356,45.13301],[-71.17333,45.13285],[-71.17355,45.13256],[-71.17346,45.13242],[-71.17315,45.13291],[-71.17373,45.13442],[-71.17332,45.13717],[-71.17295,45.13721],[-71.1729,45.13696],[-71.17317,45.13646],[-71.17315,45.13557],[-71.17296,45.1349],[-71.17231,45.13464],[-71.17185,45.13475],[-71.17184,45.1351],[-71.1716,45.1353],[-71.17158,45.13551],[-71.17108,45.13568],[-71.17084,45.13646],[-71.16974,45.13809],[-71.16887,45.13865],[-71.16872,45.13902],[-71.16827,45.13906],[-71.16813,45.13936],[-71.16776,45.13955],[-71.16706,45.1404],[-71.16628,45.14189],[-71.16628,45.14383],[-71.16615,45.14425],[-71.16635,45.14572],[-71.16617,45.14732],[-71.16546,45.14918],[-71.16412,45.15079],[-71.1615,45.15225],[-71.16126,45.15295],[-71.16065,45.15357],[-71.16024,45.15427],[-71.15921,45.15444],[-71.15888,45.1548],[-71.15884,45.15505],[-71.15905,45.15536],[-71.15838,45.15744],[-71.15839,45.15777],[-71.15851,45.15786],[-71.15863,45.15777],[-71.15877,45.15832],[-71.15847,45.15873],[-71.15877,45.15885],[-71.15877,45.15899],[-71.15826,45.15924],[-71.15704,45.15946],[-71.15722,45.1596],[-71.15729,45.16013],[-71.15702,45.16063],[-71.15773,45.16089],[-71.1586,45.16078],[-71.15904,45.16089],[-71.15945,45.16142],[-71.15949,45.16184],[-71.15994,45.16277],[-71.15975,45.1629],[-71.15893,45.16268],[-71.1587,45.16281],[-71.15904,45.16336],[-71.15937,45.16321],[-71.15985,45.16336],[-71.16069,45.16498],[-71.16119,45.16551],[-71.1623,45.16624],[-71.16324,45.16759],[-71.16441,45.16782],[-71.16493,45.16753],[-71.1642,45.16759],[-71.1637,45.16735],[-71.16359,45.16716],[-71.16422,45.16706],[-71.16367,45.16675],[-71.16363,45.16608],[-71.16376,45.16603],[-71.16668,45.16673],[-71.16738,45.16669],[-71.16815,45.16639],[-71.16849,45.16638],[-71.16774,45.16673],[-71.16835,45.16668],[-71.16853,45.16689],[-71.16877,45.16682],[-71.1689,45.16666],[-71.16875,45.1665],[-71.1693,45.16619],[-71.17014,45.16481],[-71.16952,45.16323],[-71.16954,45.16263],[-71.16973,45.16225],[-71.17018,45.1617],[-71.17038,45.16115],[-71.17077,45.16086],[-71.17134,45.16058],[-71.17226,45.16067],[-71.17302,45.16145],[-71.17279,45.16162],[-71.17284,45.16247],[-71.17213,45.1643],[-71.17205,45.16503],[-71.17227,45.16607],[-71.17262,45.16615],[-71.17346,45.16566],[-71.17418,45.16575],[-71.17506,45.1662],[-71.17601,45.16728],[-71.1761,45.16755],[-71.17586,45.16823],[-71.17681,45.169],[-71.17732,45.16929],[-71.17798,45.1694],[-71.17885,45.16991],[-71.17922,45.1708],[-71.17911,45.17139],[-71.17811,45.17363],[-71.17829,45.17429],[-71.17869,45.1745],[-71.17965,45.17406],[-71.1802,45.17403],[-71.18032,45.17412],[-71.1803,45.17439],[-71.17998,45.17458],[-71.18025,45.17478],[-71.17996,45.17534],[-71.18003,45.17556],[-71.18033,45.17547],[-71.18136,45.17414],[-71.18036,45.17387],[-71.17929,45.17315],[-71.17929,45.17301],[-71.17961,45.17297]],[[-71.20428,45.12805],[-71.20437,45.1265],[-71.20407,45.12593],[-71.20404,45.12523],[-71.20422,45.12459],[-71.20452,45.12431],[-71.2047,45.12381],[-71.20481,45.12295],[-71.20138,45.12216],[-71.19803,45.12068],[-71.19407,45.1212],[-71.19191,45.12072],[-71.18845,45.12244],[-71.18956,45.12451],[-71.18646,45.12784],[-71.18449,45.1286],[-71.18185,45.12872],[-71.18269,45.14044],[-71.18699,45.14006],[-71.18755,45.13731],[-71.19139,45.13574],[-71.19201,45.13352],[-71.1944,45.13375],[-71.20215,45.1316],[-71.20638,45.13119],[-71.20645,45.12948],[-71.20544,45.12967],[-71.20487,45.12959],[-71.20505,45.12888],[-71.20498,45.12867],[-71.20428,45.12805]],[[-71.28721,45.09126],[-71.2871,45.09134],[-71.28715,45.09132],[-71.28721,45.09126]]],[[[-71.17166,45.14165],[-71.17407,45.14264],[-71.17443,45.14328],[-71.17448,45.14404],[-71.17478,45.14437],[-71.17486,45.14511],[-71.17402,45.14582],[-71.17313,45.14604],[-71.17251,45.14607],[-71.17196,45.14576],[-71.1709,45.14559],[-71.17046,45.14495],[-71.17048,45.1439],[-71.17077,45.14374],[-71.17111,45.14272],[-71.17095,45.14214],[-71.17107,45.14182],[-71.17166,45.14165]]],[[[-71.17717,45.14396],[-71.17771,45.14439],[-71.17762,45.14477],[-71.17717,45.14515],[-71.17618,45.14568],[-71.1763,45.14637],[-71.17614,45.14649],[-71.17537,45.14634],[-71.17518,45.1454],[-71.17563,45.14535],[-71.17624,45.14491],[-71.17708,45.14478],[-71.17676,45.14393],[-71.17717,45.14396]]]]},"properties":{"id":"p-006-005","name":"TransCanada","status":"unknown","acres":2557.6,"score":54}},{"type":"Feature","id":7,"geometry":{"type":"MultiPolygon","coordinates":[[[[-71.44399,45.04868],[-71.44688,45.04856],[-71.44683,45.04764],[-71.45045,45.0475],[-71.44953,45.04877],[-71.44943,45.04961],[-71.44868,45.0507],[-71.44825,45.05424],[-71.44671,45.05436],[-71.44677,45.05317],[-71.4446,45.05331],[-71.44458,45.05444],[-71.44358,45.05448],[-71.44326,45.05029],[-71.44398,45.05022],[-71.44399,45.04868]],[[-71.44493,45.05202],[-71.44524,45.05145],[-71.44514,45.05108],[-71.44415,45.05132],[-71.44439,45.05216],[-71.44493,45.05202]]],[[[-71.46682,45.05409],[-71.47717,45.05411],[-71.47734,45.06058],[-71.47306,45.05999],[-71.47129,45.06101],[-71.47729,45.0615],[-71.47718,45.06742],[-71.46694,45.0675],[-71.46682,45.05409]]]]},"properties":{"id":"p-008-001","name":"Amey, D.","status":"unknown","acres":353.3,"score":49}},{"type":"Feature","id":8,"geometry":{"type":"MultiPolygon","coordinates":[[[[-71.44358,45.05448],[-71.44825,45.05424],[-71.44868,45.0507],[-71.44943,45.04961],[-71.44953,45.04877],[-71.45045,45.0475],[-71.45065,45.04263],[-71.45268,45.04172],[-71.45863,45.04074],[-71.4664,45.03923],[-71.46641,45.03784],[-71.47156,45.03813],[-71.47374,45.03797],[-71.47369,45.04307],[-71.48081,45.04296],[-71.48101,45.05406],[-71.46682,45.05409],[-71.46678,45.05802],[-71.44391,45.05861],[-71.44292,45.05846],[-71.4431,45.05815],[-71.44231,45.05827],[-71.44205,45.05852],[-71.44027,45.05858],[-71.44016,45.05843],[-71.43983,45.05835],[-71.43821,45.05845],[-71.43797,45.05832],[-71.43777,45.05744],[-71.43832,45.05704],[-71.43826,45.05678],[-71.43688,45.05626],[-71.43702,45.05593],[-71.43769,45.05585],[-71.43815,45.05546],[-71.4376,45.05364],[-71.43783,45.05346],[-71.4385,45.05348],[-71.43875,45.05339],[-71.43887,45.05298],[-71.43876,45.05239],[-71.43893,45.05239],[-71.43936,45.05275],[-71.43966,45.05272],[-71.44023,45.0518],[-71.4402,45.05136],[-71.44044,45.05077],[-71.44062,45.05103],[-71.44088,45.05098],[-71.44084,45.05072],[-71.44117,45.05017],[-71.44146,45.05004],[-71.44201,45.05002],[-71.44213,45.0499],[-71.44218,45.04967],[-71.44198,45.04935],[-71.44105,45.04928],[-71.44061,45.04912],[-71.43989,45.04784],[-71.44007,45.04773],[-71.44074,45.04772],[-71.441,45.04819],[-71.44081,45.04861],[-71.44111,45.04884],[-71.44142,45.0488],[-71.44204,45.04851],[-71.44261,45.04804],[-71.44265,45.04784],[-71.44201,45.04691],[-71.44281,45.04661],[-71.44375,45.04653],[-71.44407,45.04694],[-71.44413,45.04732],[-71.44403,45.04824],[-71.44367,45.04818],[-71.4437,45.0487],[-71.44338,45.04959],[-71.44286,45.0498],[-71.44294,45.0503],[-71.44326,45.05029],[-71.44358,45.05448]],[[-71.44416,45.05629],[-71.44465,45.05638],[-71.44468,45.05565],[-71.44448,45.05563],[-71.44451,45.05552],[-71.44332,45.05546],[-71.44316,45.05646],[-71.44398,45.05657],[-71.44416,45.05629]],[[-71.46159,45.05029],[-71.46083,45.05038],[-71.46058,45.05066],[-71.46041,45.05151],[-71.46053,45.05245],[-71.46096,45.05271],[-71.46396,45.05201],[-71.46293,45.05083],[-71.4627,45.05136],[-71.46159,45.05029]]],[[[-71.42994,45.04937],[-71.4293,45.04876],[-71.43225,45.04789],[-71.43255,45.04747],[-71.43263,45.04691],[-71.43295,45.04638],[-71.43499,45.04549],[-71.43614,45.04465],[-71.43835,45.0439],[-71.43922,45.04336],[-71.44075,45.04283],[-71.43681,45.04777],[-71.42994,45.04937]]],[[[-71.43742,45.05322],[-71.43789,45.05069],[-71.43763,45.05002],[-71.43745,45.04869],[-71.43918,45.04843],[-71.43889,45.04779],[-71.44024,45.04758],[-71.43942,45.04778],[-71.43934,45.04792],[-71.43986,45.04831],[-71.44047,45.04927],[-71.44164,45.04944],[-71.44197,45.04963],[-71.442,45.0498],[-71.44132,45.04989],[-71.44026,45.05069],[-71.44004,45.05169],[-71.43968,45.05242],[-71.43951,45.05248],[-71.43891,45.05225],[-71.43852,45.05238],[-71.43859,45.05329],[-71.43742,45.05322]]]]},"properties":{"id":"p-008-002","name":"Amey, J.","status":"unknown","acres":1276.0,"score":63}},{"type":"Feature","id":9,"geometry":{"type":"Polygon","coordinates":[[[-71.39364,45.06828],[-71.39542,45.06796],[-71.39624,45.06801],[-71.39927,45.0676],[-71.39913,45.06804],[-71.39993,45.07107],[-71.4019,45.07094],[-71.40216,45.07255],[-71.40283,45.0745],[-71.39583,45.07587],[-71.39397,45.07169],[-71.39364,45.06828]]]},"properties":{"id":"p-008-003","name":"Pittsburg Town Farm","status":"unknown","acres":108.6,"score":32}},{"type":"Feature","id":10,"geometry":{"type":"Polygon","coordinates":[[[-71.38201,45.08298],[-71.38142,45.07973],[-71.38115,45.07933],[-71.38109,45.07866],[-71.38016,45.0754],[-71.38033,45.07528],[-71.38025,45.07466],[-71.3798,45.07376],[-71.38363,45.07319],[-71.3836,45.07306],[-71.38588,45.07262],[-71.38767,45.07208],[-71.39199,45.08221],[-71.38983,45.0828],[-71.38477,45.08346],[-71.38349,45.08345],[-71.38237,45.08379],[-71.38201,45.08298]]]},"properties":{"id":"p-008-004","name":"Gray WMA","status":"verified","acres":202.7,"score":44}},{"type":"Feature","id":11,"geometry":{"type":"Polygon","coordinates":[[[-71.3892,45.04108],[-71.39088,45.04139],[-71.39036,45.04316],[-71.38908,45.04296],[-71.3892,45.04108]]]},"properties":{"id":"p-008-005","name":"Pittsburg Water Department Land","status":"unknown","acres":6.0,"score":32}},{"type":"Feature","id":12,"geometry":{"type":"Polygon","coordinates":[[[-71.39768,45.0016],[-71.39664,45.00095],[-71.39676,45.00033],[-71.39774,45.00064],[-71.39913,45.00087],[-71.39881,45.0015],[-71.3985,45.0018],[-71.39823,45.00165],[-71.39768,45.0016]]]},"properties":{"id":"p-008-006","name":"Clarksville Pond Boat Access","status":"unknown","acres":4.4,"score":29}},{"type":"Feature","id":13,"geometry":{"type":"MultiPolygon","coordinates":[[[[-71.39774,45.00064],[-71.39676,45.00033],[-71.39664,45.00095],[-71.39614,45.00063],[-71.39503,45.00028],[-71.39393,45.00026],[-71.39267,45.00041],[-71.39282,44.99959],[-71.39933,45.00028],[-71.39913,45.00087],[-71.39774,45.00064]]],[[[-71.39727,45.00144],[-71.39823,45.00165],[-71.3985,45.0018],[-71.3982,45.00207],[-71.39786,45.00215],[-71.39704,45.00594],[-71.39147,45.00525],[-71.39196,45.00291],[-71.39133,45.00219],[-71.39132,45.00162],[-71.39148,45.00132],[-71.39186,45.00139],[-71.3916,45.00184],[-71.39164,45.00216],[-71.39204,45.00254],[-71.39216,45.00287],[-71.39262,45.0031],[-71.39372,45.00309],[-71.39399,45.00299],[-71.39495,45.00209],[-71.3955,45.00241],[-71.39592,45.00227],[-71.39577,45.00186],[-71.3963,45.00166],[-71.39653,45.00194],[-71.39671,45.00188],[-71.39658,45.00162],[-71.39704,45.00158],[-71.39727,45.00144]]]]},"properties":{"id":"p-008-007","name":"Shatney Trusts","status":"unknown","acres":50.2,"score":30}},{"type":"Feature","id":14,"geometry":{"type":"MultiPolygon","coordinates":[[[[-71.38418,45.04545],[-71.38485,45.04277],[-71.39028,45.04346],[-71.38949,45.04638],[-71.38884,45.04633],[-71.38772,45.04686],[-71.38438,45.04563],[-71.38418,45.04545]]],[[[-71.38717,45.04846],[-71.38572,45.04801],[-71.38394,45.04665],[-71.38409,45.04562],[-71.38807,45.04715],[-71.38929,45.04801],[-71.38854,45.05037],[-71.38717,45.04846]]]]},"properties":{"id":"p-008-008","name":"Jahoda-Johnson Conservation Easement","status":"unknown","acres":58.2,"score":41}},{"type":"Feature","id":15,"geometry":{"type":"MultiPolygon","coordinates":[[[[-71.46155,45.01117],[-71.46451,45.00988],[-71.4655,45.00991],[-71.4678,45.00949],[-71.46931,45.00958],[-71.47103,45.00923],[-71.47288,45.00913],[-71.4731,45.00779],[-71.47351,45.00706],[-71.4738,45.00513],[-71.47463,45.00253],[-71.47793,45.00291],[-71.47799,45.005],[-71.47681,45.00748],[-71.47585,45.00852],[-71.47459,45.00931],[-71.47295,45.01001],[-71.47235,45.01012],[-71.47232,45.01003],[-71.47077,45.01031],[-71.47069,45.01041],[-71.46867,45.01044],[-71.46782,45.01059],[-71.46523,45.01179],[-71.46481,45.01211],[-71.46395,45.01464],[-71.46402,45.01549],[-71.46459,45.0175],[-71.45963,45.01718],[-71.46119,45.01112],[-71.46155,45.01117]]],[[[-71.46506,45.01292],[-71.46511,45.01541],[-71.46549,45.01618],[-71.46561,45.01689],[-71.46556,45.01822],[-71.46581,45.01992],[-71.46505,45.0208],[-71.46418,45.02097],[-71.46473,45.01988],[-71.46497,45.01888],[-71.46491,45.01777],[-71.46421,45.01498],[-71.46504,45.01219],[-71.4678,45.01083],[-71.4687,45.01067],[-71.47071,45.01059],[-71.47242,45.0103],[-71.47383,45.0099],[-71.47492,45.00937],[-71.47602,45.0086],[-71.47698,45.00756],[-71.47815,45.00524],[-71.47825,45.00464],[-71.47913,45.00474],[-71.47883,45.00645],[-71.47818,45.00762],[-71.47624,45.00922],[-71.47293,45.01038],[-71.47302,45.01055],[-71.4721,45.01084],[-71.4691,45.01098],[-71.46763,45.01129],[-71.46596,45.01192],[-71.46548,45.0123],[-71.46506,45.01292]]],[[[-71.46321,45.02661],[-71.4623,45.02745],[-71.46213,45.02734],[-71.46251,45.02683],[-71.46295,45.02653],[-71.46321,45.02661]]],[[[-71.46116,45.02845],[-71.46102,45.02868],[-71.45957,45.0314],[-71.45936,45.03133],[-71.45943,45.03108],[-71.45986,45.03012],[-71.4602,45.02973],[-71.46017,45.0295],[-71.46062,45.02878],[-71.46101,45.02837],[-71.46116,45.02845]]],[[[-71.45831,45.03249],[-71.45727,45.03315],[-71.45688,45.0331],[-71.45818,45.0324],[-71.45831,45.03249]]],[[[-71.41357,45.05581],[-71.41147,45.05475],[-71.41282,45.0486],[-71.40908,45.04831],[-71.40903,45.04642],[-71.41017,45.04354],[-71.41868,45.04431],[-71.41903,45.04186],[-71.42177,45.03057],[-71.43274,45.03184],[-71.4351,45.02231],[-71.42432,45.02093],[-71.42555,45.01632],[-71.43883,45.0178],[-71.45757,45.02014],[-71.45689,45.02281],[-71.46034,45.02321],[-71.46205,45.02147],[-71.46326,45.02069],[-71.46411,45.0198],[-71.46454,45.01966],[-71.4639,45.02098],[-71.46355,45.02104],[-71.46302,45.02137],[-71.46213,45.02264],[-71.46213,45.02376],[-71.46232,45.02483],[-71.46302,45.02581],[-71.46274,45.02646],[-71.46204,45.02685],[-71.46038,45.02872],[-71.45994,45.02933],[-71.45891,45.03153],[-71.45836,45.03202],[-71.45642,45.03313],[-71.45566,45.03379],[-71.45343,45.03526],[-71.45289,45.03609],[-71.45218,45.03775],[-71.45167,45.03833],[-71.45103,45.03857],[-71.44794,45.03895],[-71.44728,45.03949],[-71.4467,45.03965],[-71.44545,45.03942],[-71.44327,45.04026],[-71.44263,45.04065],[-71.44243,45.04228],[-71.44179,45.04255],[-71.44003,45.04294],[-71.43736,45.04419],[-71.43618,45.04449],[-71.43497,45.04544],[-71.43278,45.04643],[-71.43228,45.04778],[-71.42819,45.04902],[-71.42562,45.04896],[-71.42317,45.04966],[-71.42284,45.04989],[-71.42213,45.05105],[-71.42253,45.05256],[-71.42263,45.05379],[-71.42197,45.05434],[-71.42065,45.05505],[-71.41991,45.05519],[-71.41775,45.05525],[-71.41747,45.05567],[-71.41719,45.05578],[-71.41472,45.0561],[-71.41357,45.05581]]]]},"properties":{"id":"p-008-009","name":"Washburn Family Forest","status":"unknown","acres":2191.7,"score":43}},{"type":"Feature","id":16,"geometry":{"type":"Polygon","coordinates":[[[-71.52955,44.99894],[-71.53,44.99854],[-71.52942,44.99979],[-71.52912,44.99984],[-71.52955,44.99894]]]},"properties":{"id":"p-008-011","name":"Beecher Falls Recreational Trail","status":"verified","acres":0.6,"score":19}},{"type":"Feature","id":17,"geometry":{"type":"Polygon","coordinates":[[[-71.43973,45.0445],[-71.44099,45.0429],[-71.44123,45.04284],[-71.44228,45.04294],[-71.44249,45.04304],[-71.44262,45.04343],[-71.4426,45.04274],[-71.4431,45.04357],[-71.44287,45.04384],[-71.44124,45.0442],[-71.44084,45.0446],[-71.43973,45.0445]]]},"properties":{"id":"p-008-012","name":"Amey #2","status":"unknown","acres":7.1,"score":34}},{"type":"Feature","id":18,"geometry":{"type":"MultiPolygon","coordinates":[[[[-71.46678,45.05802],[-71.46687,45.06241],[-71.44318,45.06289],[-71.4417,45.06033],[-71.44175,45.06001],[-71.44218,45.0596],[-71.44328,45.06008],[-71.44391,45.05861],[-71.46678,45.05802]]],[[[-71.43769,45.06151],[-71.43669,45.06125],[-71.43635,45.06087],[-71.43645,45.0606],[-71.43695,45.06021],[-71.43665,45.05933],[-71.43654,45.05935],[-71.43667,45.059],[-71.43697,45.05903],[-71.43697,45.05922],[-71.43734,45.05942],[-71.43827,45.0596],[-71.43819,45.05998],[-71.43898,45.06004],[-71.44027,45.05925],[-71.44052,45.0587],[-71.44151,45.05868],[-71.44166,45.05939],[-71.44201,45.05953],[-71.4417,45.05987],[-71.44157,45.06034],[-71.44302,45.06287],[-71.43767,45.06296],[-71.4379,45.06238],[-71.43784,45.06182],[-71.43801,45.06179],[-71.43769,45.06151]]]]},"properties":{"id":"p-008-013","name":"Amey #1","status":"unknown","acres":264.0,"score":81}},{"type":"Feature","id":19,"geometry":{"type":"MultiPolygon","coordinates":[[[[-71.35589,45.09388],[-71.3603,45.09318],[-71.3618,45.08564],[-71.36437,45.08418],[-71.36466,45.08391],[-71.36471,45.08361],[-71.37371,45.08443],[-71.37324,45.08969],[-71.37118,45.09537],[-71.36375,45.09472],[-71.36231,45.10219],[-71.35448,45.10109],[-71.35589,45.09388]]],[[[-71.33315,45.08889],[-71.33821,45.08034],[-71.33872,45.08068],[-71.34074,45.08091],[-71.34222,45.08154],[-71.34488,45.08189],[-71.34601,45.08218],[-71.34174,45.09934],[-71.33117,45.09857],[-71.33315,45.08889]]]]},"properties":{"id":"p-009-001","name":"Brown WMA","status":"verified","acres":808.2,"score":51}},{"type":"Feature","id":20,"geometry":{"type":"Polygon","coordinates":[[[-71.29873,45.06241],[-71.29896,45.06122],[-71.30006,45.06051],[-71.30055,45.05994],[-71.30058,45.06014],[-71.30097,45.06013],[-71.30112,45.0593],[-71.30144,45.0587],[-71.30301,45.05764],[-71.30305,45.05854],[-71.30351,45.05999],[-71.30381,45.06198],[-71.30451,45.06443],[-71.29873,45.06241]]]},"properties":{"id":"p-009-003","name":"Lake Francis State Park","status":"verified","acres":42.3,"score":33}},{"type":"Feature","id":21,"geometry":{"type":"Polygon","coordinates":[[[-71.28685,45.10522],[-71.28384,45.1069],[-71.28191,45.10855],[-71.28559,45.12094],[-71.27319,45.12259],[-71.27543,45.11509],[-71.27739,45.10774],[-71.28167,45.10838],[-71.28171,45.10825],[-71.28091,45.10731],[-71.28598,45.10412],[-71.28685,45.10522]],[[-71.28156,45.12051],[-71.28422,45.1194],[-71.28355,45.11864],[-71.2837,45.11818],[-71.28307,45.11728],[-71.28138,45.11804],[-71.27984,45.11847],[-71.28156,45.12051]],[[-71.28421,45.11805],[-71.28415,45.11774],[-71.28373,45.11777],[-71.28366,45.11791],[-71.28385,45.11808],[-71.28421,45.11805]],[[-71.28229,45.11411],[-71.28238,45.11473],[-71.28289,45.11469],[-71.28281,45.11401],[-71.28229,45.11411]],[[-71.28222,45.11201],[-71.28221,45.11263],[-71.28262,45.11259],[-71.28265,45.11199],[-71.28222,45.11201]]]},"properties":{"id":"p-009-004","name":"Brundage Forest","status":"unknown","acres":246.8,"score":33}},{"type":"Feature","id":22,"geometry":{"type":"Polygon","coordinates":[[[-71.28307,45.11728],[-71.2837,45.11818],[-71.28355,45.11864],[-71.28422,45.1194],[-71.28156,45.12051],[-71.27984,45.11847],[-71.28138,45.11804],[-71.28307,45.11728]]]},"properties":{"id":"p-009-005","name":"Brundage / Romanow","status":"prohibited","acres":16.3,"score":30}},{"type":"Feature","id":23,"geometry":{"type":"Polygon","coordinates":[[[-71.27722,45.10833],[-71.27543,45.11509],[-71.27249,45.11466],[-71.27368,45.10761],[-71.2725,45.10736],[-71.27262,45.10659],[-71.27317,45.10642],[-71.2731,45.1071],[-71.27474,45.10744],[-71.27722,45.10833]]]},"properties":{"id":"p-009-006","name":"French Wildlife Refuge","status":"unknown","acres":54.5,"score":42}},{"type":"Feature","id":24,"geometry":{"type":"Polygon","coordinates":[[[-71.33895,45.07935],[-71.3392,45.07976],[-71.33975,45.07971],[-71.33967,45.08041],[-71.33838,45.08006],[-71.33475,45.08615],[-71.33255,45.08607],[-71.3322,45.08502],[-71.33233,45.08382],[-71.33133,45.08206],[-71.33295,45.08136],[-71.33478,45.07993],[-71.33622,45.07746],[-71.33862,45.07769],[-71.33865,45.0779],[-71.33901,45.07792],[-71.33895,45.07808],[-71.33858,45.07803],[-71.33803,45.07911],[-71.33895,45.07935]]]},"properties":{"id":"p-009-007","name":"Philbrook Town Park (+ Town Beach)","status":"unknown","acres":71.3,"score":32}},{"type":"Feature","id":25,"geometry":{"type":"MultiPolygon","coordinates":[[[[-71.3029,45.05769],[-71.30275,45.05775],[-71.30305,45.05685],[-71.30306,45.0557],[-71.30388,45.05374],[-71.3037,45.05253],[-71.30395,45.0523],[-71.30515,45.0523],[-71.30535,45.05213],[-71.30573,45.05211],[-71.3059,45.04998],[-71.3064,45.04867],[-71.30648,45.04794],[-71.30669,45.04748],[-71.30723,45.04704],[-71.30772,45.0456],[-71.3082,45.04538],[-71.30924,45.04527],[-71.31032,45.04477],[-71.31016,45.04375],[-71.3104,45.04253],[-71.31103,45.0419],[-71.3115,45.04175],[-71.31411,45.04219],[-71.31701,45.04296],[-71.31875,45.04288],[-71.32175,45.04387],[-71.32247,45.04384],[-71.32362,45.0435],[-71.32422,45.04363],[-71.32525,45.04414],[-71.32572,45.04405],[-71.32906,45.0443],[-71.33082,45.04479],[-71.3326,45.04491],[-71.33366,45.0452],[-71.33395,45.04546],[-71.33411,45.04622],[-71.33378,45.04668],[-71.33388,45.04709],[-71.33472,45.04818],[-71.33648,45.04827],[-71.33785,45.04883],[-71.3382,45.04923],[-71.34035,45.04986],[-71.34063,45.05031],[-71.34103,45.05053],[-71.34092,45.05129],[-71.3415,45.05259],[-71.34153,45.05299],[-71.34186,45.05316],[-71.34278,45.05326],[-71.34374,45.05369],[-71.3449,45.05373],[-71.34533,45.05343],[-71.34582,45.052],[-71.34533,45.05114],[-71.34569,45.04983],[-71.34615,45.04929],[-71.34722,45.04877],[-71.34843,45.0488],[-71.34913,45.04896],[-71.34994,45.04893],[-71.35174,45.04922],[-71.35346,45.04894],[-71.3549,45.04934],[-71.35551,45.04985],[-71.35639,45.04986],[-71.35679,45.04976],[-71.35922,45.05018],[-71.35963,45.05008],[-71.3604,45.04967],[-71.36071,45.04967],[-71.36143,45.04999],[-71.36179,45.04986],[-71.36231,45.04987],[-71.3628,45.0497],[-71.36323,45.04933],[-71.36378,45.04928],[-71.36562,45.04854],[-71.36663,45.04839],[-71.36912,45.04843],[-71.3698,45.04817],[-71.37035,45.04813],[-71.37168,45.04861],[-71.37238,45.04915],[-71.37263,45.04873],[-71.37197,45.04823],[-71.37199,45.04792],[-71.37383,45.04755],[-71.37489,45.04748],[-71.37626,45.04783],[-71.37721,45.04957],[-71.3773,45.04963],[-71.37757,45.04955],[-71.37797,45.05018],[-71.37835,45.05012],[-71.37899,45.05047],[-71.37995,45.05041],[-71.3803,45.05018],[-71.38035,45.04982],[-71.38009,45.04948],[-71.37974,45.04962],[-71.3794,45.04958],[-71.37866,45.04899],[-71.37859,45.04957],[-71.37844,45.04952],[-71.37785,45.04877],[-71.37753,45.04771],[-71.37782,45.04741],[-71.37817,45.04732],[-71.37949,45.04766],[-71.3834,45.04382],[-71.3805,45.04258],[-71.38017,45.04216],[-71.37983,45.04225],[-71.37978,45.04206],[-71.37948,45.04195],[-71.37873,45.04188],[-71.37782,45.04136],[-71.37779,45.04094],[-71.37754,45.04078],[-71.37753,45.04037],[-71.37768,45.03866],[-71.37801,45.0383],[-71.37786,45.03812],[-71.37803,45.0375],[-71.37768,45.03648],[-71.37733,45.03676],[-71.37727,45.03709],[-71.37745,45.0376],[-71.37725,45.03831],[-71.37649,45.03887],[-71.37627,45.04034],[-71.37554,45.04081],[-71.37403,45.04147],[-71.37307,45.04151],[-71.37151,45.04186],[-71.36832,45.04278],[-71.36726,45.04275],[-71.36626,45.04304],[-71.36538,45.04305],[-71.3648,45.04342],[-71.36416,45.04361],[-71.36367,45.0436],[-71.3632,45.04402],[-71.36268,45.04412],[-71.36089,45.04413],[-71.36039,45.04325],[-71.35961,45.04338],[-71.3572,45.04343],[-71.35656,45.04248],[-71.35604,45.04251],[-71.35545,45.04223],[-71.35474,45.04223],[-71.35317,45.04012],[-71.35277,45.04004],[-71.35218,45.04018],[-71.35088,45.03959],[-71.35024,45.03965],[-71.34922,45.03799],[-71.35612,45.03886],[-71.36509,45.04036],[-71.36735,45.0321],[-71.37638,45.0333],[-71.37721,45.03029],[-71.38532,45.03125],[-71.38366,45.0369],[-71.38255,45.04245],[-71.38485,45.04277],[-71.38394,45.04665],[-71.38572,45.04801],[-71.38717,45.04846],[-71.38764,45.04896],[-71.38331,45.05013],[-71.38192,45.05132],[-71.37676,45.0516],[-71.37562,45.04787],[-71.37476,45.04782],[-71.37441,45.04796],[-71.37431,45.04851],[-71.37482,45.04863],[-71.37528,45.04961],[-71.37502,45.0499],[-71.3745,45.05014],[-71.37424,45.05101],[-71.37443,45.05129],[-71.37469,45.0514],[-71.37475,45.05163],[-71.37581,45.0516],[-71.37627,45.05576],[-71.37126,45.0554],[-71.36553,45.05438],[-71.36562,45.05301],[-71.36544,45.051],[-71.36316,45.05102],[-71.36317,45.0509],[-71.36357,45.0508],[-71.36366,45.04969],[-71.36137,45.05025],[-71.36103,45.05008],[-71.36053,45.05004],[-71.35923,45.05049],[-71.35758,45.05013],[-71.35627,45.05018],[-71.3557,45.05034],[-71.35481,45.05001],[-71.35406,45.04954],[-71.35357,45.04943],[-71.35239,45.04965],[-71.35183,45.04963],[-71.35033,45.04929],[-71.3502,45.0494],[-71.34924,45.04934],[-71.34824,45.04905],[-71.34788,45.04911],[-71.34673,45.04969],[-71.34621,45.05016],[-71.34591,45.05089],[-71.34594,45.05117],[-71.34635,45.05169],[-71.34631,45.05201],[-71.3458,45.05375],[-71.34515,45.05436],[-71.34467,45.05406],[-71.34255,45.05357],[-71.34225,45.05367],[-71.342,45.05402],[-71.34071,45.05409],[-71.33997,45.05032],[-71.33085,45.05041],[-71.33083,45.05024],[-71.32622,45.05014],[-71.32607,45.05484],[-71.32654,45.05967],[-71.31295,45.06135],[-71.31052,45.06095],[-71.30311,45.05716],[-71.3029,45.05769]],[[-71.36391,45.05031],[-71.3661,45.0496],[-71.36602,45.04906],[-71.36391,45.04976],[-71.36391,45.05031]],[[-71.36628,45.04954],[-71.36713,45.04938],[-71.36816,45.04941],[-71.36823,45.04889],[-71.36739,45.04883],[-71.36628,45.04896],[-71.36628,45.04954]],[[-71.36971,45.04987],[-71.37214,45.05175],[-71.37302,45.05217],[-71.3737,45.05234],[-71.37391,45.05178],[-71.37272,45.05139],[-71.37078,45.04976],[-71.36994,45.04934],[-71.36971,45.04987]]],[[[-71.29669,45.04562],[-71.29652,45.04442],[-71.29605,45.044],[-71.29458,45.04385],[-71.29398,45.04403],[-71.29356,45.04446],[-71.29321,45.04449],[-71.29255,45.04391],[-71.29181,45.04375],[-71.29216,45.04252],[-71.29203,45.04175],[-71.29243,45.041],[-71.29231,45.04076],[-71.29133,45.04008],[-71.291,45.03954],[-71.29017,45.03908],[-71.2891,45.03889],[-71.28614,45.03766],[-71.28615,45.03721],[-71.28653,45.03666],[-71.2863,45.03641],[-71.28569,45.03636],[-71.28447,45.036],[-71.28296,45.03588],[-71.28056,45.03538],[-71.27958,45.03491],[-71.27706,45.03405],[-71.27579,45.03329],[-71.27391,45.03264],[-71.27245,45.03279],[-71.26951,45.03391],[-71.2694,45.03406],[-71.26948,45.03457],[-71.26906,45.03413],[-71.26888,45.03433],[-71.26708,45.03474],[-71.26688,45.03495],[-71.26647,45.03495],[-71.26692,45.03442],[-71.26759,45.03421],[-71.26781,45.03395],[-71.26789,45.03258],[-71.26842,45.03124],[-71.26912,45.0307],[-71.26969,45.03064],[-71.26993,45.03013],[-71.26992,45.0271],[-71.27048,45.02688],[-71.27094,45.02649],[-71.27094,45.0256],[-71.27117,45.0253],[-71.27016,45.02452],[-71.26918,45.0243],[-71.26899,45.02413],[-71.26897,45.02386],[-71.26954,45.02398],[-71.26983,45.02326],[-71.27175,45.02335],[-71.27216,45.02319],[-71.27266,45.02254],[-71.27408,45.02246],[-71.27591,45.02195],[-71.27654,45.02207],[-71.27891,45.02186],[-71.2817,45.02102],[-71.2824,45.0212],[-71.2828,45.02114],[-71.28303,45.02088],[-71.28338,45.02074],[-71.28339,45.0217],[-71.28319,45.02209],[-71.2815,45.02248],[-71.28087,45.02302],[-71.28081,45.0235],[-71.28098,45.02395],[-71.2804,45.02447],[-71.28031,45.02494],[-71.28121,45.0259],[-71.2815,45.02579],[-71.28213,45.02415],[-71.2831,45.02373],[-71.28391,45.02311],[-71.28425,45.0237],[-71.28571,45.02463],[-71.28751,45.02631],[-71.28798,45.02695],[-71.28881,45.02741],[-71.28943,45.02737],[-71.29078,45.02673],[-71.2914,45.02629],[-71.29142,45.02616],[-71.2916,45.0262],[-71.29308,45.02743],[-71.29432,45.02923],[-71.29506,45.02972],[-71.29635,45.03001],[-71.29781,45.03009],[-71.29819,45.03031],[-71.29981,45.03069],[-71.30044,45.03098],[-71.3019,45.03129],[-71.30277,45.03192],[-71.30443,45.03246],[-71.30616,45.03259],[-71.30782,45.03219],[-71.30791,45.03256],[-71.30837,45.0328],[-71.30958,45.03283],[-71.31043,45.0331],[-71.31209,45.03303],[-71.31336,45.03341],[-71.31536,45.03376],[-71.31657,45.03367],[-71.31682,45.03355],[-71.31931,45.03366],[-71.3202,45.03335],[-71.32069,45.03341],[-71.32116,45.03332],[-71.32224,45.0329],[-71.32293,45.03335],[-71.32389,45.03376],[-71.32516,45.0339],[-71.32589,45.03412],[-71.32656,45.03418],[-71.32789,45.03402],[-71.32848,45.03425],[-71.32915,45.03431],[-71.32995,45.03416],[-71.33056,45.03389],[-71.33175,45.03442],[-71.33312,45.03466],[-71.33491,45.03449],[-71.33581,45.0347],[-71.33918,45.03468],[-71.33987,45.03448],[-71.34019,45.03425],[-71.34077,45.03343],[-71.34165,45.03373],[-71.34264,45.03378],[-71.34371,45.03363],[-71.3444,45.03329],[-71.34458,45.03238],[-71.34435,45.03164],[-71.34595,45.02997],[-71.34646,45.02911],[-71.34634,45.02856],[-71.34684,45.02874],[-71.34772,45.02941],[-71.34814,45.03008],[-71.34858,45.0302],[-71.34933,45.0301],[-71.34812,45.03629],[-71.34792,45.03618],[-71.34795,45.03583],[-71.34766,45.03563],[-71.34757,45.03528],[-71.34721,45.03494],[-71.34701,45.03497],[-71.34634,45.03569],[-71.34415,45.03669],[-71.34284,45.0376],[-71.34197,45.03706],[-71.34072,45.03746],[-71.33991,45.03723],[-71.3391,45.03722],[-71.33829,45.03702],[-71.33669,45.03723],[-71.33497,45.03724],[-71.33285,45.03676],[-71.3312,45.03607],[-71.33057,45.03625],[-71.32958,45.03628],[-71.32763,45.03579],[-71.32535,45.03586],[-71.32288,45.0357],[-71.32238,45.03554],[-71.32215,45.03573],[-71.32186,45.03577],[-71.32101,45.03567],[-71.32039,45.03544],[-71.31971,45.03561],[-71.31773,45.03551],[-71.3175,45.03541],[-71.31635,45.03558],[-71.31388,45.03532],[-71.31177,45.03469],[-71.3102,45.03456],[-71.30413,45.03349],[-71.30295,45.03318],[-71.30135,45.03236],[-71.29894,45.03205],[-71.29699,45.03151],[-71.29595,45.03136],[-71.29362,45.03048],[-71.29214,45.03013],[-71.29014,45.02933],[-71.28925,45.02945],[-71.28832,45.02992],[-71.28766,45.03077],[-71.2871,45.03056],[-71.28505,45.03018],[-71.28444,45.03103],[-71.28376,45.03106],[-71.28493,45.03167],[-71.28628,45.03153],[-71.28713,45.03173],[-71.28954,45.03278],[-71.29078,45.03361],[-71.29084,45.0341],[-71.29065,45.03458],[-71.29197,45.03502],[-71.29354,45.03618],[-71.29412,45.03727],[-71.29421,45.03808],[-71.29378,45.03901],[-71.29333,45.03951],[-71.29326,45.0406],[-71.29387,45.04078],[-71.29391,45.04103],[-71.29435,45.04098],[-71.2963,45.04133],[-71.29758,45.04175],[-71.29833,45.04278],[-71.29925,45.04321],[-71.30022,45.044],[-71.30034,45.04467],[-71.30111,45.04514],[-71.30088,45.0455],[-71.2998,45.04545],[-71.30071,45.047],[-71.30077,45.04761],[-71.30068,45.04821],[-71.29967,45.04973],[-71.29957,45.05127],[-71.29975,45.05264],[-71.29993,45.05288],[-71.29973,45.05421],[-71.30009,45.05575],[-71.29972,45.05739],[-71.29993,45.05884],[-71.29948,45.05996],[-71.29879,45.06064],[-71.29908,45.06076],[-71.29918,45.06099],[-71.29886,45.06144],[-71.29873,45.06241],[-71.29769,45.06196],[-71.29745,45.06048],[-71.29752,45.06],[-71.2983,45.05839],[-71.29819,45.05737],[-71.298,45.05694],[-71.29815,45.05647],[-71.2979,45.05544],[-71.2896,45.05521],[-71.29281,45.04512],[-71.29669,45.04562]]],[[[-71.36204,45.05129],[-71.36174,45.05266],[-71.36016,45.05408],[-71.35836,45.05469],[-71.35546,45.05479],[-71.35559,45.05279],[-71.35919,45.0529],[-71.35924,45.05222],[-71.35787,45.05218],[-71.35787,45.05201],[-71.36013,45.05206],[-71.36017,45.05145],[-71.36204,45.05129]]]]},"properties":{"id":"p-009-008","name":"Murphy Dam/Lake Francis","status":"unknown","acres":2774.2,"score":46}},{"type":"Feature","id":26,"geometry":{"type":"MultiPolygon","coordinates":[[[[-71.37586,45.05186],[-71.38125,45.05168],[-71.38373,45.0514],[-71.3838,45.05148],[-71.38359,45.05173],[-71.38369,45.05201],[-71.38327,45.05222],[-71.38323,45.05287],[-71.38368,45.05366],[-71.38364,45.05466],[-71.38386,45.05514],[-71.38367,45.0556],[-71.38378,45.05632],[-71.38349,45.05672],[-71.38427,45.05697],[-71.38398,45.05763],[-71.38335,45.05845],[-71.38255,45.05909],[-71.37834,45.06142],[-71.37546,45.05839],[-71.37659,45.05829],[-71.37586,45.05186]]],[[[-71.36101,45.0534],[-71.36182,45.05249],[-71.36211,45.0509],[-71.36239,45.05086],[-71.36309,45.05102],[-71.36544,45.051],[-71.36562,45.05301],[-71.36553,45.05438],[-71.37113,45.05536],[-71.37249,45.06333],[-71.36274,45.06359],[-71.36187,45.05458],[-71.36101,45.0534]]]]},"properties":{"id":"p-009-010","name":"Jahoda Conservation Easement","status":"unknown","acres":343.6,"score":51}},{"type":"Feature","id":27,"geometry":{"type":"Polygon","coordinates":[[[-71.16071,45.06177],[-71.16186,45.06238],[-71.16202,45.06275],[-71.16275,45.06244],[-71.16373,45.063],[-71.1623,45.06364],[-71.16249,45.06433],[-71.16185,45.06548],[-71.16071,45.06177]]]},"properties":{"id":"p-010-001","name":"Magalloway Mountain Fire Tower","status":"verified","acres":8.5,"score":54}},{"type":"Feature","id":28,"geometry":{"type":"Polygon","coordinates":[[[-71.52234,44.97921],[-71.52527,44.97959],[-71.52571,44.9782],[-71.53116,44.97896],[-71.5313,44.97775],[-71.5319,44.97769],[-71.53222,44.97976],[-71.53451,44.98083],[-71.53503,44.98087],[-71.53608,44.98062],[-71.53628,44.98064],[-71.53662,44.98099],[-71.53665,44.98152],[-71.53615,44.9833],[-71.53644,44.98408],[-71.53727,44.98459],[-71.53756,44.98464],[-71.53883,44.98439],[-71.54051,44.98379],[-71.54101,44.98395],[-71.54111,44.98436],[-71.54075,44.985],[-71.53976,44.98566],[-71.53831,44.98726],[-71.53824,44.98752],[-71.5385,44.98825],[-71.53842,44.98858],[-71.53715,44.98903],[-71.53573,44.9891],[-71.53415,44.98961],[-71.53294,44.99058],[-71.52037,44.98886],[-71.51856,44.99546],[-71.51442,44.99486],[-71.51229,44.99432],[-71.5,44.99263],[-71.50232,44.99142],[-71.5032,44.98833],[-71.50578,44.98869],[-71.50694,44.98397],[-71.51579,44.98509],[-71.51709,44.98064],[-71.52172,44.98131],[-71.52234,44.97921]],[[-71.5279,44.98355],[-71.52759,44.98443],[-71.52951,44.98463],[-71.52961,44.9838],[-71.5279,44.98355]]]},"properties":{"id":"p-012-001","name":"Coos County Farm","status":"unknown","acres":744.6,"score":65}},{"type":"Feature","id":29,"geometry":{"type":"Polygon","coordinates":[[[-71.50758,44.92254],[-71.50574,44.92083],[-71.50607,44.92067],[-71.50711,44.92143],[-71.50779,44.92212],[-71.5093,44.92415],[-71.51017,44.92454],[-71.51118,44.92472],[-71.51156,44.92491],[-71.51204,44.92607],[-71.51309,44.92659],[-71.51463,44.92661],[-71.51541,44.92714],[-71.51212,44.92829],[-71.50754,44.92268],[-71.50774,44.92256],[-71.50758,44.92254]]]},"properties":{"id":"p-012-002","name":"Connecticut River Boat Access","status":"unknown","acres":23.4,"score":36}},{"type":"Feature","id":30,"geometry":{"type":"Polygon","coordinates":[[[-71.52404,44.87867],[-71.52234,44.8795],[-71.5217,44.88019],[-71.52072,44.88266],[-71.51932,44.88421],[-71.51878,44.88458],[-71.51795,44.88463],[-71.51657,44.88426],[-71.51502,44.88445],[-71.51291,44.88334],[-71.51298,44.88308],[-71.51159,44.88294],[-71.52117,44.87669],[-71.52404,44.87867]]]},"properties":{"id":"p-012-003","name":"Wallaceirr.Trust, R.J./Upper99, LLC","status":"unknown","acres":96.1,"score":39}},{"type":"Feature","id":31,"geometry":{"type":"Polygon","coordinates":[[[-71.51036,44.98364],[-71.51156,44.98327],[-71.51155,44.98344],[-71.5119,44.98349],[-71.51225,44.98338],[-71.51196,44.98309],[-71.51029,44.9835],[-71.51024,44.98365],[-71.51018,44.97999],[-71.51628,44.9807],[-71.51503,44.98501],[-71.51022,44.98441],[-71.51036,44.98364]]]},"properties":{"id":"p-012-004","name":"Kribstock-Fowler Preserve","status":"unknown","acres":51.5,"score":46}},{"type":"Feature","id":32,"geometry":{"type":"Polygon","coordinates":[[[-71.52216,44.87629],[-71.5268,44.87352],[-71.52821,44.87291],[-71.53002,44.87239],[-71.53105,44.87157],[-71.53119,44.87159],[-71.53104,44.87194],[-71.5299,44.87266],[-71.52907,44.87279],[-71.52852,44.87313],[-71.52812,44.87377],[-71.52818,44.87503],[-71.52848,44.87566],[-71.52854,44.87621],[-71.52799,44.87778],[-71.5274,44.87826],[-71.52645,44.87847],[-71.52404,44.87867],[-71.52117,44.87669],[-71.52216,44.87629]]]},"properties":{"id":"p-012-005","name":"Lang Meadow CE","status":"unknown","acres":52.4,"score":30}},{"type":"Feature","id":33,"geometry":{"type":"Polygon","coordinates":[[[-71.51473,44.9325],[-71.51225,44.92825],[-71.51558,44.92708],[-71.5158,44.92752],[-71.51548,44.92811],[-71.51371,44.92844],[-71.51317,44.92885],[-71.51309,44.92916],[-71.51389,44.93029],[-71.51531,44.93119],[-71.51587,44.93171],[-71.51615,44.93245],[-71.51592,44.93414],[-71.51614,44.93517],[-71.51637,44.9355],[-71.51697,44.93584],[-71.51973,44.93675],[-71.52018,44.93712],[-71.52049,44.93762],[-71.52144,44.93809],[-71.52199,44.93883],[-71.52175,44.93913],[-71.52131,44.93914],[-71.52036,44.93858],[-71.51913,44.93849],[-71.51847,44.93857],[-71.51707,44.93912],[-71.51618,44.93986],[-71.51514,44.94275],[-71.51484,44.94272],[-71.51504,44.94047],[-71.51582,44.93706],[-71.51473,44.9325]]]},"properties":{"id":"p-012-006","name":"Connecticut River Drivers WMA","status":"unknown","acres":55.5,"score":40}},{"type":"Feature","id":34,"geometry":{"type":"Polygon","coordinates":[[[-71.49847,44.90116],[-71.50108,44.89901],[-71.5029,44.89952],[-71.50417,44.90032],[-71.50432,44.90049],[-71.50409,44.90048],[-71.50411,44.90056],[-71.50457,44.90066],[-71.50334,44.90127],[-71.50297,44.90117],[-71.50288,44.90103],[-71.50288,44.90115],[-71.50325,44.90133],[-71.50239,44.90217],[-71.49847,44.90116]]]},"properties":{"id":"p-012-007","name":"Laggons/River Walk","status":"unknown","acres":22.1,"score":34}},{"type":"Feature","id":35,"geometry":{"type":"MultiPolygon","coordinates":[[[[-71.46789,44.95472],[-71.46653,44.95918],[-71.45903,44.95794],[-71.46046,44.95355],[-71.46789,44.95472]]],[[[-71.45982,44.98708],[-71.46104,44.98243],[-71.47088,44.98379],[-71.46968,44.98835],[-71.45982,44.98708]]],[[[-71.4686,44.9976],[-71.45749,44.99612],[-71.45879,44.99172],[-71.46978,44.99321],[-71.4686,44.9976]]]]},"properties":{"id":"p-013-001","name":"Coos County Farm","status":"unknown","acres":286.1,"score":49}},{"type":"Feature","id":36,"geometry":{"type":"Polygon","coordinates":[[[-71.45171,44.99536],[-71.43057,44.99255],[-71.4304,44.98833],[-71.43487,44.98906],[-71.4363,44.98919],[-71.43628,44.9895],[-71.43681,44.98957],[-71.43828,44.98351],[-71.44429,44.9843],[-71.44842,44.98467],[-71.44791,44.98798],[-71.44768,44.98816],[-71.44713,44.99045],[-71.45039,44.99099],[-71.45132,44.99351],[-71.45106,44.99409],[-71.45111,44.99437],[-71.45158,44.99495],[-71.45171,44.99536]]]},"properties":{"id":"p-013-002","name":"Hurlburt Swamp Preserve","status":"unknown","acres":316.6,"score":46}},{"type":"Feature","id":37,"geometry":{"type":"Polygon","coordinates":[[[-71.43586,44.99325],[-71.43957,44.99374],[-71.4393,44.99489],[-71.43881,44.99601],[-71.43848,44.99789],[-71.43739,44.99755],[-71.43582,44.99742],[-71.4349,44.99747],[-71.43586,44.99325]]]},"properties":{"id":"p-013-003","name":"Hurlburt Swamp","status":"prohibited","acres":32.7,"score":38}},{"type":"Feature","id":38,"geometry":{"type":"Polygon","coordinates":[[[-71.48595,44.92897],[-71.48965,44.92945],[-71.49008,44.92778],[-71.49092,44.92782],[-71.49133,44.9277],[-71.49403,44.92816],[-71.49421,44.92849],[-71.49407,44.92923],[-71.4942,44.92978],[-71.49426,44.93249],[-71.48524,44.9316],[-71.48595,44.92897]]]},"properties":{"id":"p-013-004","name":"Patrick Woodlot","status":"unknown","acres":64.9,"score":43}},{"type":"Feature","id":39,"geometry":{"type":"MultiPolygon","coordinates":[[[[-71.46524,44.91989],[-71.46581,44.91999],[-71.46497,44.92072],[-71.46452,44.92043],[-71.46524,44.91989]]],[[[-71.46496,44.91986],[-71.46426,44.92044],[-71.46333,44.92163],[-71.46202,44.92083],[-71.46309,44.9196],[-71.46496,44.91986]]]]},"properties":{"id":"p-013-005","name":"Beaver Brook Falls Natural Area","status":"verified","acres":7.4,"score":25}},{"type":"Feature","id":40,"geometry":{"type":"Polygon","coordinates":[[[-71.45614,44.91754],[-71.4569,44.91642],[-71.45703,44.91548],[-71.45773,44.91432],[-71.46774,44.9154],[-71.46721,44.9177],[-71.46428,44.91897],[-71.46098,44.91724],[-71.45993,44.91703],[-71.45926,44.91729],[-71.45891,44.91791],[-71.45798,44.91822],[-71.45614,44.91754]]]},"properties":{"id":"p-013-006","name":"Colebrook Town Woodlot","status":"unknown","acres":72.8,"score":37}},{"type":"Feature","id":41,"geometry":{"type":"Polygon","coordinates":[[[-71.49651,44.89531],[-71.49601,44.89501],[-71.49662,44.89531],[-71.49712,44.89478],[-71.49769,44.89503],[-71.49718,44.89576],[-71.4976,44.89594],[-71.49738,44.89619],[-71.49638,44.89553],[-71.49651,44.89531]]]},"properties":{"id":"p-013-007","name":"Colebrook Water Works Land","status":"unknown","acres":1.9,"score":10}},{"type":"Feature","id":42,"geometry":{"type":"MultiPolygon","coordinates":[[[[-71.47709,44.87507],[-71.47804,44.87516],[-71.47749,44.87553],[-71.47707,44.87561],[-71.47709,44.87507]]],[[[-71.48009,44.87535],[-71.47827,44.87647],[-71.47816,44.88008],[-71.4779,44.88046],[-71.4756,44.88036],[-71.47577,44.87881],[-71.47372,44.87882],[-71.47388,44.87613],[-71.47534,44.8758],[-71.47735,44.87571],[-71.47825,44.87518],[-71.48009,44.87535]]]]},"properties":{"id":"p-013-008","name":"Colebrook04-3007","status":"unknown","acres":40.9,"score":49}},{"type":"Feature","id":43,"geometry":{"type":"MultiPolygon","coordinates":[[[[-71.47882,44.89195],[-71.47805,44.89146],[-71.4775,44.89182],[-71.47755,44.89146],[-71.47664,44.89116],[-71.47723,44.88869],[-71.4842,44.88967],[-71.48364,44.89199],[-71.48274,44.89179],[-71.48268,44.89225],[-71.4816,44.89232],[-71.48174,44.89269],[-71.47972,44.89252],[-71.47875,44.89229],[-71.47882,44.89195]]],[[[-71.47307,44.89504],[-71.47551,44.89538],[-71.47637,44.89212],[-71.47727,44.89238],[-71.47751,44.89209],[-71.47913,44.89273],[-71.47963,44.89277],[-71.47953,44.89349],[-71.48093,44.89359],[-71.48098,44.89327],[-71.48303,44.89332],[-71.48177,44.89855],[-71.47243,44.89732],[-71.47307,44.89504]]]]},"properties":{"id":"p-013-009","name":"Davis Estate, Harold","status":"unknown","acres":136.9,"score":67}},{"type":"Feature","id":44,"geometry":{"type":"Polygon","coordinates":[[[-71.49287,44.9116],[-71.49383,44.91207],[-71.49462,44.9122],[-71.49613,44.9119],[-71.49818,44.91118],[-71.49914,44.91109],[-71.49981,44.91127],[-71.50023,44.91165],[-71.50041,44.91217],[-71.50034,44.91465],[-71.50213,44.91669],[-71.50292,44.9179],[-71.50239,44.91819],[-71.5062,44.92132],[-71.50745,44.92258],[-71.50716,44.92272],[-71.50561,44.9212],[-71.50382,44.92036],[-71.49743,44.91909],[-71.49599,44.91848],[-71.49453,44.91704],[-71.49169,44.91172],[-71.49287,44.9116]]]},"properties":{"id":"p-013-010","name":"Colebrook Easement","status":"unknown","acres":134.5,"score":36}},{"type":"Feature","id":45,"geometry":{"type":"MultiPolygon","coordinates":[[[[-71.48366,44.9811],[-71.48467,44.97767],[-71.49527,44.97918],[-71.49432,44.98255],[-71.49359,44.9825],[-71.49522,44.98464],[-71.49578,44.98561],[-71.49575,44.9857],[-71.49344,44.98502],[-71.49318,44.98442],[-71.49209,44.98425],[-71.4915,44.98624],[-71.49301,44.98647],[-71.49193,44.99066],[-71.48356,44.98953],[-71.48324,44.98715],[-71.48234,44.98533],[-71.48193,44.98527],[-71.48366,44.9811]]],[[[-71.47611,44.98447],[-71.47607,44.98499],[-71.47331,44.98639],[-71.47337,44.98704],[-71.47383,44.98711],[-71.47396,44.98694],[-71.4741,44.98696],[-71.47401,44.98747],[-71.47457,44.98762],[-71.47438,44.98784],[-71.47448,44.98798],[-71.47512,44.98794],[-71.47528,44.98845],[-71.46987,44.98758],[-71.47088,44.98379],[-71.47611,44.98447]]],[[[-71.47827,44.99015],[-71.47863,44.99108],[-71.47921,44.99139],[-71.48032,44.99229],[-71.48017,44.99239],[-71.47987,44.99218],[-71.47952,44.99261],[-71.47898,44.99266],[-71.47844,44.99228],[-71.47787,44.99231],[-71.47744,44.99216],[-71.47738,44.99147],[-71.47706,44.99129],[-71.47703,44.99102],[-71.47671,44.99076],[-71.47714,44.99022],[-71.47668,44.99003],[-71.47657,44.98987],[-71.47723,44.98967],[-71.47732,44.98939],[-71.47642,44.98885],[-71.47633,44.98902],[-71.4761,44.98904],[-71.47593,44.98874],[-71.47528,44.98855],[-71.47528,44.98845],[-71.47816,44.98934],[-71.47827,44.99015]]]]},"properties":{"id":"p-013-011","name":"Coats CE","status":"unknown","acres":313.2,"score":55}},{"type":"Feature","id":46,"geometry":{"type":"MultiPolygon","coordinates":[[[[-71.42319,44.97026],[-71.42372,44.96959],[-71.42391,44.96867],[-71.42348,44.96766],[-71.42358,44.96686],[-71.42444,44.96548],[-71.42498,44.96561],[-71.4257,44.96431],[-71.4296,44.96472],[-71.42943,44.96544],[-71.43154,44.96789],[-71.43054,44.96981],[-71.431,44.96991],[-71.43072,44.97114],[-71.42918,44.97122],[-71.42809,44.97078],[-71.42714,44.97075],[-71.42477,44.97041],[-71.42415,44.97111],[-71.42332,44.97154],[-71.42231,44.97083],[-71.42319,44.97026]]],[[[-71.43669,44.98493],[-71.43483,44.98613],[-71.43247,44.98692],[-71.43168,44.98639],[-71.43033,44.98626],[-71.43103,44.98432],[-71.43121,44.98263],[-71.43784,44.9834],[-71.43794,44.98352],[-71.43669,44.98493]]],[[[-71.43431,44.98657],[-71.43541,44.98612],[-71.43691,44.9851],[-71.43828,44.98351],[-71.43732,44.98748],[-71.43624,44.98856],[-71.43531,44.9891],[-71.4337,44.98887],[-71.43381,44.98831],[-71.4346,44.98681],[-71.43431,44.98657]]],[[[-71.42922,44.9882],[-71.43014,44.98705],[-71.43117,44.98722],[-71.43128,44.98782],[-71.43181,44.98789],[-71.43155,44.98851],[-71.42922,44.9882]]],[[[-71.41704,44.98414],[-71.41699,44.98547],[-71.41591,44.98989],[-71.41351,44.98913],[-71.41361,44.98804],[-71.41243,44.98598],[-71.41361,44.98557],[-71.41314,44.98255],[-71.41689,44.98298],[-71.41704,44.98414]]],[[[-71.41471,44.99407],[-71.41557,44.99401],[-71.41599,44.99318],[-71.41462,44.99306],[-71.41472,44.99249],[-71.41534,44.99256],[-71.41602,44.99065],[-71.41862,44.991],[-71.41718,44.99644],[-71.41563,44.99616],[-71.41511,44.99506],[-71.41584,44.99484],[-71.41559,44.9943],[-71.41484,44.99449],[-71.41471,44.99407]]]]},"properties":{"id":"p-013-012","name":"NRCS_GRP_Hodge","status":"unknown","acres":242.4,"score":55}},{"type":"Feature","id":47,"geometry":{"type":"Polygon","coordinates":[[[-71.40271,44.95677],[-71.40775,44.95747],[-71.40979,44.9576],[-71.41402,44.95822],[-71.41474,44.95579],[-71.424,44.95688],[-71.42399,44.95784],[-71.42459,44.95921],[-71.4243,44.96135],[-71.42459,44.96241],[-71.42396,44.96487],[-71.42296,44.96685],[-71.42304,44.96746],[-71.42354,44.96834],[-71.4234,44.96922],[-71.40031,44.96619],[-71.40271,44.95677]]]},"properties":{"id":"p-013-013","name":"Green Acre Woodlands","status":"unknown","acres":528.6,"score":66}},{"type":"Feature","id":48,"geometry":{"type":"Polygon","coordinates":[[[-71.38051,44.95811],[-71.38308,44.94919],[-71.38849,44.94973],[-71.38959,44.94505],[-71.40068,44.94631],[-71.40212,44.94631],[-71.41591,44.94803],[-71.41546,44.95068],[-71.41495,44.95191],[-71.41088,44.95134],[-71.40954,44.95243],[-71.40398,44.95182],[-71.40031,44.96619],[-71.39051,44.96487],[-71.3895,44.96874],[-71.38001,44.96756],[-71.38022,44.96622],[-71.38245,44.96668],[-71.38245,44.96619],[-71.38306,44.96467],[-71.38475,44.96408],[-71.37547,44.96271],[-71.37542,44.96173],[-71.37429,44.96077],[-71.37503,44.96028],[-71.37594,44.95848],[-71.37674,44.95764],[-71.38051,44.95811]]]},"properties":{"id":"p-013-014","name":"McAllaster","status":"unknown","acres":1073.4,"score":61}},{"type":"Feature","id":49,"geometry":{"type":"Polygon","coordinates":[[[-71.37872,44.93195],[-71.37748,44.93262],[-71.37814,44.93244],[-71.37941,44.9328],[-71.38146,44.93861],[-71.38034,44.93895],[-71.37935,44.93861],[-71.37839,44.93784],[-71.37636,44.93948],[-71.37581,44.93903],[-71.37451,44.93834],[-71.37377,44.93774],[-71.37321,44.93627],[-71.37411,44.9361],[-71.37324,44.93398],[-71.37481,44.93375],[-71.37604,44.93314],[-71.37571,44.93244],[-71.37575,44.93213],[-71.37656,44.93071],[-71.37673,44.92859],[-71.37839,44.9282],[-71.37932,44.92872],[-71.37838,44.93018],[-71.37836,44.93031],[-71.37936,44.93019],[-71.37937,44.93086],[-71.37879,44.93077],[-71.37872,44.93195]],[[-71.37682,44.93287],[-71.37698,44.93281],[-71.37748,44.93262],[-71.37682,44.93287]]]},"properties":{"id":"p-013-015","name":"Thompson Revocable Trust of 2000, Bradley","status":"unknown","acres":105.2,"score":41}},{"type":"Feature","id":50,"geometry":{"type":"Polygon","coordinates":[[[-71.38146,44.93861],[-71.37941,44.9328],[-71.3803,44.9329],[-71.37983,44.93167],[-71.38064,44.93156],[-71.38051,44.93153],[-71.38046,44.9311],[-71.37937,44.93086],[-71.37936,44.93019],[-71.37836,44.93031],[-71.37932,44.92872],[-71.37839,44.9282],[-71.37673,44.92859],[-71.37656,44.93071],[-71.37575,44.93213],[-71.37571,44.93244],[-71.37604,44.93314],[-71.37481,44.93375],[-71.37456,44.93345],[-71.37453,44.93238],[-71.37484,44.93203],[-71.37479,44.93167],[-71.3751,44.93155],[-71.37579,44.93031],[-71.37543,44.92764],[-71.37627,44.92482],[-71.38866,44.92654],[-71.38658,44.93606],[-71.38521,44.9413],[-71.38311,44.94087],[-71.38133,44.94015],[-71.38093,44.93955],[-71.38071,44.93884],[-71.38146,44.93861]]]},"properties":{"id":"p-013-016","name":"Thompson Revocable Trust of 2000, Daryl D.","status":"unknown","acres":266.6,"score":50}},{"type":"Feature","id":51,"geometry":{"type":"Polygon","coordinates":[[[-71.45798,44.91822],[-71.45891,44.91791],[-71.45926,44.91729],[-71.45993,44.91703],[-71.46098,44.91724],[-71.46428,44.91897],[-71.46721,44.9177],[-71.46687,44.91859],[-71.465,44.91984],[-71.45597,44.91861],[-71.45614,44.91754],[-71.45798,44.91822]]]},"properties":{"id":"p-013-017","name":"Beaver Brook Falls","status":"unknown","acres":29.8,"score":33}},{"type":"Feature","id":52,"geometry":{"type":"MultiPolygon","coordinates":[[[[-71.32627,44.91801],[-71.3251,44.92246],[-71.31478,44.92109],[-71.31595,44.91664],[-71.32627,44.91801]]],[[[-71.32025,44.9406],[-71.30197,44.93817],[-71.30573,44.92486],[-71.31361,44.9259],[-71.31102,44.93507],[-71.32147,44.93646],[-71.32279,44.93106],[-71.33381,44.93213],[-71.33467,44.92957],[-71.33946,44.93027],[-71.33997,44.92863],[-71.35666,44.931],[-71.35648,44.93119],[-71.35523,44.93537],[-71.34437,44.93394],[-71.33908,44.95314],[-71.31795,44.95],[-71.32025,44.9406]]]]},"properties":{"id":"p-014-001","name":"Coleman State Park","status":"verified","acres":1556.4,"score":52}},{"type":"Feature","id":53,"geometry":{"type":"MultiPolygon","coordinates":[[[[-71.3489,44.87131],[-71.3485,44.8711],[-71.34709,44.87109],[-71.34715,44.86947],[-71.34597,44.8692],[-71.34442,44.868],[-71.34289,44.86728],[-71.3404,44.86811],[-71.33938,44.86729],[-71.33822,44.86681],[-71.33823,44.86666],[-71.33741,44.86613],[-71.33723,44.86563],[-71.33694,44.86557],[-71.33615,44.86591],[-71.33614,44.8655],[-71.33696,44.86538],[-71.33714,44.86508],[-71.33632,44.86411],[-71.33553,44.86431],[-71.33493,44.86407],[-71.33384,44.86447],[-71.33336,44.86434],[-71.33003,44.86221],[-71.33169,44.85725],[-71.33224,44.85731],[-71.33325,44.85607],[-71.33312,44.85516],[-71.33344,44.85453],[-71.33326,44.85357],[-71.33208,44.85166],[-71.3307,44.8511],[-71.32961,44.85033],[-71.32862,44.85022],[-71.3275,44.84942],[-71.32677,44.84917],[-71.32562,44.84983],[-71.3245,44.84994],[-71.323,44.84861],[-71.32267,44.84848],[-71.32285,44.84793],[-71.32185,44.84789],[-71.32124,44.84733],[-71.3202,44.84744],[-71.31984,44.84542],[-71.31949,44.84519],[-71.31957,44.84473],[-71.31917,44.84453],[-71.31909,44.84417],[-71.3193,44.84297],[-71.31783,44.84099],[-71.31798,44.83947],[-71.31851,44.83857],[-71.31848,44.83802],[-71.31878,44.83668],[-71.3209,44.83739],[-71.32228,44.83761],[-71.32314,44.83807],[-71.32441,44.83842],[-71.32532,44.83856],[-71.32613,44.8385],[-71.3276,44.8391],[-71.33006,44.83942],[-71.33105,44.83995],[-71.33169,44.83964],[-71.33326,44.84077],[-71.33646,44.8444],[-71.33669,44.84699],[-71.33992,44.84992],[-71.34496,44.853],[-71.34638,44.84821],[-71.35553,44.84949],[-71.34972,44.87156],[-71.349,44.87167],[-71.3489,44.87131]]],[[[-71.30104,44.86364],[-71.30151,44.86332],[-71.30241,44.86311],[-71.30312,44.86243],[-71.30328,44.86207],[-71.30262,44.86195],[-71.30622,44.85951],[-71.30757,44.85919],[-71.31038,44.85809],[-71.31166,44.85661],[-71.31258,44.85614],[-71.31411,44.86076],[-71.31786,44.86286],[-71.31454,44.86523],[-71.31247,44.86554],[-71.31066,44.86623],[-71.30799,44.8669],[-71.30616,44.86674],[-71.30386,44.86675],[-71.3023,44.86615],[-71.30142,44.86562],[-71.30082,44.86477],[-71.29974,44.86439],[-71.30066,44.86374],[-71.30104,44.86364]]],[[[-71.32883,44.87176],[-71.33144,44.87058],[-71.33015,44.86912],[-71.32936,44.86874],[-71.33158,44.86781],[-71.33506,44.86797],[-71.33675,44.86656],[-71.33911,44.86747],[-71.33997,44.86812],[-71.34046,44.86892],[-71.34104,44.87098],[-71.3415,44.87143],[-71.34232,44.87191],[-71.32458,44.87808],[-71.32416,44.87941],[-71.32431,44.88003],[-71.32252,44.88042],[-71.321,44.88101],[-71.31845,44.88159],[-71.31729,44.88206],[-71.31788,44.88141],[-71.3183,44.88046],[-71.31937,44.87951],[-71.31957,44.87911],[-71.31964,44.87824],[-71.31947,44.87738],[-71.32057,44.87464],[-71.32157,44.87326],[-71.32148,44.87259],[-71.321,44.87198],[-71.32442,44.87071],[-71.32531,44.87172],[-71.32748,44.87189],[-71.32883,44.87176]]],[[[-71.30617,44.92257],[-71.28112,44.89964],[-71.28199,44.89915],[-71.28119,44.89848],[-71.28117,44.89807],[-71.28143,44.89769],[-71.2814,44.89684],[-71.28201,44.89596],[-71.28207,44.89547],[-71.28173,44.89395],[-71.28199,44.893],[-71.28161,44.89129],[-71.2817,44.88934],[-71.27979,44.88562],[-71.28136,44.88542],[-71.28387,44.88363],[-71.28625,44.88261],[-71.28762,44.87963],[-71.28838,44.87932],[-71.28996,44.87742],[-71.29009,44.87673],[-71.28901,44.87655],[-71.28905,44.87647],[-71.29037,44.87506],[-71.29175,44.87441],[-71.29279,44.87355],[-71.29377,44.87232],[-71.29446,44.87099],[-71.2945,44.8702],[-71.29424,44.86976],[-71.29459,44.86899],[-71.29557,44.86764],[-71.29722,44.86658],[-71.29942,44.86468],[-71.30045,44.86498],[-71.30099,44.8657],[-71.30183,44.86626],[-71.30077,44.86676],[-71.30037,44.86708],[-71.30043,44.86742],[-71.30126,44.86852],[-71.30241,44.86925],[-71.30373,44.86978],[-71.30488,44.87041],[-71.30367,44.87206],[-71.30292,44.87266],[-71.30296,44.8731],[-71.3018,44.87366],[-71.30177,44.87389],[-71.29947,44.87578],[-71.29668,44.87578],[-71.29669,44.87916],[-71.30256,44.87916],[-71.30258,44.87651],[-71.30173,44.87615],[-71.30311,44.87498],[-71.3049,44.87374],[-71.30493,44.87356],[-71.30549,44.8738],[-71.30704,44.87366],[-71.30801,44.87323],[-71.30937,44.87223],[-71.31054,44.87221],[-71.31049,44.87134],[-71.31155,44.87129],[-71.31349,44.87082],[-71.31488,44.87075],[-71.31637,44.8702],[-71.31927,44.87055],[-71.32001,44.87124],[-71.32008,44.87235],[-71.32059,44.8729],[-71.3206,44.87316],[-71.31992,44.87407],[-71.31904,44.87647],[-71.31865,44.87711],[-71.31872,44.87857],[-71.31855,44.87919],[-71.31735,44.88032],[-71.31693,44.88125],[-71.31596,44.88235],[-71.31589,44.88296],[-71.31625,44.88312],[-71.31703,44.88317],[-71.31849,44.88231],[-71.3215,44.88164],[-71.32295,44.88104],[-71.32416,44.88078],[-71.32582,44.88084],[-71.32679,44.88161],[-71.3262,44.88207],[-71.32649,44.88233],[-71.32651,44.88281],[-71.32605,44.88476],[-71.32562,44.88571],[-71.32572,44.88709],[-71.3255,44.88778],[-71.32509,44.88818],[-71.32489,44.88869],[-71.32499,44.88901],[-71.32555,44.88965],[-71.32557,44.88991],[-71.32502,44.89146],[-71.32472,44.89323],[-71.32502,44.89457],[-71.32474,44.89496],[-71.32415,44.89532],[-71.32362,44.89589],[-71.3233,44.89609],[-71.32289,44.89603],[-71.3216,44.90071],[-71.33147,44.90203],[-71.3276,44.9159],[-71.30862,44.91334],[-71.30826,44.9147],[-71.31589,44.91585],[-71.31475,44.92032],[-71.30706,44.9192],[-71.30617,44.92257]],[[-71.31971,44.89352],[-71.31819,44.89576],[-71.31683,44.89686],[-71.31518,44.89784],[-71.31457,44.9002],[-71.31173,44.90417],[-71.31392,44.90626],[-71.3135,44.90803],[-71.3123,44.90887],[-71.3136,44.91155],[-71.31506,44.91121],[-71.31412,44.90912],[-71.31493,44.90855],[-71.31558,44.90603],[-71.31358,44.90403],[-71.31604,44.90061],[-71.31659,44.89843],[-71.31768,44.8978],[-71.3198,44.89616],[-71.321,44.89439],[-71.32311,44.88905],[-71.32317,44.88573],[-71.3216,44.88574],[-71.32151,44.88888],[-71.31971,44.89352]]],[[[-71.33148,44.90203],[-71.33276,44.8974],[-71.34291,44.89876],[-71.34171,44.90344],[-71.33148,44.90203]]],[[[-71.3479,44.92382],[-71.3459,44.92497],[-71.34698,44.92051],[-71.34839,44.92072],[-71.34924,44.91789],[-71.35894,44.91923],[-71.35901,44.92027],[-71.35842,44.92222],[-71.3583,44.9222],[-71.35665,44.92899],[-71.3555,44.92665],[-71.35472,44.92554],[-71.35406,44.92501],[-71.35314,44.92466],[-71.35098,44.9243],[-71.34856,44.92374],[-71.3479,44.92382]]]]},"properties":{"id":"p-014-002","name":"Tillotson Corporation","status":"unknown","acres":5675.5,"score":65}},{"type":"Feature","id":54,"geometry":{"type":"Polygon","coordinates":[[[-71.32317,44.88573],[-71.32311,44.88905],[-71.321,44.89439],[-71.3198,44.89616],[-71.31768,44.8978],[-71.31659,44.89843],[-71.31604,44.90061],[-71.31358,44.90403],[-71.31558,44.90603],[-71.31493,44.90855],[-71.31412,44.90912],[-71.31506,44.91121],[-71.3136,44.91155],[-71.3123,44.90887],[-71.3135,44.90803],[-71.31392,44.90626],[-71.31173,44.90417],[-71.31457,44.9002],[-71.31518,44.89784],[-71.31683,44.89686],[-71.31819,44.89576],[-71.31951,44.89398],[-71.32151,44.88888],[-71.3216,44.88574],[-71.32317,44.88573]]]},"properties":{"id":"p-014-003","name":"Tillotson Reservation, Neil & Louise","status":"unknown","acres":96.3,"score":50}},{"type":"Feature","id":55,"geometry":{"type":"MultiPolygon","coordinates":[[[[-71.38576,44.93922],[-71.39176,44.94001],[-71.39077,44.94396],[-71.38775,44.94309],[-71.38625,44.94323],[-71.38478,44.94313],[-71.38487,44.94276],[-71.38233,44.94204],[-71.38181,44.94275],[-71.37926,44.94223],[-71.37916,44.9422],[-71.37936,44.94195],[-71.379,44.94181],[-71.37881,44.94206],[-71.37794,44.94148],[-71.37677,44.93986],[-71.38071,44.93884],[-71.38093,44.93955],[-71.38133,44.94015],[-71.38311,44.94087],[-71.38521,44.9413],[-71.38576,44.93922]],[[-71.37865,44.94119],[-71.37867,44.94122],[-71.37869,44.94119],[-71.37865,44.94119]]],[[[-71.38768,44.94322],[-71.39073,44.9441],[-71.39047,44.94514],[-71.38726,44.94479],[-71.38768,44.94322]]],[[[-71.36333,44.94428],[-71.36574,44.94459],[-71.36621,44.94291],[-71.36381,44.94258],[-71.36481,44.93905],[-71.36479,44.93803],[-71.36502,44.93769],[-71.36581,44.93777],[-71.36639,44.93671],[-71.37301,44.93756],[-71.37054,44.94757],[-71.36276,44.94644],[-71.36333,44.94428]]]]},"properties":{"id":"p-014-004","name":"Fred Williams Place","status":"unknown","acres":257.5,"score":40}},{"type":"Feature","id":56,"geometry":{"type":"MultiPolygon","coordinates":[[[[-71.37148,44.93618],[-71.37189,44.93574],[-71.37179,44.93465],[-71.37195,44.9345],[-71.37188,44.93424],[-71.37206,44.93419],[-71.37295,44.93546],[-71.37356,44.93756],[-71.37064,44.93726],[-71.37004,44.9361],[-71.37148,44.93618]]],[[[-71.36377,44.95146],[-71.36083,44.95102],[-71.35559,44.95045],[-71.3591,44.9459],[-71.36497,44.94677],[-71.36377,44.95146]]]]},"properties":{"id":"p-014-005","name":"Placey","status":"prohibited","acres":86.5,"score":54}},{"type":"Feature","id":57,"geometry":{"type":"Polygon","coordinates":[[[-71.04689,44.86723],[-71.04675,44.86313],[-71.05192,44.86281],[-71.17532,44.85707],[-71.17133,44.87504],[-71.16295,44.90991],[-71.14879,44.9701],[-71.10132,44.97247],[-71.07304,44.9729],[-71.05664,44.97301],[-71.04941,44.89683],[-71.04794,44.87831],[-71.04689,44.86723]]]},"properties":{"id":"p-016-001","name":"Second College Grant","status":"verified","acres":26754.7,"score":72}},{"type":"Feature","id":58,"geometry":{"type":"Polygon","coordinates":[[[-71.51944,44.8425],[-71.52276,44.8428],[-71.52363,44.8395],[-71.52019,44.83901],[-71.52156,44.83462],[-71.52383,44.83483],[-71.52665,44.83545],[-71.53109,44.8362],[-71.52596,44.85496],[-71.516,44.85363],[-71.51944,44.8425]],[[-71.52901,44.83729],[-71.52823,44.84105],[-71.52701,44.84386],[-71.52775,44.84407],[-71.52824,44.84325],[-71.52894,44.84123],[-71.52929,44.84068],[-71.53005,44.83742],[-71.52901,44.83729]]]},"properties":{"id":"p-018-001","name":"Stevens (Columbia Lot)","status":"unknown","acres":377.8,"score":55}},{"type":"Feature","id":59,"geometry":{"type":"Polygon","coordinates":[[[-71.54624,44.78041],[-71.54032,44.78083],[-71.54,44.7811],[-71.54121,44.785],[-71.54075,44.78585],[-71.53623,44.78235],[-71.53503,44.77709],[-71.53455,44.77245],[-71.53434,44.76761],[-71.55532,44.76587],[-71.55579,44.77033],[-71.5491,44.77085],[-71.55399,44.77562],[-71.55369,44.77568],[-71.55758,44.77932],[-71.55328,44.77986],[-71.55355,44.78091],[-71.55098,44.78114],[-71.55087,44.78232],[-71.549,44.78247],[-71.54879,44.78529],[-71.54715,44.78492],[-71.54624,44.78041]],[[-71.55274,44.77851],[-71.55258,44.77806],[-71.55168,44.77825],[-71.55219,44.77958],[-71.55316,44.77941],[-71.55309,44.77923],[-71.55347,44.77915],[-71.55321,44.77844],[-71.55274,44.77851]],[[-71.53992,44.77199],[-71.5408,44.77629],[-71.55016,44.77541],[-71.54893,44.77478],[-71.54613,44.7739],[-71.54556,44.77362],[-71.53992,44.77199]]]},"properties":{"id":"p-018-002","name":"Augustus Hemenway Memorial Forest","status":"unknown","acres":591.3,"score":48}},{"type":"Feature","id":60,"geometry":{"type":"Polygon","coordinates":[[[-71.53503,44.77709],[-71.53624,44.78241],[-71.53044,44.78352],[-71.5261,44.784],[-71.52449,44.77815],[-71.53503,44.77709]]]},"properties":{"id":"p-018-003","name":"Veraar Memorial Forest","status":"unknown","acres":131.9,"score":51}},{"type":"Feature","id":61,"geometry":{"type":"Polygon","coordinates":[[[-71.41949,44.80775],[-71.41984,44.80704],[-71.42185,44.80508],[-71.42283,44.80384],[-71.42353,44.80326],[-71.42445,44.80286],[-71.42597,44.8027],[-71.42693,44.80303],[-71.42777,44.80357],[-71.42858,44.80366],[-71.42919,44.80354],[-71.43128,44.80283],[-71.43319,44.80117],[-71.43482,44.80071],[-71.4356,44.8007],[-71.43591,44.80081],[-71.43739,44.8019],[-71.43781,44.80173],[-71.43875,44.80015],[-71.43934,44.79948],[-71.43989,44.79913],[-71.44056,44.79813],[-71.44071,44.79763],[-71.44107,44.79625],[-71.44015,44.79456],[-71.44017,44.79386],[-71.46154,44.79037],[-71.46159,44.79763],[-71.48125,44.81439],[-71.48635,44.81121],[-71.48113,44.80276],[-71.48769,44.80279],[-71.48667,44.79333],[-71.49062,44.79429],[-71.50327,44.79778],[-71.51632,44.79172],[-71.52744,44.79363],[-71.52865,44.79972],[-71.53866,44.79876],[-71.54123,44.80973],[-71.53875,44.81001],[-71.5424,44.81046],[-71.54105,44.81541],[-71.51701,44.81202],[-71.51548,44.81681],[-71.50731,44.81569],[-71.50586,44.82106],[-71.48608,44.81853],[-71.48452,44.82515],[-71.49015,44.8261],[-71.48859,44.83096],[-71.47754,44.82954],[-71.47609,44.83454],[-71.46567,44.83301],[-71.46395,44.83829],[-71.45405,44.83695],[-71.45696,44.82656],[-71.46718,44.82802],[-71.46853,44.82287],[-71.46495,44.82241],[-71.46581,44.81887],[-71.45975,44.81819],[-71.46047,44.81477],[-71.4209,44.80924],[-71.41909,44.81595],[-71.41301,44.81506],[-71.41477,44.80844],[-71.41949,44.80775]]]},"properties":{"id":"p-018-004-31000-ce","name":"Bunnell Working Forest","status":"unknown","acres":5365.6,"score":59}},{"type":"Feature","id":62,"geometry":{"type":"Polygon","coordinates":[[[-71.55381,44.78196],[-71.55328,44.77986],[-71.55758,44.77932],[-71.55369,44.77568],[-71.55399,44.77562],[-71.5491,44.77085],[-71.55579,44.77033],[-71.55532,44.76587],[-71.53334,44.76771],[-71.5311,44.75814],[-71.52671,44.75868],[-71.52685,44.75622],[-71.51755,44.75651],[-71.51823,44.76451],[-71.52244,44.76438],[-71.52407,44.77386],[-71.51483,44.77113],[-71.50631,44.77096],[-71.4968,44.76694],[-71.49548,44.76197],[-71.50375,44.76144],[-71.51851,44.75002],[-71.53119,44.74116],[-71.53753,44.74146],[-71.54001,44.74478],[-71.56128,44.75913],[-71.56718,44.7655],[-71.57393,44.75796],[-71.57706,44.77342],[-71.56898,44.77429],[-71.56934,44.77602],[-71.56565,44.77881],[-71.56076,44.77909],[-71.55857,44.77953],[-71.55852,44.78011],[-71.55821,44.78046],[-71.55716,44.78117],[-71.55683,44.78169],[-71.55381,44.78196]]]},"properties":{"id":"p-018-004-52010-ce","name":"Bunnell Working Forest","status":"unknown","acres":2822.5,"score":47}},{"type":"Feature","id":63,"geometry":{"type":"Polygon","coordinates":[[[-71.57359,44.8137],[-71.57405,44.81494],[-71.57626,44.81561],[-71.57499,44.81712],[-71.57409,44.81881],[-71.57395,44.8195],[-71.57015,44.81839],[-71.57256,44.81625],[-71.573,44.81507],[-71.57277,44.81386],[-71.57359,44.8137]]]},"properties":{"id":"p-018-005","name":"Lanier 1999 Trust, John W","status":"unknown","acres":31.6,"score":54}},{"type":"Feature","id":64,"geometry":{"type":"MultiPolygon","coordinates":[[[[-71.53105,44.87157],[-71.53248,44.87024],[-71.53351,44.86957],[-71.53524,44.86874],[-71.53716,44.86821],[-71.53945,44.86848],[-71.53706,44.86835],[-71.53567,44.86866],[-71.53287,44.87004],[-71.53119,44.87159],[-71.53105,44.87157]]],[[[-71.5276,44.87048],[-71.5273,44.87016],[-71.52804,44.86977],[-71.52861,44.87023],[-71.53032,44.8692],[-71.53042,44.8688],[-71.52986,44.86844],[-71.53117,44.86748],[-71.53572,44.86803],[-71.53388,44.86871],[-71.5332,44.86953],[-71.53082,44.87152],[-71.52595,44.87084],[-71.52665,44.87048],[-71.52699,44.8708],[-71.5276,44.87048]]],[[[-71.52964,44.8684],[-71.52851,44.86929],[-71.52673,44.87018],[-71.52882,44.86884],[-71.52964,44.8684]]]]},"properties":{"id":"p-018-006","name":"Wallace Irrevocable Trust, Ruby J.","status":"unknown","acres":35.4,"score":48}},{"type":"Feature","id":65,"geometry":{"type":"MultiPolygon","coordinates":[[[[-71.55472,44.83283],[-71.55744,44.83321],[-71.55697,44.83384],[-71.55373,44.83465],[-71.55284,44.83502],[-71.55188,44.83565],[-71.55472,44.83283]]],[[[-71.55231,44.83247],[-71.55444,44.83274],[-71.55088,44.83635],[-71.55231,44.83247]]]]},"properties":{"id":"p-018-007","name":"Brad's Meadow CE","status":"unknown","acres":19.2,"score":21}},{"type":"Feature","id":66,"geometry":{"type":"Polygon","coordinates":[[[-71.54669,44.85608],[-71.54699,44.85615],[-71.54707,44.85653],[-71.54712,44.85645],[-71.54737,44.8568],[-71.54739,44.85722],[-71.54692,44.85756],[-71.54695,44.85829],[-71.54731,44.85853],[-71.54814,44.85879],[-71.54864,44.85857],[-71.54919,44.85889],[-71.54957,44.86051],[-71.54926,44.86191],[-71.54747,44.86364],[-71.54433,44.86314],[-71.54669,44.85608]]]},"properties":{"id":"p-018-008","name":"Farmstead Meadow CE","status":"unknown","acres":46.7,"score":44}},{"type":"Feature","id":67,"geometry":{"type":"MultiPolygon","coordinates":[[[[-71.62436,44.75347],[-71.62424,44.7541],[-71.62349,44.75465],[-71.62058,44.75576],[-71.61909,44.75577],[-71.61791,44.75553],[-71.61842,44.75477],[-71.62087,44.75378],[-71.62222,44.75345],[-71.62436,44.75347]]],[[[-71.61637,44.75626],[-71.61473,44.75781],[-71.61305,44.75867],[-71.61228,44.75922],[-71.61281,44.76063],[-71.61257,44.76132],[-71.61185,44.76239],[-71.61127,44.76525],[-71.6092,44.76553],[-71.60675,44.76635],[-71.60545,44.76701],[-71.60415,44.76811],[-71.604,44.76804],[-71.60853,44.76325],[-71.61185,44.75926],[-71.61377,44.75805],[-71.61617,44.75615],[-71.61637,44.75626]]]]},"properties":{"id":"p-018-009","name":"White-Gleason Tract CE","status":"unknown","acres":65.3,"score":38}},{"type":"Feature","id":68,"geometry":{"type":"MultiPolygon","coordinates":[[[[-71.55771,44.83094],[-71.55683,44.83242],[-71.55625,44.83222],[-71.55717,44.83089],[-71.55771,44.83094]]],[[[-71.5522,44.83246],[-71.55253,44.83084],[-71.55415,44.83048],[-71.55539,44.83124],[-71.55609,44.83107],[-71.55452,44.83275],[-71.5522,44.83246]]]]},"properties":{"id":"p-018-010","name":"NRCS WRP Easement #1","status":"unknown","acres":13.9,"score":42}},{"type":"Feature","id":69,"geometry":{"type":"Polygon","coordinates":[[[-71.52685,44.75622],[-71.52671,44.75868],[-71.52137,44.75919],[-71.52244,44.76438],[-71.51823,44.76451],[-71.51755,44.75651],[-71.52685,44.75622]]]},"properties":{"id":"p-018-011","name":"Bunting","status":"unknown","acres":97.5,"score":27}},{"type":"Feature","id":70,"geometry":{"type":"Polygon","coordinates":[[[-71.57653,44.81351],[-71.57679,44.81463],[-71.57657,44.81528],[-71.57626,44.81561],[-71.57405,44.81494],[-71.57359,44.8137],[-71.57653,44.81351]]]},"properties":{"id":"p-018-012","name":"John W. Lanier 1999 Trust","status":"prohibited","acres":10.4,"score":30}},{"type":"Feature","id":71,"geometry":{"type":"Polygon","coordinates":[[[-71.47913,44.87507],[-71.48033,44.86983],[-71.48196,44.86983],[-71.48168,44.87081],[-71.48321,44.87116],[-71.48408,44.87051],[-71.48472,44.86948],[-71.48053,44.86899],[-71.48128,44.86572],[-71.48161,44.86575],[-71.48147,44.86517],[-71.48174,44.86437],[-71.49207,44.86557],[-71.49173,44.86691],[-71.50057,44.86811],[-71.50159,44.86936],[-71.50308,44.87019],[-71.50377,44.87162],[-71.49807,44.87567],[-71.49639,44.87413],[-71.49568,44.87399],[-71.49495,44.87688],[-71.47913,44.87507]],[[-71.4867,44.87229],[-71.48648,44.87257],[-71.4872,44.87276],[-71.48747,44.87241],[-71.4867,44.87229]],[[-71.48752,44.87229],[-71.48758,44.87214],[-71.48764,44.872],[-71.48737,44.87201],[-71.48726,44.87226],[-71.48752,44.87229]],[[-71.48778,44.87163],[-71.48763,44.87155],[-71.48752,44.87171],[-71.48772,44.87174],[-71.48778,44.87163]],[[-71.49102,44.87167],[-71.49161,44.87109],[-71.49171,44.87067],[-71.49145,44.87036],[-71.49104,44.87047],[-71.49101,44.87089],[-71.49045,44.87117],[-71.49041,44.87142],[-71.49102,44.87167]]]},"properties":{"id":"p-019-001","name":"Lime Pond Preserve","status":"unknown","acres":432.1,"score":50}},{"type":"Feature","id":72,"geometry":{"type":"Polygon","coordinates":[[[-71.48306,44.85454],[-71.48358,44.85525],[-71.4837,44.8555],[-71.48265,44.85547],[-71.48249,44.85519],[-71.48255,44.85483],[-71.48306,44.85454]]]},"properties":{"id":"p-019-002","name":"Fish Pond Boat Launch Facility","status":"unknown","acres":1.6,"score":29}},{"type":"Feature","id":73,"geometry":{"type":"Polygon","coordinates":[[[-71.41477,44.80844],[-71.396,44.80611],[-71.39438,44.81277],[-71.38917,44.81205],[-71.39065,44.8056],[-71.37808,44.80407],[-71.37824,44.80345],[-71.37857,44.80301],[-71.37853,44.80255],[-71.37916,44.8015],[-71.37975,44.80123],[-71.38024,44.80117],[-71.38072,44.80073],[-71.38114,44.80055],[-71.38115,44.79992],[-71.38143,44.79973],[-71.3814,44.79913],[-71.38137,44.79888],[-71.38088,44.79836],[-71.38089,44.79813],[-71.38165,44.7977],[-71.38204,44.79738],[-71.38213,44.79711],[-71.38295,44.79663],[-71.38406,44.79703],[-71.38464,44.79737],[-71.38571,44.79724],[-71.38635,44.79696],[-71.38749,44.79682],[-71.3884,44.79686],[-71.38894,44.79669],[-71.38937,44.7967],[-71.38985,44.79694],[-71.39023,44.79655],[-71.39094,44.79624],[-71.39133,44.7965],[-71.39213,44.7964],[-71.39376,44.79644],[-71.39606,44.79686],[-71.39668,44.7968],[-71.39726,44.79711],[-71.39845,44.79704],[-71.39904,44.79713],[-71.39945,44.797],[-71.4,44.79658],[-71.4004,44.79653],[-71.40097,44.7968],[-71.40197,44.79665],[-71.40676,44.79512],[-71.4094,44.79461],[-71.41068,44.79423],[-71.41154,44.79393],[-71.41192,44.79356],[-71.41241,44.7936],[-71.41374,44.79212],[-71.41525,44.7915],[-71.41649,44.79112],[-71.41704,44.79122],[-71.42131,44.79064],[-71.42168,44.7905],[-71.42349,44.78923],[-71.45545,44.78578],[-71.45549,44.78388],[-71.45483,44.78236],[-71.45474,44.78193],[-71.45488,44.78118],[-71.45463,44.78053],[-71.45601,44.77977],[-71.45678,44.77812],[-71.45798,44.77451],[-71.45818,44.7743],[-71.46196,44.77389],[-71.46429,44.7733],[-71.46482,44.77228],[-71.4657,44.77196],[-71.46623,44.77127],[-71.46722,44.77086],[-71.46805,44.77013],[-71.4684,44.76954],[-71.46856,44.76861],[-71.46908,44.76802],[-71.47247,44.76614],[-71.47283,44.76571],[-71.47277,44.76541],[-71.47227,44.76481],[-71.47254,44.76449],[-71.47354,44.76403],[-71.47393,44.76338],[-71.47427,44.7632],[-71.47523,44.76325],[-71.47549,44.76308],[-71.47574,44.76263],[-71.47662,44.76196],[-71.47709,44.76192],[-71.47751,44.76153],[-71.47755,44.7612],[-71.4773,44.76086],[-71.47765,44.75991],[-71.47843,44.76008],[-71.47876,44.75998],[-71.47883,44.75971],[-71.47865,44.7592],[-71.4777,44.75763],[-71.47377,44.75534],[-71.473,44.75455],[-71.4721,44.75409],[-71.4718,44.75379],[-71.47241,44.75099],[-71.47226,44.75035],[-71.47204,44.75014],[-71.47184,44.74944],[-71.47027,44.74802],[-71.46941,44.74705],[-71.47782,44.74592],[-71.50369,44.74315],[-71.50506,44.74759],[-71.50592,44.75228],[-71.51658,44.75116],[-71.51706,44.75093],[-71.51335,44.73318],[-71.52478,44.7314],[-71.52666,44.74073],[-71.53849,44.73946],[-71.53756,44.73321],[-71.53692,44.73047],[-71.54788,44.72952],[-71.54604,44.72051],[-71.55693,44.71945],[-71.55847,44.72363],[-71.55889,44.72536],[-71.56047,44.72521],[-71.56209,44.72443],[-71.56271,44.72435],[-71.56288,44.72406],[-71.56322,44.72391],[-71.56468,44.7236],[-71.56535,44.72328],[-71.56593,44.72346],[-71.5673,44.72354],[-71.56865,44.72382],[-71.56965,44.72381],[-71.57063,44.72414],[-71.57161,44.72374],[-71.57332,44.72383],[-71.57496,44.72318],[-71.57525,44.72326],[-71.57829,44.72326],[-71.57839,44.7237],[-71.57969,44.72356],[-71.58023,44.72608],[-71.58271,44.72571],[-71.58486,44.7351],[-71.57368,44.7362],[-71.57537,44.74524],[-71.57172,44.74558],[-71.57227,44.75003],[-71.57393,44.75796],[-71.56718,44.7655],[-71.56128,44.75913],[-71.54001,44.74478],[-71.53753,44.74146],[-71.53663,44.7414],[-71.53119,44.74116],[-71.51851,44.75002],[-71.50375,44.76144],[-71.49548,44.76197],[-71.4968,44.76694],[-71.50631,44.77096],[-71.51483,44.77113],[-71.52402,44.77386],[-71.52487,44.77812],[-71.52449,44.77815],[-71.5261,44.784],[-71.52744,44.79363],[-71.51632,44.79172],[-71.50327,44.79778],[-71.49062,44.79429],[-71.48667,44.79333],[-71.48769,44.80279],[-71.48113,44.80276],[-71.48635,44.81121],[-71.48125,44.81439],[-71.46159,44.79763],[-71.46154,44.79037],[-71.44017,44.79386],[-71.44015,44.79456],[-71.44107,44.79625],[-71.44071,44.79763],[-71.44056,44.79813],[-71.43989,44.79913],[-71.43934,44.79948],[-71.43875,44.80015],[-71.43781,44.80173],[-71.43739,44.8019],[-71.43591,44.80081],[-71.4356,44.8007],[-71.43482,44.80071],[-71.43319,44.80117],[-71.43128,44.80283],[-71.42919,44.80354],[-71.42858,44.80366],[-71.42777,44.80357],[-71.42693,44.80303],[-71.42597,44.8027],[-71.42445,44.80286],[-71.42353,44.80326],[-71.42283,44.80384],[-71.42185,44.80508],[-71.41984,44.80704],[-71.41949,44.80775],[-71.41477,44.80844]]]},"properties":{"id":"p-019-003","name":"Vickie Bunnell Preserve","status":"unknown","acres":10796.1,"score":71}},{"type":"Feature","id":74,"geometry":{"type":"Polygon","coordinates":[[[-71.42155,44.82254],[-71.42332,44.82263],[-71.4227,44.82527],[-71.42391,44.82534],[-71.42456,44.82265],[-71.42635,44.82257],[-71.42775,44.82283],[-71.43011,44.82268],[-71.42966,44.82515],[-71.42931,44.82573],[-71.42938,44.82665],[-71.42917,44.8274],[-71.42636,44.82715],[-71.42381,44.83709],[-71.42121,44.84634],[-71.42145,44.84638],[-71.42126,44.84715],[-71.41081,44.84575],[-71.40096,44.84424],[-71.40066,44.8457],[-71.40004,44.84563],[-71.39953,44.84539],[-71.39945,44.8452],[-71.39841,44.84529],[-71.39825,44.84555],[-71.39746,44.84543],[-71.39703,44.84576],[-71.39629,44.84525],[-71.39312,44.84522],[-71.3931,44.84425],[-71.391,44.84216],[-71.39083,44.84177],[-71.39134,44.83979],[-71.39267,44.84031],[-71.39497,44.84],[-71.3934,44.83977],[-71.39346,44.83937],[-71.39149,44.83911],[-71.39175,44.83789],[-71.40223,44.83928],[-71.40477,44.82951],[-71.40697,44.82981],[-71.4076,44.82804],[-71.40828,44.82803],[-71.40833,44.8275],[-71.40763,44.8264],[-71.40781,44.82579],[-71.40923,44.82374],[-71.40916,44.82339],[-71.4095,44.82315],[-71.40943,44.82288],[-71.4105,44.8226],[-71.41324,44.82224],[-71.41614,44.82246],[-71.41842,44.82283],[-71.42155,44.82254]]]},"properties":{"id":"p-019-004-21000-fo","name":"Mohawk Div. of Silvio O Conte NFWR","status":"unknown","acres":1174.8,"score":62}},{"type":"Feature","id":75,"geometry":{"type":"Polygon","coordinates":[[[-71.42126,44.84715],[-71.42145,44.84638],[-71.4278,44.84754],[-71.42706,44.84835],[-71.42006,44.84699],[-71.42126,44.84715]]]},"properties":{"id":"p-019-004-21000-fo-2","name":"Mohawk Div. of Silvio O Conte NFWR","status":"unknown","acres":12.1,"score":38}},{"type":"Feature","id":76,"geometry":{"type":"Polygon","coordinates":[[[-71.30312,44.86243],[-71.30241,44.86311],[-71.30151,44.86332],[-71.30093,44.86374],[-71.30066,44.86374],[-71.30041,44.8639],[-71.29663,44.86677],[-71.29585,44.86712],[-71.29475,44.86801],[-71.2941,44.86791],[-71.29377,44.86775],[-71.29274,44.86671],[-71.29226,44.86662],[-71.29161,44.86578],[-71.29084,44.86563],[-71.28978,44.86521],[-71.28929,44.86452],[-71.28862,44.86422],[-71.28796,44.86364],[-71.28738,44.86221],[-71.28694,44.86168],[-71.28712,44.86146],[-71.28689,44.86089],[-71.28622,44.86077],[-71.28565,44.86101],[-71.28471,44.86045],[-71.28398,44.86028],[-71.28364,44.86045],[-71.28371,44.85991],[-71.28535,44.85723],[-71.28499,44.85629],[-71.28896,44.85545],[-71.28896,44.85592],[-71.29022,44.85559],[-71.29064,44.85566],[-71.29134,44.85556],[-71.29149,44.8557],[-71.29204,44.85567],[-71.29268,44.85591],[-71.29256,44.85638],[-71.29178,44.85639],[-71.28986,44.85597],[-71.28932,44.85597],[-71.28876,44.85618],[-71.28678,44.85754],[-71.28681,44.85948],[-71.28783,44.85945],[-71.28842,44.86008],[-71.28882,44.8609],[-71.2889,44.86155],[-71.29143,44.8628],[-71.29193,44.86294],[-71.29374,44.86289],[-71.29406,44.86256],[-71.29584,44.86189],[-71.29621,44.86218],[-71.29679,44.86198],[-71.29756,44.86197],[-71.29853,44.86222],[-71.29884,44.86213],[-71.29957,44.86241],[-71.30034,44.8625],[-71.30152,44.86232],[-71.30312,44.86243]]]},"properties":{"id":"p-020-001","name":"Dixville Notch State Park","status":"verified","acres":145.8,"score":29}},{"type":"Feature","id":77,"geometry":{"type":"Polygon","coordinates":[[[-71.35699,44.81041],[-71.35574,44.80839],[-71.35431,44.8068],[-71.35099,44.80535],[-71.34883,44.80554],[-71.3489,44.80518],[-71.34934,44.80468],[-71.34901,44.803],[-71.35455,44.80332],[-71.3588,44.80421],[-71.35942,44.80161],[-71.37192,44.80325],[-71.37041,44.80957],[-71.37725,44.81046],[-71.3737,44.82526],[-71.36281,44.82391],[-71.353,44.82285],[-71.35432,44.81774],[-71.36066,44.81859],[-71.36124,44.81619],[-71.36092,44.81289],[-71.35958,44.81172],[-71.35699,44.81041]]]},"properties":{"id":"p-020-003","name":"Hedgehog Brook WMA","status":"verified","acres":839.8,"score":64}},{"type":"Feature","id":78,"geometry":{"type":"Polygon","coordinates":[[[-71.31564,44.80127],[-71.31542,44.80053],[-71.31646,44.80028],[-71.31681,44.79977],[-71.31673,44.79946],[-71.31602,44.79884],[-71.31648,44.79813],[-71.31632,44.79735],[-71.31725,44.79733],[-71.31797,44.79706],[-71.31856,44.79642],[-71.31858,44.79565],[-71.31934,44.79557],[-71.31992,44.79533],[-71.32052,44.79471],[-71.32058,44.79404],[-71.32124,44.79406],[-71.32189,44.7939],[-71.32243,44.79359],[-71.32278,44.79316],[-71.32289,44.79268],[-71.32271,44.79211],[-71.3222,44.79164],[-71.32146,44.79137],[-71.32209,44.79064],[-71.32198,44.78978],[-71.3213,44.78919],[-71.32013,44.78895],[-71.32075,44.7886],[-71.32108,44.78819],[-71.32119,44.78772],[-71.32103,44.78717],[-71.32193,44.78709],[-71.32263,44.78678],[-71.32307,44.78628],[-71.32316,44.7856],[-71.32294,44.78514],[-71.3225,44.78476],[-71.3219,44.78452],[-71.32122,44.78444],[-71.32054,44.78454],[-71.31986,44.78487],[-71.3194,44.78547],[-71.31939,44.78615],[-71.31869,44.78631],[-71.31692,44.78634],[-71.31588,44.78594],[-71.31489,44.78527],[-71.31465,44.78523],[-71.31235,44.78566],[-71.31276,44.78454],[-71.31354,44.7838],[-71.31357,44.78332],[-71.31266,44.78214],[-71.31074,44.78085],[-71.3104,44.78036],[-71.31059,44.77963],[-71.31193,44.77902],[-71.31242,44.77974],[-71.31418,44.78014],[-71.31453,44.78063],[-71.31522,44.7812],[-71.31575,44.78143],[-71.31706,44.7814],[-71.31694,44.78118],[-71.31711,44.781],[-71.31809,44.7809],[-71.31952,44.78126],[-71.32005,44.78118],[-71.32067,44.78067],[-71.3217,44.78034],[-71.3223,44.77991],[-71.323,44.77993],[-71.32487,44.78049],[-71.32485,44.78103],[-71.32558,44.78123],[-71.32605,44.7815],[-71.32779,44.78399],[-71.32783,44.78432],[-71.32863,44.78535],[-71.32855,44.78673],[-71.32823,44.7868],[-71.3282,44.78721],[-71.32748,44.78827],[-71.32803,44.78844],[-71.32819,44.78877],[-71.32805,44.789],[-71.32855,44.78916],[-71.3289,44.78944],[-71.32965,44.79057],[-71.32987,44.79392],[-71.32905,44.79703],[-71.32843,44.7975],[-71.3284,44.79775],[-71.32963,44.79805],[-71.3302,44.79863],[-71.32986,44.79972],[-71.33017,44.80076],[-71.33004,44.80114],[-71.33103,44.80291],[-71.33084,44.80401],[-71.32859,44.80569],[-71.32608,44.80667],[-71.32447,44.80639],[-71.31897,44.80593],[-71.31263,44.80674],[-71.30754,44.80642],[-71.30428,44.80692],[-71.30104,44.8066],[-71.2945,44.80346],[-71.29369,44.80219],[-71.29359,44.80128],[-71.29425,44.80116],[-71.29641,44.80106],[-71.29773,44.80074],[-71.30158,44.79954],[-71.30227,44.79892],[-71.30216,44.79797],[-71.30136,44.79757],[-71.30058,44.7966],[-71.30037,44.79546],[-71.30225,44.79506],[-71.30334,44.79424],[-71.30327,44.79266],[-71.30447,44.79255],[-71.30606,44.79273],[-71.30817,44.79276],[-71.30947,44.7929],[-71.31035,44.79269],[-71.31186,44.79182],[-71.31168,44.79137],[-71.30979,44.79026],[-71.30929,44.78956],[-71.3086,44.789],[-71.30801,44.78825],[-71.30815,44.78751],[-71.30759,44.78615],[-71.30633,44.78506],[-71.30567,44.78398],[-71.30673,44.78294],[-71.3082,44.78239],[-71.30732,44.78142],[-71.30943,44.78008],[-71.3099,44.7799],[-71.30978,44.78028],[-71.30997,44.78083],[-71.31135,44.78195],[-71.31223,44.78242],[-71.313,44.78349],[-71.31292,44.78374],[-71.31201,44.78465],[-71.31173,44.7856],[-71.31184,44.78583],[-71.31224,44.78608],[-71.31253,44.7861],[-71.31435,44.78571],[-71.31646,44.78668],[-71.3179,44.78676],[-71.31737,44.7875],[-71.31748,44.78824],[-71.31824,44.78889],[-71.31935,44.7891],[-71.31862,44.78956],[-71.31829,44.79029],[-71.31839,44.79076],[-71.31872,44.79118],[-71.31972,44.79165],[-71.31918,44.79219],[-71.31907,44.79294],[-71.31814,44.79297],[-71.31733,44.79331],[-71.31684,44.79388],[-71.31683,44.79464],[-71.31578,44.79482],[-71.31502,44.79537],[-71.3148,44.79593],[-71.31498,44.79659],[-71.3143,44.79657],[-71.31353,44.79678],[-71.31303,44.79711],[-71.31269,44.79764],[-71.31272,44.79831],[-71.3132,44.7989],[-71.31429,44.79929],[-71.31495,44.79928],[-71.31556,44.79911],[-71.31609,44.79956],[-71.3162,44.79975],[-71.31609,44.79994],[-71.31501,44.80015],[-71.31389,44.7998],[-71.31282,44.79996],[-71.31228,44.80026],[-71.31192,44.80068],[-71.31179,44.80116],[-71.31191,44.80164],[-71.31226,44.80206],[-71.31291,44.80241],[-71.31357,44.80254],[-71.31439,44.80246],[-71.31508,44.80214],[-71.31547,44.80175],[-71.31564,44.80127]]]},"properties":{"id":"p-020-005","name":"Mt Kelsey WMA","status":"unknown","acres":1281.0,"score":69}},{"type":"Feature","id":79,"geometry":{"type":"Polygon","coordinates":[[[-71.35908,44.85289],[-71.35806,44.85301],[-71.35821,44.85412],[-71.3552,44.8537],[-71.35802,44.84394],[-71.36849,44.84541],[-71.36703,44.85059],[-71.3735,44.85155],[-71.37222,44.85607],[-71.35944,44.85429],[-71.35908,44.85289]]]},"properties":{"id":"p-020-006","name":"Lewis","status":"unknown","acres":294.4,"score":66}},{"type":"Feature","id":80,"geometry":{"type":"Polygon","coordinates":[[[-71.1432,44.79274],[-71.1535,44.79281],[-71.15307,44.79438],[-71.15359,44.79434],[-71.15365,44.7946],[-71.15277,44.79447],[-71.15247,44.79509],[-71.15237,44.79534],[-71.15277,44.79542],[-71.15183,44.79888],[-71.15355,44.79912],[-71.15424,44.7996],[-71.15502,44.79956],[-71.15512,44.79965],[-71.15475,44.79985],[-71.14389,44.80012],[-71.1432,44.79274]],[[-71.1516,44.79475],[-71.15138,44.79508],[-71.15187,44.79522],[-71.15202,44.7949],[-71.1516,44.79475]]]},"properties":{"id":"p-021-001","name":"Akers Pond Lot","status":"unknown","acres":145.0,"score":51}},{"type":"Feature","id":81,"geometry":{"type":"Polygon","coordinates":[[[-71.13074,44.83415],[-71.13044,44.83103],[-71.12984,44.82994],[-71.12874,44.82918],[-71.12753,44.82859],[-71.12595,44.82729],[-71.12519,44.82712],[-71.12542,44.82658],[-71.12521,44.82598],[-71.12525,44.82588],[-71.12796,44.82595],[-71.13185,44.82205],[-71.13155,44.82105],[-71.1315,44.81954],[-71.13817,44.82444],[-71.14301,44.82472],[-71.14725,44.82412],[-71.15008,44.82932],[-71.15438,44.82864],[-71.16241,44.83046],[-71.16161,44.83164],[-71.16133,44.83253],[-71.16044,44.83328],[-71.15995,44.83416],[-71.15956,44.83441],[-71.15886,44.83459],[-71.15906,44.8382],[-71.15812,44.83995],[-71.15354,44.84263],[-71.14205,44.84599],[-71.13704,44.84605],[-71.13503,44.84511],[-71.13364,44.84416],[-71.13163,44.84378],[-71.13122,44.84358],[-71.13036,44.84184],[-71.13035,44.84016],[-71.12962,44.83939],[-71.12965,44.83782],[-71.1292,44.83703],[-71.12928,44.83684],[-71.13012,44.8362],[-71.1306,44.83545],[-71.13055,44.83495],[-71.13074,44.83415]],[[-71.14013,44.83709],[-71.14147,44.83678],[-71.14173,44.83626],[-71.14203,44.83619],[-71.14333,44.83647],[-71.14364,44.83638],[-71.14371,44.83606],[-71.14429,44.83599],[-71.14472,44.8361],[-71.14476,44.83662],[-71.14494,44.8368],[-71.14532,44.8368],[-71.14559,44.83657],[-71.14595,44.83651],[-71.14667,44.83689],[-71.14725,44.83679],[-71.14803,44.83658],[-71.14841,44.83627],[-71.1487,44.83551],[-71.14938,44.83517],[-71.14986,44.83515],[-71.14918,44.83486],[-71.14873,44.83448],[-71.14838,44.834],[-71.1477,44.83224],[-71.14715,44.83154],[-71.14573,44.83043],[-71.1444,44.8299],[-71.14292,44.82952],[-71.14204,44.82953],[-71.14011,44.82901],[-71.13971,44.82882],[-71.13934,44.82789],[-71.13786,44.82722],[-71.13661,44.82695],[-71.13555,44.82648],[-71.13493,44.82642],[-71.13418,44.82613],[-71.13204,44.82607],[-71.13173,44.8265],[-71.1321,44.82766],[-71.13247,44.82818],[-71.13337,44.82878],[-71.13352,44.82923],[-71.13328,44.8303],[-71.13337,44.83141],[-71.13347,44.83218],[-71.13386,44.833],[-71.13654,44.83439],[-71.13726,44.83513],[-71.13766,44.83529],[-71.13781,44.83558],[-71.13869,44.83583],[-71.13904,44.83608],[-71.13931,44.836],[-71.13929,44.83625],[-71.13976,44.83689],[-71.14013,44.83709]],[[-71.13726,44.83796],[-71.13643,44.83838],[-71.13351,44.83798],[-71.13313,44.83891],[-71.13149,44.83924],[-71.13106,44.8399],[-71.1313,44.84061],[-71.13175,44.84087],[-71.13182,44.8413],[-71.13285,44.84175],[-71.13282,44.84221],[-71.13325,44.84218],[-71.13358,44.84179],[-71.13473,44.84197],[-71.13519,44.84192],[-71.13574,44.84158],[-71.1359,44.84114],[-71.13645,44.84103],[-71.13671,44.84075],[-71.13674,44.84016],[-71.13694,44.83994],[-71.13772,44.83966],[-71.138,44.83941],[-71.13793,44.83862],[-71.13759,44.83803],[-71.13726,44.83796]]]},"properties":{"id":"p-021-002","name":"Greenough Ponds WMA","status":"verified","acres":936.3,"score":48}},{"type":"Feature","id":82,"geometry":{"type":"Polygon","coordinates":[[[-71.15469,44.82559],[-71.17493,44.82536],[-71.17414,44.81685],[-71.1836,44.81686],[-71.18415,44.82521],[-71.20787,44.82487],[-71.20727,44.81678],[-71.20622,44.80654],[-71.21443,44.80636],[-71.21528,44.82482],[-71.21732,44.85554],[-71.17532,44.85707],[-71.07015,44.86196],[-71.06908,44.84515],[-71.06992,44.84513],[-71.06956,44.83849],[-71.08127,44.8379],[-71.08101,44.83611],[-71.08742,44.83579],[-71.08981,44.83347],[-71.09054,44.83368],[-71.09254,44.83355],[-71.09369,44.8337],[-71.09442,44.83351],[-71.09556,44.83291],[-71.09692,44.83272],[-71.09796,44.83317],[-71.0989,44.83327],[-71.09998,44.83357],[-71.10168,44.83446],[-71.10332,44.83448],[-71.10517,44.83521],[-71.10551,44.83482],[-71.11291,44.83028],[-71.11034,44.82802],[-71.11275,44.82615],[-71.11298,44.82624],[-71.11286,44.82651],[-71.11298,44.82678],[-71.11327,44.82698],[-71.11609,44.82678],[-71.11843,44.82721],[-71.11994,44.82692],[-71.12145,44.82685],[-71.12232,44.82709],[-71.12554,44.82714],[-71.12638,44.82757],[-71.12661,44.82792],[-71.12753,44.82859],[-71.12874,44.82918],[-71.12984,44.82994],[-71.13044,44.83103],[-71.13074,44.83415],[-71.13053,44.83564],[-71.1292,44.83703],[-71.12965,44.83782],[-71.12962,44.83939],[-71.13035,44.84016],[-71.13036,44.84184],[-71.13084,44.84301],[-71.13139,44.84371],[-71.13364,44.84416],[-71.13503,44.84511],[-71.13704,44.84605],[-71.14205,44.84599],[-71.15354,44.84263],[-71.15812,44.83995],[-71.15906,44.8382],[-71.15886,44.83459],[-71.15956,44.83441],[-71.15995,44.83416],[-71.16044,44.83328],[-71.16133,44.83253],[-71.16161,44.83164],[-71.16241,44.83046],[-71.15438,44.82864],[-71.15008,44.82932],[-71.14725,44.82412],[-71.14301,44.82472],[-71.13817,44.82444],[-71.1315,44.81954],[-71.13184,44.8169],[-71.13243,44.81428],[-71.13518,44.81091],[-71.13389,44.80843],[-71.13372,44.80715],[-71.13306,44.80121],[-71.13251,44.78893],[-71.14174,44.78861],[-71.14245,44.80106],[-71.15412,44.80078],[-71.15428,44.80232],[-71.15457,44.80293],[-71.1558,44.80374],[-71.15773,44.80438],[-71.15842,44.80446],[-71.15917,44.80451],[-71.15951,44.80437],[-71.15928,44.80372],[-71.15949,44.80323],[-71.16093,44.80272],[-71.1618,44.80268],[-71.16217,44.80282],[-71.16238,44.80369],[-71.1623,44.80406],[-71.1611,44.80461],[-71.16074,44.8051],[-71.16093,44.80547],[-71.16068,44.8064],[-71.16085,44.80671],[-71.1612,44.80687],[-71.16116,44.80708],[-71.16162,44.80763],[-71.16168,44.80803],[-71.16105,44.80886],[-71.16102,44.80922],[-71.1604,44.80932],[-71.16128,44.80936],[-71.16166,44.80964],[-71.1616,44.80876],[-71.16204,44.80861],[-71.16278,44.80794],[-71.16312,44.80798],[-71.16375,44.817],[-71.15404,44.81735],[-71.15469,44.82559]],[[-71.15332,44.80748],[-71.14283,44.80793],[-71.1435,44.8176],[-71.15404,44.81735],[-71.15332,44.80748]]]},"properties":{"id":"p-021-003","name":"Androscoggin Headwaters Phase III","status":"unknown","acres":10354.6,"score":79}},{"type":"Feature","id":83,"geometry":{"type":"MultiPolygon","coordinates":[[[[-71.05192,44.86281],[-71.05197,44.86195],[-71.0523,44.86173],[-71.054,44.86161],[-71.05568,44.86099],[-71.0553,44.86053],[-71.05496,44.85923],[-71.05464,44.85868],[-71.05565,44.85798],[-71.05666,44.85626],[-71.05657,44.85519],[-71.06974,44.85444],[-71.07015,44.86196],[-71.05192,44.86281]]],[[[-71.04745,44.85738],[-71.04728,44.85625],[-71.04633,44.85506],[-71.04693,44.85467],[-71.04782,44.85431],[-71.04867,44.85412],[-71.05138,44.8542],[-71.05267,44.85386],[-71.05364,44.85382],[-71.0532,44.85474],[-71.0521,44.855],[-71.05215,44.8547],[-71.05073,44.85535],[-71.04997,44.85597],[-71.04969,44.8566],[-71.04958,44.85722],[-71.04971,44.85754],[-71.05026,44.85801],[-71.05073,44.85821],[-71.05154,44.85827],[-71.05197,44.85798],[-71.05182,44.85851],[-71.05223,44.85968],[-71.05209,44.86],[-71.05163,44.86042],[-71.05135,44.86056],[-71.05038,44.86055],[-71.04948,44.86015],[-71.04827,44.85854],[-71.04784,44.85818],[-71.04745,44.85738]]]]},"properties":{"id":"p-022-001","name":"Big Island State Forest","status":"verified","acres":288.2,"score":53}},{"type":"Feature","id":84,"geometry":{"type":"MultiPolygon","coordinates":[[[[-71.04751,44.71746],[-71.04951,44.7191],[-71.0493,44.71913],[-71.04709,44.71733],[-71.04399,44.71581],[-71.04397,44.71547],[-71.04416,44.71546],[-71.04417,44.71574],[-71.04751,44.71746]]],[[[-71.06377,44.75023],[-71.0626,44.75037],[-71.06212,44.74797],[-71.06319,44.74785],[-71.06377,44.75023]]],[[[-71.12253,44.78138],[-71.12489,44.77891],[-71.12631,44.77857],[-71.12843,44.77786],[-71.13001,44.77714],[-71.1307,44.77659],[-71.13016,44.77723],[-71.12915,44.77772],[-71.12794,44.77819],[-71.125,44.77902],[-71.12332,44.78074],[-71.12131,44.78245],[-71.12089,44.78276],[-71.11919,44.78348],[-71.11746,44.78373],[-71.11561,44.78382],[-71.11358,44.78423],[-71.11262,44.78426],[-71.11395,44.78413],[-71.1156,44.78378],[-71.11745,44.78369],[-71.11916,44.78345],[-71.12083,44.78273],[-71.12126,44.78243],[-71.12253,44.78138]]]]},"properties":{"id":"p-022-003-21000-ce","name":"Lake Umbagog National Wildlife Refuge","status":"verified","acres":12.2,"score":16}},{"type":"Feature","id":85,"geometry":{"type":"MultiPolygon","coordinates":[[[[-71.14607,44.71705],[-71.14611,44.72396],[-71.14634,44.73022],[-71.13933,44.73006],[-71.13946,44.73025],[-71.14007,44.73018],[-71.14011,44.73027],[-71.13996,44.73061],[-71.14,44.73096],[-71.13993,44.73112],[-71.13962,44.73121],[-71.13968,44.73139],[-71.14,44.73154],[-71.14055,44.73154],[-71.14055,44.73168],[-71.13967,44.73194],[-71.1397,44.73212],[-71.14015,44.73225],[-71.13999,44.7325],[-71.14049,44.7325],[-71.14074,44.73271],[-71.14131,44.73282],[-71.14158,44.73311],[-71.14169,44.73366],[-71.14119,44.73426],[-71.14119,44.73454],[-71.14142,44.73455],[-71.14036,44.73484],[-71.13859,44.73632],[-71.13789,44.7375],[-71.13801,44.73868],[-71.13861,44.7405],[-71.14045,44.74424],[-71.14198,44.74885],[-71.14243,44.75242],[-71.1422,44.75454],[-71.14265,44.75647],[-71.13992,44.75868],[-71.13985,44.75767],[-71.12928,44.75787],[-71.12919,44.75516],[-71.13948,44.75469],[-71.13918,44.74931],[-71.12855,44.74991],[-71.12768,44.74196],[-71.11838,44.74232],[-71.11685,44.72609],[-71.09755,44.72686],[-71.09745,44.71891],[-71.10718,44.71844],[-71.1064,44.70873],[-71.11545,44.70857],[-71.12529,44.70869],[-71.12594,44.71765],[-71.14607,44.71705]]],[[[-71.09319,44.78345],[-71.09297,44.78497],[-71.09232,44.78461],[-71.09155,44.78396],[-71.09062,44.78384],[-71.0911,44.78356],[-71.09075,44.78352],[-71.09079,44.78339],[-71.09086,44.78347],[-71.091,44.78339],[-71.09092,44.78322],[-71.09124,44.78338],[-71.09118,44.78317],[-71.09154,44.7835],[-71.09162,44.78264],[-71.09156,44.78254],[-71.09121,44.78247],[-71.09045,44.78176],[-71.09045,44.78093],[-71.09308,44.78095],[-71.09319,44.78345]]],[[[-71.08723,44.78091],[-71.08803,44.7813],[-71.08825,44.78162],[-71.0881,44.78253],[-71.08777,44.78276],[-71.08906,44.78279],[-71.08983,44.78298],[-71.09038,44.78332],[-71.09023,44.78352],[-71.09038,44.78381],[-71.09009,44.78394],[-71.08846,44.78403],[-71.08583,44.7847],[-71.08533,44.7847],[-71.08366,44.78435],[-71.08231,44.78374],[-71.08136,44.78313],[-71.08,44.78256],[-71.07806,44.78205],[-71.07587,44.78198],[-71.07503,44.78177],[-71.0739,44.78169],[-71.07231,44.7813],[-71.07158,44.7814],[-71.07049,44.78193],[-71.0704,44.78081],[-71.08723,44.78091]]],[[[-71.08913,44.79254],[-71.08911,44.79198],[-71.08865,44.79068],[-71.08913,44.79008],[-71.08903,44.78874],[-71.08922,44.78854],[-71.08975,44.78837],[-71.09033,44.78867],[-71.09093,44.78864],[-71.09134,44.78878],[-71.0918,44.78924],[-71.09249,44.78918],[-71.09202,44.79906],[-71.09108,44.79834],[-71.09113,44.79772],[-71.09073,44.79713],[-71.09103,44.7962],[-71.09167,44.79583],[-71.09169,44.79555],[-71.09117,44.79519],[-71.08986,44.79304],[-71.08913,44.79254]]],[[[-71.07167,44.7821],[-71.07245,44.78201],[-71.07318,44.78222],[-71.07442,44.78296],[-71.07552,44.78291],[-71.07613,44.78269],[-71.07786,44.78278],[-71.07834,44.783],[-71.0791,44.783],[-71.08083,44.78353],[-71.08226,44.78432],[-71.0836,44.78483],[-71.08545,44.78524],[-71.08702,44.78506],[-71.08908,44.78445],[-71.09119,44.78448],[-71.09166,44.78477],[-71.09343,44.78655],[-71.09384,44.7868],[-71.0938,44.78697],[-71.09337,44.78693],[-71.09248,44.78606],[-71.09114,44.78568],[-71.0899,44.78564],[-71.08893,44.78604],[-71.08788,44.78688],[-71.08797,44.78722],[-71.08766,44.78719],[-71.08731,44.78739],[-71.08733,44.78766],[-71.08765,44.78771],[-71.08768,44.78788],[-71.08733,44.78791],[-71.08743,44.78815],[-71.08688,44.78822],[-71.08716,44.78838],[-71.08722,44.78869],[-71.08702,44.78873],[-71.0867,44.78849],[-71.08663,44.78867],[-71.08681,44.78874],[-71.08659,44.78879],[-71.0858,44.79014],[-71.08614,44.79028],[-71.08623,44.79058],[-71.08588,44.79065],[-71.08612,44.79084],[-71.08613,44.79113],[-71.08533,44.79139],[-71.08513,44.7916],[-71.08513,44.79168],[-71.08534,44.79164],[-71.08516,44.79185],[-71.08537,44.79246],[-71.08574,44.79264],[-71.08597,44.79301],[-71.08665,44.79329],[-71.08707,44.79363],[-71.08696,44.79396],[-71.08713,44.79414],[-71.0869,44.7943],[-71.08664,44.79427],[-71.08702,44.79472],[-71.08763,44.79635],[-71.08884,44.79641],[-71.08899,44.79652],[-71.08997,44.79738],[-71.08992,44.79807],[-71.09041,44.79876],[-71.09068,44.79869],[-71.0912,44.79896],[-71.09186,44.79938],[-71.09203,44.79969],[-71.0918,44.80489],[-71.09154,44.80552],[-71.09171,44.8062],[-71.09107,44.80932],[-71.09114,44.81045],[-71.09088,44.81047],[-71.09082,44.8093],[-71.09146,44.80619],[-71.09129,44.80553],[-71.09155,44.80485],[-71.09161,44.8039],[-71.09143,44.8036],[-71.09142,44.80312],[-71.09016,44.80209],[-71.08936,44.80035],[-71.08846,44.79926],[-71.08819,44.79814],[-71.08787,44.79751],[-71.08736,44.79725],[-71.0868,44.79721],[-71.08569,44.79742],[-71.08519,44.79736],[-71.0837,44.7954],[-71.08308,44.79529],[-71.08042,44.79575],[-71.07915,44.79608],[-71.07486,44.7959],[-71.07338,44.79553],[-71.07108,44.79554],[-71.07149,44.8045],[-71.06857,44.80257],[-71.06712,44.80115],[-71.06572,44.80003],[-71.06354,44.79751],[-71.06276,44.79586],[-71.06258,44.79491],[-71.06256,44.79391],[-71.06306,44.79256],[-71.0639,44.79169],[-71.06338,44.79248],[-71.06367,44.79253],[-71.06361,44.79274],[-71.06377,44.79269],[-71.0639,44.7924],[-71.06367,44.79231],[-71.06399,44.79211],[-71.06457,44.79134],[-71.06622,44.78988],[-71.0668,44.78957],[-71.06628,44.79018],[-71.06642,44.79022],[-71.06631,44.79048],[-71.06615,44.79042],[-71.06613,44.7906],[-71.06534,44.79135],[-71.06543,44.79144],[-71.06522,44.79146],[-71.06528,44.79161],[-71.06463,44.79192],[-71.06517,44.79182],[-71.06442,44.7923],[-71.06506,44.79211],[-71.0641,44.79308],[-71.06473,44.79263],[-71.0646,44.79291],[-71.06489,44.79285],[-71.06395,44.79445],[-71.06473,44.79366],[-71.06465,44.79428],[-71.06499,44.79373],[-71.06482,44.79338],[-71.06549,44.79288],[-71.06543,44.7932],[-71.06558,44.79315],[-71.0661,44.79199],[-71.06894,44.78965],[-71.06869,44.78888],[-71.06853,44.78875],[-71.06833,44.78883],[-71.06805,44.78924],[-71.06792,44.78907],[-71.06773,44.78911],[-71.06824,44.78882],[-71.06828,44.78861],[-71.06802,44.7887],[-71.0686,44.78809],[-71.0684,44.78763],[-71.06758,44.78699],[-71.06611,44.78635],[-71.06654,44.786],[-71.06668,44.78558],[-71.06709,44.78544],[-71.06721,44.78515],[-71.06753,44.78506],[-71.06741,44.78495],[-71.06859,44.78471],[-71.06866,44.78461],[-71.06818,44.78457],[-71.06882,44.78436],[-71.06908,44.78404],[-71.06882,44.78384],[-71.06857,44.78385],[-71.06865,44.78368],[-71.0693,44.78371],[-71.06908,44.78351],[-71.0699,44.78325],[-71.07167,44.7821]]],[[[-71.07166,44.80608],[-71.07266,44.80688],[-71.07278,44.80712],[-71.07259,44.80717],[-71.07101,44.80666],[-71.07045,44.80666],[-71.06967,44.80717],[-71.06961,44.80768],[-71.06978,44.80814],[-71.06937,44.80835],[-71.06988,44.80833],[-71.07071,44.80882],[-71.0717,44.809],[-71.07181,44.81142],[-71.07092,44.81008],[-71.07009,44.81004],[-71.06857,44.80945],[-71.06722,44.80916],[-71.06609,44.80868],[-71.06552,44.80857],[-71.06222,44.80882],[-71.06143,44.80909],[-71.06099,44.809],[-71.06034,44.80914],[-71.05963,44.80908],[-71.05937,44.80925],[-71.05894,44.81021],[-71.05855,44.81069],[-71.05823,44.81066],[-71.05705,44.81017],[-71.05547,44.81038],[-71.05509,44.8106],[-71.05464,44.81122],[-71.0544,44.81248],[-71.04271,44.81321],[-71.04267,44.81215],[-71.04449,44.81136],[-71.0453,44.81117],[-71.04568,44.81093],[-71.04649,44.81075],[-71.04709,44.81047],[-71.04813,44.80972],[-71.04866,44.80913],[-71.04884,44.80965],[-71.04938,44.80981],[-71.0493,44.81036],[-71.04959,44.81045],[-71.04973,44.81077],[-71.04996,44.80991],[-71.0507,44.81023],[-71.05101,44.81014],[-71.05171,44.81058],[-71.05189,44.81033],[-71.05261,44.81047],[-71.05275,44.81017],[-71.05226,44.81022],[-71.0517,44.81002],[-71.05153,44.80981],[-71.05166,44.80957],[-71.05156,44.80954],[-71.05067,44.80964],[-71.0498,44.80944],[-71.04964,44.80929],[-71.04965,44.80874],[-71.0495,44.80875],[-71.04933,44.80903],[-71.04887,44.80884],[-71.04867,44.80857],[-71.04863,44.80833],[-71.04938,44.80608],[-71.0493,44.80543],[-71.04896,44.80501],[-71.04909,44.80425],[-71.04933,44.80397],[-71.04909,44.80316],[-71.04901,44.80202],[-71.0491,44.80007],[-71.0489,44.79975],[-71.04887,44.79922],[-71.0482,44.79868],[-71.04803,44.79786],[-71.04878,44.79735],[-71.04895,44.79707],[-71.0491,44.7971],[-71.0493,44.79765],[-71.04968,44.79752],[-71.0498,44.79733],[-71.04951,44.79702],[-71.04973,44.79653],[-71.05066,44.79666],[-71.05089,44.79647],[-71.05254,44.797],[-71.0538,44.79682],[-71.05447,44.79661],[-71.05588,44.79671],[-71.05527,44.79613],[-71.05478,44.79621],[-71.0544,44.79607],[-71.05423,44.79518],[-71.0565,44.79623],[-71.05764,44.79637],[-71.05843,44.79603],[-71.05901,44.79551],[-71.05988,44.79519],[-71.06012,44.79467],[-71.05993,44.79339],[-71.06182,44.79136],[-71.0623,44.79048],[-71.06267,44.79038],[-71.06337,44.79049],[-71.06382,44.79083],[-71.06257,44.79186],[-71.06186,44.79309],[-71.0616,44.79396],[-71.06156,44.79462],[-71.06182,44.7959],[-71.06273,44.79762],[-71.06395,44.79925],[-71.06883,44.80363],[-71.07094,44.80502],[-71.07166,44.80608]]],[[[-71.07695,44.82654],[-71.07778,44.82462],[-71.07912,44.82259],[-71.07948,44.82228],[-71.08,44.82275],[-71.08104,44.82267],[-71.08159,44.82336],[-71.08145,44.82361],[-71.08171,44.82368],[-71.08197,44.82394],[-71.08215,44.82351],[-71.08168,44.82255],[-71.08218,44.8223],[-71.08307,44.82242],[-71.08308,44.82206],[-71.08371,44.82174],[-71.08397,44.82177],[-71.08415,44.82213],[-71.08408,44.82173],[-71.08375,44.82157],[-71.08418,44.82124],[-71.08395,44.82072],[-71.08452,44.82044],[-71.08499,44.82069],[-71.08571,44.82076],[-71.086,44.82065],[-71.08629,44.82026],[-71.08665,44.82024],[-71.08691,44.82042],[-71.08723,44.82038],[-71.08714,44.82024],[-71.08685,44.8202],[-71.08679,44.82003],[-71.08728,44.82007],[-71.08739,44.81998],[-71.0873,44.81947],[-71.08794,44.81899],[-71.08794,44.81858],[-71.08838,44.81853],[-71.08846,44.81824],[-71.08919,44.81796],[-71.0898,44.81807],[-71.08931,44.81773],[-71.08873,44.81796],[-71.08841,44.81788],[-71.08818,44.81801],[-71.08821,44.81833],[-71.08789,44.81813],[-71.08771,44.81836],[-71.0873,44.81853],[-71.08736,44.81892],[-71.08698,44.81904],[-71.08684,44.81897],[-71.08693,44.81954],[-71.0865,44.81985],[-71.08597,44.81989],[-71.0858,44.82033],[-71.08557,44.82035],[-71.08537,44.82003],[-71.08502,44.82015],[-71.08476,44.81986],[-71.08461,44.81988],[-71.08415,44.82026],[-71.08359,44.82045],[-71.08325,44.82119],[-71.08295,44.82143],[-71.08224,44.82171],[-71.08063,44.8219],[-71.08022,44.82179],[-71.0808,44.82139],[-71.08181,44.82037],[-71.08426,44.81886],[-71.08573,44.81775],[-71.08604,44.81761],[-71.0888,44.81748],[-71.09074,44.81693],[-71.09213,44.81628],[-71.09493,44.81423],[-71.09595,44.81394],[-71.10009,44.81374],[-71.10134,44.8143],[-71.10176,44.81433],[-71.10394,44.81392],[-71.10449,44.81354],[-71.10498,44.81281],[-71.10547,44.8125],[-71.10817,44.81165],[-71.10935,44.81085],[-71.1106,44.80941],[-71.11144,44.80719],[-71.11271,44.80556],[-71.11283,44.80463],[-71.11238,44.80359],[-71.11069,44.80237],[-71.1103,44.80193],[-71.1081,44.79752],[-71.10765,44.79417],[-71.10785,44.79323],[-71.10837,44.792],[-71.10904,44.79147],[-71.11015,44.79085],[-71.11477,44.7894],[-71.12029,44.78938],[-71.11977,44.78975],[-71.12062,44.78987],[-71.12085,44.78973],[-71.12091,44.78938],[-71.12275,44.78934],[-71.12355,44.80149],[-71.13306,44.80121],[-71.13389,44.80843],[-71.13518,44.81091],[-71.13243,44.81428],[-71.13184,44.8169],[-71.1315,44.81954],[-71.13155,44.82105],[-71.13185,44.82205],[-71.12796,44.82595],[-71.12525,44.82588],[-71.12542,44.82658],[-71.12535,44.82694],[-71.12519,44.82712],[-71.12468,44.82715],[-71.12232,44.82709],[-71.12145,44.82685],[-71.11994,44.82692],[-71.11843,44.82721],[-71.11609,44.82678],[-71.11327,44.82698],[-71.11298,44.82678],[-71.11286,44.82651],[-71.11298,44.82624],[-71.11275,44.82615],[-71.11034,44.82802],[-71.11291,44.83028],[-71.10551,44.83482],[-71.10517,44.83521],[-71.10332,44.83448],[-71.10168,44.83446],[-71.09998,44.83357],[-71.0989,44.83327],[-71.09796,44.83317],[-71.09692,44.83272],[-71.09556,44.83291],[-71.09442,44.83351],[-71.09369,44.8337],[-71.09254,44.83355],[-71.09054,44.83368],[-71.08981,44.83347],[-71.08742,44.83579],[-71.08101,44.83611],[-71.08127,44.8379],[-71.06956,44.83849],[-71.06946,44.8367],[-71.0789,44.83622],[-71.07748,44.82651],[-71.07695,44.82654]],[[-71.11424,44.82444],[-71.11478,44.82336],[-71.11501,44.82246],[-71.11527,44.82223],[-71.11456,44.82189],[-71.11441,44.82195],[-71.1145,44.82234],[-71.11386,44.82257],[-71.11389,44.8228],[-71.11362,44.82282],[-71.11314,44.82261],[-71.11263,44.82267],[-71.1124,44.82288],[-71.11183,44.82296],[-71.11188,44.82337],[-71.11166,44.82369],[-71.11134,44.82378],[-71.11189,44.8241],[-71.11241,44.82417],[-71.11278,44.82466],[-71.11269,44.82495],[-71.11299,44.82474],[-71.11351,44.8247],[-71.11424,44.82444]],[[-71.11163,44.80885],[-71.11173,44.80972],[-71.11154,44.81064],[-71.11235,44.81166],[-71.1131,44.81345],[-71.11389,44.81391],[-71.11476,44.81378],[-71.11505,44.81364],[-71.11517,44.81341],[-71.11537,44.81272],[-71.11533,44.81196],[-71.11491,44.81132],[-71.11446,44.81102],[-71.11437,44.80988],[-71.11388,44.80899],[-71.11336,44.80842],[-71.11307,44.80706],[-71.11292,44.80678],[-71.11272,44.80672],[-71.1125,44.80679],[-71.1118,44.80797],[-71.11163,44.80885]],[[-71.123,44.8048],[-71.12265,44.80391],[-71.12277,44.80297],[-71.1225,44.80271],[-71.12253,44.80212],[-71.12201,44.80163],[-71.12169,44.80177],[-71.12074,44.80265],[-71.11737,44.80254],[-71.1171,44.80266],[-71.11684,44.80302],[-71.11667,44.80399],[-71.11707,44.80454],[-71.11681,44.80498],[-71.11707,44.80527],[-71.11827,44.80598],[-71.11905,44.80604],[-71.12108,44.80585],[-71.12166,44.80556],[-71.12203,44.8051],[-71.12261,44.80478],[-71.123,44.8048]]],[[[-71.05118,44.81972],[-71.05058,44.81853],[-71.05022,44.8163],[-71.04977,44.81517],[-71.0504,44.81555],[-71.05223,44.81596],[-71.05383,44.81578],[-71.0543,44.81552],[-71.05483,44.81453],[-71.05521,44.81425],[-71.05488,44.81362],[-71.05494,44.81311],[-71.05465,44.81244],[-71.05488,44.81127],[-71.0554,44.81062],[-71.05585,44.81047],[-71.057,44.81035],[-71.05813,44.81083],[-71.05863,44.81086],[-71.05901,44.81054],[-71.05972,44.80925],[-71.06038,44.80933],[-71.06096,44.80919],[-71.06143,44.80927],[-71.06226,44.809],[-71.06553,44.80875],[-71.06712,44.80932],[-71.06889,44.80975],[-71.07002,44.81022],[-71.07077,44.81024],[-71.07097,44.8104],[-71.07183,44.81188],[-71.07231,44.81227],[-71.07337,44.81385],[-71.07322,44.81555],[-71.0726,44.81676],[-71.07261,44.81724],[-71.07361,44.81766],[-71.0745,44.81825],[-71.07482,44.81884],[-71.07466,44.81939],[-71.0738,44.81979],[-71.07361,44.82013],[-71.07241,44.82089],[-71.07173,44.82107],[-71.07057,44.82103],[-71.07032,44.82123],[-71.06969,44.82244],[-71.06848,44.82343],[-71.06845,44.82462],[-71.06895,44.82611],[-71.06861,44.82711],[-71.06887,44.8271],[-71.06921,44.82633],[-71.06914,44.82574],[-71.0687,44.82459],[-71.0687,44.82353],[-71.0699,44.82254],[-71.0707,44.8212],[-71.07173,44.82125],[-71.07255,44.82104],[-71.07379,44.82026],[-71.07402,44.8199],[-71.07484,44.81952],[-71.07508,44.81911],[-71.07495,44.81844],[-71.0747,44.81813],[-71.07375,44.81751],[-71.07284,44.81713],[-71.07285,44.8168],[-71.07347,44.81559],[-71.07363,44.81381],[-71.07253,44.81218],[-71.07181,44.81142],[-71.07325,44.81143],[-71.07397,44.81224],[-71.07587,44.81328],[-71.07761,44.81477],[-71.07958,44.81615],[-71.0817,44.81715],[-71.08289,44.81744],[-71.08396,44.81798],[-71.08396,44.81821],[-71.0824,44.81956],[-71.08207,44.81964],[-71.0813,44.81955],[-71.08009,44.81892],[-71.07948,44.8194],[-71.08051,44.82059],[-71.08054,44.82088],[-71.08014,44.8213],[-71.07959,44.82149],[-71.07825,44.82244],[-71.0773,44.82345],[-71.0772,44.82421],[-71.07664,44.82553],[-71.07644,44.82654],[-71.07548,44.82658],[-71.07574,44.82913],[-71.07547,44.8302],[-71.07475,44.83204],[-71.07444,44.83235],[-71.07395,44.83241],[-71.07297,44.83218],[-71.07104,44.83108],[-71.07029,44.83079],[-71.06684,44.83021],[-71.06392,44.82932],[-71.06313,44.82868],[-71.06271,44.82853],[-71.06107,44.82829],[-71.06022,44.82829],[-71.05979,44.82839],[-71.05952,44.82898],[-71.05957,44.82998],[-71.0594,44.83057],[-71.05905,44.83103],[-71.05828,44.83134],[-71.05727,44.83083],[-71.05641,44.82963],[-71.05591,44.82945],[-71.05567,44.82956],[-71.05553,44.82984],[-71.04346,44.83052],[-71.04302,44.82141],[-71.05107,44.82102],[-71.05118,44.81972]],[[-71.05813,44.82874],[-71.05891,44.82864],[-71.05907,44.82829],[-71.05884,44.82828],[-71.05881,44.82845],[-71.05856,44.82852],[-71.0583,44.82851],[-71.05813,44.82874]]],[[[-71.07508,44.83225],[-71.07549,44.83143],[-71.07582,44.83142],[-71.0758,44.83159],[-71.07628,44.83163],[-71.07617,44.83198],[-71.0757,44.83194],[-71.07547,44.83252],[-71.07515,44.83285],[-71.07443,44.83262],[-71.07508,44.83225]]],[[[-71.05715,44.83748],[-71.05743,44.84265],[-71.05788,44.84392],[-71.05855,44.84491],[-71.05699,44.84546],[-71.05624,44.84453],[-71.05531,44.844],[-71.05479,44.84396],[-71.05431,44.84415],[-71.05411,44.84405],[-71.05397,44.84414],[-71.05379,44.8446],[-71.05241,44.84507],[-71.04993,44.84568],[-71.04878,44.84627],[-71.04831,44.84634],[-71.04721,44.84624],[-71.04697,44.84589],[-71.04721,44.84517],[-71.04715,44.84571],[-71.04736,44.84588],[-71.04742,44.84537],[-71.04777,44.84525],[-71.04783,44.8454],[-71.04805,44.84516],[-71.04785,44.84498],[-71.04889,44.84391],[-71.04932,44.84325],[-71.04956,44.84318],[-71.04915,44.8437],[-71.04906,44.84413],[-71.04869,44.8443],[-71.04884,44.84443],[-71.04961,44.84418],[-71.04971,44.84391],[-71.0507,44.84338],[-71.052,44.84177],[-71.05208,44.8419],[-71.05159,44.84273],[-71.05156,44.84316],[-71.05188,44.84362],[-71.0525,44.84334],[-71.05215,44.8437],[-71.05226,44.84379],[-71.05266,44.84358],[-71.05263,44.84293],[-71.05246,44.84283],[-71.05232,44.84281],[-71.05229,44.8431],[-71.052,44.84317],[-71.05232,44.84219],[-71.05318,44.84066],[-71.05292,44.84035],[-71.05228,44.84006],[-71.05206,44.83979],[-71.05199,44.83906],[-71.05221,44.83746],[-71.05316,44.83623],[-71.05365,44.83613],[-71.05292,44.8367],[-71.05278,44.83697],[-71.05444,44.83582],[-71.05423,44.8362],[-71.05446,44.83622],[-71.05485,44.83585],[-71.05469,44.83572],[-71.05562,44.83479],[-71.05572,44.83504],[-71.05597,44.83493],[-71.05609,44.83554],[-71.05625,44.83527],[-71.05613,44.8357],[-71.05571,44.83565],[-71.05564,44.83601],[-71.05606,44.83605],[-71.05577,44.83751],[-71.05715,44.83748]]],[[[-71.05426,44.84785],[-71.05283,44.84817],[-71.05259,44.84808],[-71.05234,44.84813],[-71.05174,44.84841],[-71.05168,44.84861],[-71.05267,44.84868],[-71.05337,44.84852],[-71.0527,44.84888],[-71.0518,44.84883],[-71.05137,44.84869],[-71.05071,44.84815],[-71.04981,44.84774],[-71.04913,44.84757],[-71.04816,44.84775],[-71.04756,44.84696],[-71.05215,44.84643],[-71.0522,44.84621],[-71.05144,44.84637],[-71.05205,44.84606],[-71.0515,44.84598],[-71.05064,44.84606],[-71.05328,44.84545],[-71.05422,44.84495],[-71.05456,44.84462],[-71.05489,44.84491],[-71.05499,44.84473],[-71.05468,44.84451],[-71.05491,44.84446],[-71.05563,44.84484],[-71.05617,44.84545],[-71.05748,44.84771],[-71.05726,44.84895],[-71.05738,44.84966],[-71.05693,44.84957],[-71.05635,44.84838],[-71.05598,44.84808],[-71.05527,44.8478],[-71.05426,44.84785]]],[[[-71.04797,44.84902],[-71.04789,44.84811],[-71.04852,44.84795],[-71.04942,44.84795],[-71.05008,44.84831],[-71.05009,44.84846],[-71.04991,44.84857],[-71.05002,44.84875],[-71.05011,44.8488],[-71.05017,44.84857],[-71.05064,44.84891],[-71.05047,44.84908],[-71.04951,44.8489],[-71.04947,44.84905],[-71.05044,44.8492],[-71.05092,44.84914],[-71.05131,44.84934],[-71.05218,44.84944],[-71.05293,44.8494],[-71.05403,44.84865],[-71.05508,44.84826],[-71.05551,44.84835],[-71.05587,44.8486],[-71.05618,44.84963],[-71.05703,44.85008],[-71.05749,44.84993],[-71.05787,44.85008],[-71.05841,44.85007],[-71.05841,44.84929],[-71.05914,44.84953],[-71.05922,44.84932],[-71.05996,44.84968],[-71.06042,44.84965],[-71.05963,44.85071],[-71.05792,44.85177],[-71.05751,44.85167],[-71.05657,44.85168],[-71.05597,44.85142],[-71.05525,44.85079],[-71.05515,44.85003],[-71.05459,44.84998],[-71.05419,44.85046],[-71.0548,44.85203],[-71.05478,44.85214],[-71.05428,44.85232],[-71.0531,44.85121],[-71.05183,44.8505],[-71.04872,44.84959],[-71.04836,44.84938],[-71.04797,44.84902]]],[[[-71.04592,44.8439],[-71.04817,44.84381],[-71.04774,44.84419],[-71.04724,44.84425],[-71.04646,44.84481],[-71.04626,44.84612],[-71.04643,44.84643],[-71.04729,44.84719],[-71.04716,44.84722],[-71.04647,44.84679],[-71.04601,44.847],[-71.04552,44.84785],[-71.04552,44.84863],[-71.04573,44.84902],[-71.04683,44.84957],[-71.04709,44.84967],[-71.04705,44.84954],[-71.04765,44.84976],[-71.04694,44.84916],[-71.04642,44.8482],[-71.04644,44.84795],[-71.04677,44.84753],[-71.04739,44.84728],[-71.04703,44.84813],[-71.04701,44.84859],[-71.04742,44.84939],[-71.04855,44.84993],[-71.04974,44.851],[-71.05049,44.85139],[-71.05063,44.85144],[-71.05074,44.85104],[-71.05125,44.8512],[-71.05134,44.85108],[-71.05162,44.85116],[-71.05139,44.85094],[-71.05013,44.85048],[-71.05197,44.85111],[-71.05376,44.85254],[-71.05498,44.85304],[-71.05487,44.85324],[-71.05454,44.85328],[-71.05299,44.85329],[-71.05135,44.85363],[-71.04973,44.8536],[-71.04807,44.8538],[-71.04588,44.85482],[-71.0451,44.84444],[-71.04592,44.8439]]],[[[-71.05525,44.85284],[-71.05572,44.8523],[-71.05602,44.8515],[-71.05655,44.85173],[-71.05751,44.85171],[-71.05788,44.85181],[-71.05711,44.85284],[-71.05617,44.85371],[-71.05521,44.85333],[-71.05546,44.85295],[-71.05525,44.85284]]],[[[-71.05389,44.85489],[-71.05405,44.85445],[-71.054,44.85405],[-71.05463,44.85404],[-71.0546,44.85445],[-71.05434,44.85483],[-71.05278,44.85618],[-71.05202,44.85664],[-71.05209,44.85678],[-71.05253,44.8566],[-71.05198,44.8574],[-71.05138,44.85781],[-71.05067,44.85773],[-71.05035,44.85745],[-71.05021,44.85711],[-71.05062,44.85623],[-71.05145,44.85565],[-71.05249,44.85549],[-71.0536,44.85511],[-71.05389,44.85489]]],[[[-71.06356,44.70673],[-71.05759,44.70281],[-71.05645,44.70228],[-71.05517,44.70209],[-71.05412,44.70211],[-71.049,44.70289],[-71.04792,44.6969],[-71.05101,44.69516],[-71.05142,44.69513],[-71.05153,44.69528],[-71.05228,44.6955],[-71.05301,44.69545],[-71.05316,44.69561],[-71.05362,44.69557],[-71.05392,44.69573],[-71.05473,44.69579],[-71.05494,44.696],[-71.05566,44.69586],[-71.05601,44.69605],[-71.05598,44.69574],[-71.05694,44.69492],[-71.05821,44.69439],[-71.05879,44.69351],[-71.06017,44.69229],[-71.06102,44.6897],[-71.06318,44.68833],[-71.06459,44.6871],[-71.06586,44.68637],[-71.06676,44.68544],[-71.06603,44.68524],[-71.06532,44.68481],[-71.07312,44.67468],[-71.0733,44.67472],[-71.07329,44.67511],[-71.07362,44.67543],[-71.07519,44.67599],[-71.07645,44.67664],[-71.07808,44.67694],[-71.0807,44.67852],[-71.08189,44.67873],[-71.08332,44.67937],[-71.08613,44.68019],[-71.08684,44.6801],[-71.08764,44.6797],[-71.08896,44.67814],[-71.09144,44.67635],[-71.09203,44.67613],[-71.09275,44.67612],[-71.0931,44.67669],[-71.09429,44.67718],[-71.09467,44.67746],[-71.09571,44.67919],[-71.09695,44.67952],[-71.09791,44.68013],[-71.09829,44.68111],[-71.09858,44.68141],[-71.09933,44.68166],[-71.10075,44.68186],[-71.10194,44.68296],[-71.10307,44.68351],[-71.1053,44.68427],[-71.10639,44.68421],[-71.10761,44.68358],[-71.10951,44.68299],[-71.11078,44.68309],[-71.11269,44.68292],[-71.11402,44.68316],[-71.11643,44.68408],[-71.11728,44.68428],[-71.11851,44.68426],[-71.12007,44.68369],[-71.12129,44.68357],[-71.12332,44.68435],[-71.12532,44.68457],[-71.12684,44.68563],[-71.12757,44.68708],[-71.13027,44.69005],[-71.131,44.69053],[-71.13271,44.69117],[-71.13445,44.69257],[-71.13503,44.69373],[-71.1363,44.69483],[-71.1367,44.69551],[-71.13673,44.69605],[-71.13645,44.69721],[-71.13625,44.69727],[-71.13711,44.70886],[-71.12529,44.70869],[-71.11545,44.70857],[-71.06858,44.70941],[-71.06755,44.70871],[-71.06561,44.70783],[-71.06356,44.70673]]],[[[-71.07161,44.72178],[-71.07352,44.72286],[-71.07353,44.72304],[-71.07269,44.72289],[-71.07104,44.72181],[-71.07106,44.7217],[-71.0712,44.72164],[-71.07161,44.72178]]],[[[-71.08942,44.74564],[-71.08853,44.74564],[-71.08812,44.74526],[-71.08838,44.74452],[-71.08817,44.74365],[-71.08858,44.74345],[-71.08864,44.74303],[-71.08935,44.74157],[-71.08899,44.74046],[-71.08743,44.73825],[-71.08743,44.73753],[-71.08781,44.7364],[-71.08766,44.73595],[-71.08766,44.73474],[-71.08623,44.73305],[-71.08545,44.73183],[-71.08508,44.73084],[-71.08418,44.7298],[-71.08287,44.72947],[-71.0825,44.72952],[-71.08052,44.72834],[-71.07988,44.72768],[-71.07927,44.72771],[-71.07898,44.72692],[-71.07768,44.7259],[-71.07754,44.72561],[-71.07556,44.72406],[-71.0759,44.72382],[-71.07587,44.72363],[-71.0755,44.72342],[-71.07551,44.72321],[-71.07577,44.72299],[-71.07565,44.72268],[-71.07591,44.72236],[-71.07529,44.72204],[-71.07484,44.72202],[-71.07442,44.72237],[-71.07414,44.72234],[-71.07306,44.72189],[-71.07271,44.72189],[-71.07211,44.72147],[-71.07176,44.72144],[-71.07071,44.72083],[-71.07021,44.72034],[-71.07158,44.71947],[-71.07322,44.72043],[-71.07629,44.72073],[-71.07779,44.72205],[-71.07783,44.72256],[-71.07708,44.72271],[-71.07881,44.72514],[-71.08006,44.72611],[-71.08169,44.72708],[-71.08218,44.72721],[-71.08386,44.72723],[-71.08487,44.72693],[-71.08609,44.72684],[-71.0872,44.72597],[-71.08699,44.72433],[-71.08724,44.72431],[-71.08745,44.72599],[-71.08722,44.7263],[-71.08585,44.72734],[-71.08559,44.72965],[-71.08574,44.73035],[-71.08686,44.73215],[-71.08858,44.73431],[-71.08872,44.73476],[-71.08868,44.73611],[-71.08909,44.73738],[-71.08891,44.73859],[-71.08985,44.74023],[-71.09029,44.74131],[-71.09121,44.74394],[-71.09151,44.74553],[-71.09191,44.74633],[-71.09149,44.7469],[-71.09051,44.74729],[-71.08979,44.74774],[-71.08937,44.74781],[-71.08845,44.74762],[-71.08661,44.74853],[-71.08557,44.74921],[-71.08485,44.74949],[-71.08361,44.75072],[-71.08267,44.7512],[-71.08194,44.75116],[-71.08047,44.75032],[-71.07988,44.7494],[-71.07932,44.74921],[-71.07771,44.74897],[-71.07402,44.74911],[-71.07185,44.74865],[-71.07094,44.74897],[-71.069,44.75044],[-71.06765,44.75067],[-71.06769,44.75049],[-71.06855,44.75039],[-71.06902,44.75021],[-71.07078,44.74883],[-71.07166,44.74848],[-71.07273,44.74858],[-71.07408,44.74893],[-71.07746,44.7488],[-71.07507,44.74581],[-71.07406,44.74478],[-71.07053,44.74493],[-71.07054,44.74471],[-71.07414,44.74458],[-71.07529,44.74572],[-71.07727,44.74829],[-71.07779,44.74879],[-71.07993,44.7492],[-71.08025,44.74948],[-71.08066,44.75019],[-71.08206,44.751],[-71.08261,44.75102],[-71.08315,44.7508],[-71.0843,44.74961],[-71.08525,44.74913],[-71.08395,44.7476],[-71.08377,44.74555],[-71.08388,44.74407],[-71.08402,44.74325],[-71.08439,44.74273],[-71.08456,44.74204],[-71.08353,44.7411],[-71.0809,44.74019],[-71.07936,44.73998],[-71.07927,44.73858],[-71.07939,44.73854],[-71.07976,44.73865],[-71.07999,44.73843],[-71.08025,44.73846],[-71.08049,44.73888],[-71.08115,44.73875],[-71.08166,44.73889],[-71.08199,44.73873],[-71.0822,44.73911],[-71.08299,44.7394],[-71.08325,44.7394],[-71.08339,44.73921],[-71.08356,44.73924],[-71.08412,44.73967],[-71.08464,44.73972],[-71.08539,44.74039],[-71.08543,44.74079],[-71.08621,44.74107],[-71.08626,44.74126],[-71.08676,44.74157],[-71.08673,44.74206],[-71.08641,44.74268],[-71.0865,44.74321],[-71.08574,44.74448],[-71.08566,44.74526],[-71.08577,44.74593],[-71.08603,44.74629],[-71.08607,44.74706],[-71.08589,44.7474],[-71.08606,44.74765],[-71.08644,44.74772],[-71.08682,44.7475],[-71.08763,44.74641],[-71.08873,44.74723],[-71.08948,44.74748],[-71.08929,44.74669],[-71.08942,44.74564]],[[-71.07744,44.72399],[-71.0776,44.7239],[-71.07683,44.72275],[-71.07669,44.72278],[-71.07744,44.72399]]],[[[-71.08347,44.73479],[-71.08325,44.73488],[-71.08295,44.73475],[-71.08295,44.73433],[-71.08345,44.73447],[-71.08347,44.73479]]],[[[-71.06508,44.78335],[-71.06642,44.78293],[-71.06833,44.78276],[-71.06824,44.78296],[-71.06766,44.78326],[-71.06682,44.78303],[-71.06659,44.78307],[-71.06663,44.78329],[-71.06631,44.78342],[-71.06734,44.78351],[-71.06656,44.78389],[-71.06677,44.78413],[-71.06653,44.78446],[-71.06657,44.7848],[-71.06667,44.78493],[-71.06708,44.785],[-71.06662,44.78537],[-71.06599,44.78548],[-71.06593,44.78578],[-71.06624,44.78603],[-71.06599,44.78625],[-71.06537,44.78599],[-71.06517,44.78571],[-71.06525,44.78554],[-71.06477,44.78517],[-71.06497,44.7849],[-71.06463,44.78442],[-71.06508,44.78335]]],[[[-71.06201,44.7861],[-71.06309,44.78597],[-71.06332,44.78538],[-71.0636,44.78514],[-71.06323,44.7851],[-71.06311,44.78455],[-71.06271,44.78435],[-71.06219,44.78514],[-71.06148,44.7858],[-71.06099,44.78603],[-71.06073,44.78595],[-71.06267,44.78391],[-71.06274,44.78377],[-71.06239,44.78348],[-71.06241,44.78335],[-71.06378,44.78332],[-71.0639,44.7835],[-71.0637,44.78439],[-71.0639,44.7852],[-71.06412,44.78577],[-71.0647,44.78641],[-71.06442,44.78643],[-71.06418,44.78617],[-71.06393,44.78659],[-71.06366,44.78676],[-71.06311,44.78664],[-71.06242,44.78674],[-71.06163,44.78717],[-71.06041,44.78819],[-71.06016,44.78823],[-71.06154,44.78669],[-71.06158,44.78632],[-71.06201,44.7861]]],[[[-71.06381,44.78797],[-71.06198,44.78893],[-71.06151,44.78895],[-71.06218,44.78833],[-71.06358,44.78754],[-71.06398,44.78745],[-71.06422,44.78755],[-71.06419,44.78766],[-71.06381,44.78797]]],[[[-71.06331,44.78983],[-71.06444,44.78944],[-71.06479,44.78981],[-71.06511,44.78969],[-71.06521,44.78893],[-71.06477,44.78898],[-71.06457,44.78932],[-71.06407,44.78934],[-71.06398,44.78925],[-71.06463,44.78896],[-71.06395,44.78878],[-71.06482,44.78819],[-71.06515,44.78821],[-71.06512,44.78859],[-71.0656,44.78859],[-71.0656,44.78882],[-71.06583,44.78872],[-71.06573,44.7881],[-71.06544,44.78773],[-71.0655,44.78744],[-71.06497,44.78743],[-71.06488,44.78734],[-71.06523,44.78705],[-71.06488,44.78709],[-71.06464,44.78759],[-71.06451,44.7875],[-71.06493,44.78686],[-71.06474,44.7865],[-71.06541,44.78684],[-71.067,44.78824],[-71.06712,44.78826],[-71.06705,44.788],[-71.06613,44.78726],[-71.0663,44.78723],[-71.0675,44.78773],[-71.06727,44.78835],[-71.06442,44.7906],[-71.06392,44.79072],[-71.06372,44.79044],[-71.06386,44.79033],[-71.06375,44.79021],[-71.06299,44.79],[-71.06308,44.78957],[-71.06331,44.78958],[-71.06331,44.78983]]],[[[-71.05394,44.79263],[-71.05331,44.79372],[-71.05322,44.79353],[-71.05356,44.79267],[-71.05437,44.7914],[-71.05595,44.79036],[-71.05681,44.79053],[-71.05771,44.79037],[-71.05814,44.78977],[-71.05864,44.7896],[-71.05896,44.78926],[-71.06007,44.78864],[-71.05969,44.78998],[-71.05855,44.79118],[-71.05792,44.79134],[-71.05696,44.79105],[-71.05641,44.79104],[-71.0549,44.7914],[-71.05447,44.79214],[-71.05467,44.79323],[-71.05444,44.79404],[-71.05415,44.79414],[-71.0543,44.79359],[-71.05414,44.79276],[-71.05394,44.79263]]],[[[-71.05589,44.79394],[-71.05617,44.79451],[-71.05655,44.79491],[-71.05675,44.79491],[-71.05676,44.79462],[-71.05623,44.79417],[-71.05621,44.79381],[-71.05594,44.79353],[-71.05592,44.7934],[-71.05614,44.79333],[-71.05633,44.79375],[-71.05664,44.79371],[-71.05618,44.7924],[-71.05693,44.79235],[-71.05685,44.79256],[-71.05697,44.79259],[-71.05757,44.79243],[-71.05864,44.79236],[-71.05952,44.79191],[-71.06035,44.79061],[-71.06079,44.79053],[-71.06122,44.79062],[-71.05919,44.79265],[-71.05841,44.79391],[-71.05719,44.79516],[-71.05684,44.79527],[-71.05661,44.7952],[-71.05586,44.79436],[-71.0558,44.79407],[-71.05589,44.79394]]]]},"properties":{"id":"p-022-003-21000-fo","name":"Lake Umbagog National Wildlife Refuge","status":"verified","acres":13071.7,"score":67}},{"type":"Feature","id":86,"geometry":{"type":"MultiPolygon","coordinates":[[[[-71.08816,44.77432],[-71.09001,44.77451],[-71.09067,44.77477],[-71.0922,44.7761],[-71.09314,44.77645],[-71.09385,44.77708],[-71.09448,44.77727],[-71.09556,44.77685],[-71.09583,44.77646],[-71.09596,44.77583],[-71.09654,44.77524],[-71.09856,44.77466],[-71.09951,44.77458],[-71.10014,44.77465],[-71.10044,44.77484],[-71.10017,44.77567],[-71.10035,44.77571],[-71.10036,44.77678],[-71.10127,44.77794],[-71.10167,44.77875],[-71.10156,44.77968],[-71.10212,44.78138],[-71.10177,44.78271],[-71.10214,44.78329],[-71.1036,44.78402],[-71.10461,44.78424],[-71.10564,44.78463],[-71.11139,44.78429],[-71.11244,44.78435],[-71.11262,44.78954],[-71.11416,44.78951],[-71.11303,44.79001],[-71.11015,44.79085],[-71.10862,44.79177],[-71.10816,44.79237],[-71.10785,44.79323],[-71.10765,44.79443],[-71.10815,44.79764],[-71.1103,44.80193],[-71.11069,44.80237],[-71.11238,44.80359],[-71.1127,44.80409],[-71.11282,44.80512],[-71.11271,44.80556],[-71.11144,44.80719],[-71.1106,44.80941],[-71.10986,44.81036],[-71.10889,44.81121],[-71.10817,44.81165],[-71.10547,44.8125],[-71.10498,44.81281],[-71.10449,44.81354],[-71.10394,44.81392],[-71.10176,44.81433],[-71.10134,44.8143],[-71.10009,44.81374],[-71.09595,44.81394],[-71.09493,44.81423],[-71.09213,44.81628],[-71.09074,44.81693],[-71.0888,44.81748],[-71.08604,44.81761],[-71.08573,44.81775],[-71.08426,44.81886],[-71.08181,44.82037],[-71.0808,44.82139],[-71.07912,44.82259],[-71.07778,44.82462],[-71.07717,44.82589],[-71.07673,44.82806],[-71.07571,44.82811],[-71.07563,44.8266],[-71.0761,44.82658],[-71.0761,44.82744],[-71.07627,44.8275],[-71.07632,44.82657],[-71.07654,44.82656],[-71.07748,44.82335],[-71.07817,44.82253],[-71.07945,44.82168],[-71.08036,44.82129],[-71.08059,44.82085],[-71.08057,44.82047],[-71.07948,44.8194],[-71.08009,44.81892],[-71.0813,44.81955],[-71.08207,44.81964],[-71.0824,44.81956],[-71.08396,44.81821],[-71.08396,44.81798],[-71.08289,44.81744],[-71.0817,44.81715],[-71.07958,44.81615],[-71.07761,44.81477],[-71.07587,44.81328],[-71.07397,44.81224],[-71.07325,44.81143],[-71.07181,44.81142],[-71.0717,44.809],[-71.07071,44.80882],[-71.06988,44.80833],[-71.06937,44.80835],[-71.06978,44.80814],[-71.06961,44.80768],[-71.06967,44.80717],[-71.07045,44.80666],[-71.07101,44.80666],[-71.07259,44.80717],[-71.07277,44.80704],[-71.07159,44.80601],[-71.07094,44.80502],[-71.06883,44.80363],[-71.06377,44.79903],[-71.06273,44.79762],[-71.06182,44.7959],[-71.06156,44.79462],[-71.06186,44.79309],[-71.06257,44.79186],[-71.06382,44.79083],[-71.06425,44.79124],[-71.06306,44.79256],[-71.06256,44.79391],[-71.06276,44.79586],[-71.06337,44.79725],[-71.06572,44.80003],[-71.06712,44.80115],[-71.06857,44.80257],[-71.07149,44.8045],[-71.07108,44.79554],[-71.07338,44.79553],[-71.07486,44.7959],[-71.07915,44.79608],[-71.08042,44.79575],[-71.0834,44.7953],[-71.0839,44.79555],[-71.08476,44.79694],[-71.08519,44.79736],[-71.08569,44.79742],[-71.0868,44.79721],[-71.08766,44.79734],[-71.08819,44.79814],[-71.08846,44.79926],[-71.08936,44.80035],[-71.09016,44.80209],[-71.09111,44.80279],[-71.09144,44.80318],[-71.09158,44.80448],[-71.09129,44.80553],[-71.09146,44.80619],[-71.09082,44.8093],[-71.09088,44.81047],[-71.09114,44.81045],[-71.09107,44.80932],[-71.09171,44.8062],[-71.09154,44.80552],[-71.0918,44.80489],[-71.09203,44.79969],[-71.09186,44.79938],[-71.0912,44.79896],[-71.09068,44.79869],[-71.09041,44.79876],[-71.08992,44.79807],[-71.08997,44.79738],[-71.08899,44.79652],[-71.08884,44.79641],[-71.08763,44.79635],[-71.08702,44.79472],[-71.08664,44.79427],[-71.0869,44.7943],[-71.08713,44.79414],[-71.08696,44.79396],[-71.08707,44.79363],[-71.08665,44.79329],[-71.08597,44.79301],[-71.08574,44.79264],[-71.08537,44.79246],[-71.08516,44.79185],[-71.08534,44.79164],[-71.08513,44.79168],[-71.08513,44.7916],[-71.08533,44.79139],[-71.08613,44.79113],[-71.08612,44.79084],[-71.08588,44.79065],[-71.08623,44.79058],[-71.08614,44.79028],[-71.0858,44.79014],[-71.08659,44.78879],[-71.08681,44.78874],[-71.08663,44.78867],[-71.0867,44.78849],[-71.08702,44.78873],[-71.08722,44.78869],[-71.08716,44.78838],[-71.08688,44.78822],[-71.08743,44.78815],[-71.08733,44.78791],[-71.08768,44.78788],[-71.08765,44.78771],[-71.08733,44.78766],[-71.08731,44.78741],[-71.08766,44.78719],[-71.08797,44.78722],[-71.08788,44.78688],[-71.08893,44.78604],[-71.0899,44.78564],[-71.09143,44.78573],[-71.09248,44.78606],[-71.09337,44.78693],[-71.0939,44.78693],[-71.09166,44.78477],[-71.09119,44.78448],[-71.08908,44.78445],[-71.08702,44.78506],[-71.08545,44.78524],[-71.0836,44.78483],[-71.08226,44.78432],[-71.08083,44.78353],[-71.0791,44.783],[-71.07834,44.783],[-71.07786,44.78278],[-71.07613,44.78269],[-71.07552,44.78291],[-71.07442,44.78296],[-71.07362,44.7824],[-71.07245,44.78201],[-71.07167,44.7821],[-71.07053,44.78279],[-71.07052,44.78244],[-71.05993,44.7831],[-71.05984,44.77972],[-71.06054,44.77998],[-71.06217,44.78024],[-71.06301,44.78021],[-71.06339,44.78014],[-71.06416,44.77955],[-71.0649,44.77941],[-71.06716,44.77985],[-71.06913,44.78043],[-71.07325,44.77835],[-71.07418,44.77885],[-71.07532,44.77908],[-71.07956,44.77906],[-71.08019,44.77928],[-71.0808,44.77911],[-71.08073,44.77893],[-71.08172,44.77828],[-71.08273,44.77803],[-71.08303,44.7778],[-71.08371,44.77682],[-71.08463,44.77589],[-71.0852,44.77466],[-71.08563,44.77432],[-71.08687,44.774],[-71.08816,44.77432]],[[-71.07049,44.78193],[-71.07158,44.7814],[-71.07231,44.7813],[-71.0739,44.78169],[-71.07503,44.78177],[-71.07587,44.78198],[-71.07806,44.78205],[-71.08,44.78256],[-71.08136,44.78313],[-71.08231,44.78374],[-71.08366,44.78435],[-71.08533,44.7847],[-71.08583,44.7847],[-71.08846,44.78403],[-71.09009,44.78394],[-71.09038,44.78381],[-71.09023,44.78352],[-71.09038,44.78332],[-71.08983,44.78298],[-71.08906,44.78279],[-71.08777,44.78276],[-71.0881,44.78253],[-71.08825,44.78162],[-71.08803,44.7813],[-71.08725,44.78091],[-71.0704,44.78081],[-71.07049,44.78193]],[[-71.09249,44.78918],[-71.0918,44.78924],[-71.09134,44.78878],[-71.09093,44.78864],[-71.09033,44.78867],[-71.08975,44.78837],[-71.08922,44.78854],[-71.08902,44.78887],[-71.08913,44.79008],[-71.08864,44.79079],[-71.08911,44.79198],[-71.08913,44.79254],[-71.08979,44.79297],[-71.09117,44.79519],[-71.09169,44.79555],[-71.09167,44.79583],[-71.09103,44.7962],[-71.09073,44.79713],[-71.09113,44.79772],[-71.09108,44.79834],[-71.09202,44.79906],[-71.09249,44.78918]],[[-71.09326,44.78294],[-71.09308,44.78095],[-71.09045,44.78093],[-71.09039,44.78112],[-71.09045,44.78176],[-71.09121,44.78247],[-71.09156,44.78254],[-71.09162,44.78264],[-71.09154,44.7835],[-71.09118,44.78317],[-71.09124,44.78338],[-71.09092,44.78322],[-71.091,44.78339],[-71.09086,44.78347],[-71.09079,44.78339],[-71.09075,44.78352],[-71.0911,44.78356],[-71.09062,44.78384],[-71.09155,44.78396],[-71.09232,44.78461],[-71.09297,44.78497],[-71.09326,44.78294]]],[[[-71.07544,44.83283],[-71.07533,44.83294],[-71.07526,44.83286],[-71.07557,44.83254],[-71.07581,44.83195],[-71.07628,44.832],[-71.07648,44.83063],[-71.07716,44.82869],[-71.0773,44.82714],[-71.07749,44.82658],[-71.0789,44.83622],[-71.06946,44.8367],[-71.06992,44.84513],[-71.06908,44.84515],[-71.06928,44.84731],[-71.0608,44.84764],[-71.06059,44.84695],[-71.06105,44.84683],[-71.06098,44.8467],[-71.06053,44.84682],[-71.05999,44.84603],[-71.05911,44.84527],[-71.05925,44.84493],[-71.05891,44.84409],[-71.05847,44.84384],[-71.05796,44.84292],[-71.0577,44.84291],[-71.05752,44.84186],[-71.0573,44.83753],[-71.05755,44.8364],[-71.05845,44.83651],[-71.05852,44.83596],[-71.05768,44.83586],[-71.0579,44.83501],[-71.05701,44.83496],[-71.05714,44.83346],[-71.05679,44.83344],[-71.05664,44.83387],[-71.05626,44.83374],[-71.05645,44.83203],[-71.05571,44.8305],[-71.05563,44.82978],[-71.05578,44.82958],[-71.05601,44.82947],[-71.05641,44.82963],[-71.05727,44.83083],[-71.05761,44.83104],[-71.05828,44.83134],[-71.05867,44.83132],[-71.05915,44.83105],[-71.0595,44.83059],[-71.05967,44.83],[-71.05962,44.82901],[-71.0599,44.82842],[-71.0607,44.82829],[-71.06274,44.82854],[-71.06313,44.82868],[-71.06374,44.82924],[-71.06604,44.82999],[-71.06694,44.83023],[-71.07029,44.83079],[-71.07348,44.83234],[-71.07358,44.83294],[-71.07347,44.83301],[-71.07368,44.83307],[-71.07418,44.83365],[-71.07391,44.83389],[-71.07422,44.83451],[-71.07455,44.83444],[-71.07425,44.83374],[-71.07552,44.83319],[-71.07557,44.83295],[-71.07544,44.83283]],[[-71.07202,44.83479],[-71.07188,44.83439],[-71.07161,44.83442],[-71.07174,44.83479],[-71.07202,44.83479]],[[-71.05927,44.83141],[-71.05829,44.83186],[-71.05862,44.83262],[-71.05927,44.83302],[-71.05937,44.83326],[-71.05926,44.83342],[-71.05951,44.83329],[-71.0593,44.83291],[-71.0589,44.83274],[-71.05852,44.83228],[-71.05891,44.83208],[-71.05882,44.83195],[-71.05946,44.83165],[-71.05927,44.83141]],[[-71.06396,44.82997],[-71.06417,44.82963],[-71.06345,44.82926],[-71.06304,44.82884],[-71.06277,44.82927],[-71.06396,44.82997]],[[-71.06012,44.82871],[-71.05997,44.82942],[-71.06031,44.82975],[-71.06005,44.83069],[-71.0596,44.83127],[-71.05979,44.83151],[-71.06008,44.8314],[-71.06039,44.83159],[-71.06056,44.83128],[-71.0602,44.83118],[-71.06027,44.83105],[-71.06062,44.83115],[-71.06091,44.83039],[-71.06054,44.83034],[-71.06058,44.83021],[-71.06095,44.83026],[-71.06099,44.83012],[-71.06061,44.83007],[-71.06076,44.82953],[-71.06029,44.82947],[-71.06043,44.82893],[-71.06081,44.82898],[-71.06093,44.82853],[-71.06049,44.82848],[-71.06012,44.82871]],[[-71.05827,44.83172],[-71.05679,44.83237],[-71.05677,44.83339],[-71.05714,44.83342],[-71.05735,44.83242],[-71.05752,44.83245],[-71.05761,44.8323],[-71.05832,44.83205],[-71.05827,44.83172]],[[-71.05651,44.83065],[-71.05629,44.82994],[-71.0561,44.82991],[-71.05613,44.83041],[-71.05642,44.8308],[-71.05651,44.83065]],[[-71.05726,44.83347],[-71.05726,44.8336],[-71.05765,44.83361],[-71.05764,44.83348],[-71.05726,44.83347]],[[-71.05727,44.83302],[-71.05725,44.83343],[-71.05764,44.83343],[-71.05766,44.83302],[-71.05727,44.83302]],[[-71.05804,44.83217],[-71.05824,44.83241],[-71.05845,44.83231],[-71.05837,44.83213],[-71.05804,44.83217]],[[-71.07039,44.83364],[-71.07019,44.83362],[-71.07029,44.83409],[-71.07049,44.83407],[-71.07039,44.83364]],[[-71.06589,44.83059],[-71.06761,44.83101],[-71.06769,44.83074],[-71.06605,44.83034],[-71.06589,44.83059]],[[-71.0645,44.83044],[-71.06468,44.8305],[-71.06483,44.83025],[-71.06571,44.83053],[-71.06587,44.83028],[-71.06429,44.82977],[-71.06413,44.83002],[-71.06466,44.83019],[-71.0645,44.83044]]],[[[-71.05552,44.85345],[-71.05638,44.85374],[-71.05594,44.85434],[-71.05532,44.85425],[-71.0553,44.85385],[-71.05552,44.85345]]],[[[-71.05499,44.8559],[-71.05473,44.85577],[-71.05505,44.85542],[-71.05568,44.85541],[-71.05541,44.85681],[-71.05487,44.85772],[-71.05408,44.85842],[-71.05281,44.85795],[-71.05403,44.85846],[-71.05364,44.85889],[-71.0529,44.85899],[-71.0531,44.85941],[-71.05305,44.85966],[-71.05268,44.85959],[-71.05183,44.8578],[-71.05141,44.85804],[-71.05055,44.85798],[-71.04999,44.8575],[-71.04985,44.85706],[-71.05022,44.85615],[-71.05082,44.85565],[-71.05189,44.85514],[-71.0533,44.85493],[-71.0536,44.85474],[-71.05393,44.85425],[-71.05372,44.85357],[-71.05109,44.8539],[-71.04953,44.85385],[-71.04834,44.854],[-71.04731,44.8544],[-71.0461,44.85514],[-71.04598,44.85505],[-71.04597,44.85485],[-71.04807,44.8538],[-71.04973,44.8536],[-71.05135,44.85363],[-71.05299,44.85329],[-71.05488,44.85324],[-71.0551,44.85297],[-71.05395,44.85248],[-71.052,44.85099],[-71.0508,44.85056],[-71.0499,44.85038],[-71.05139,44.85094],[-71.05162,44.85116],[-71.05108,44.85089],[-71.0509,44.85108],[-71.05071,44.85098],[-71.05071,44.8513],[-71.05021,44.85119],[-71.04923,44.85023],[-71.04764,44.84939],[-71.04711,44.84872],[-71.04704,44.84827],[-71.04745,44.84728],[-71.04684,44.84745],[-71.04644,44.84795],[-71.04642,44.8482],[-71.04694,44.84916],[-71.04765,44.84976],[-71.04671,44.84933],[-71.04647,44.84938],[-71.04577,44.84882],[-71.04552,44.84826],[-71.04552,44.84785],[-71.04601,44.847],[-71.04647,44.84679],[-71.04716,44.84722],[-71.04729,44.84719],[-71.04634,44.84616],[-71.04629,44.8453],[-71.04646,44.84481],[-71.04724,44.84425],[-71.04774,44.84419],[-71.04804,44.84385],[-71.04872,44.84382],[-71.04817,44.84432],[-71.04722,44.84458],[-71.04667,44.84519],[-71.04663,44.84568],[-71.0473,44.84654],[-71.04883,44.84636],[-71.04963,44.84616],[-71.05079,44.84557],[-71.05364,44.84502],[-71.05403,44.84484],[-71.05456,44.84429],[-71.05495,44.84418],[-71.05551,44.84433],[-71.05637,44.84494],[-71.0569,44.84552],[-71.05795,44.84731],[-71.05812,44.84796],[-71.05795,44.84911],[-71.05804,44.84953],[-71.05775,44.84985],[-71.05744,44.84991],[-71.05707,44.84988],[-71.05664,44.84968],[-71.05632,44.84931],[-71.05602,44.84838],[-71.05568,44.84813],[-71.05512,44.84798],[-71.05415,44.84814],[-71.05366,44.84869],[-71.05288,44.84901],[-71.05231,44.84905],[-71.0513,44.8489],[-71.05006,44.848],[-71.04946,44.84779],[-71.04777,44.84813],[-71.04775,44.84872],[-71.04836,44.84938],[-71.04903,44.84977],[-71.05145,44.85044],[-71.0521,44.85072],[-71.05279,44.85114],[-71.05411,44.85231],[-71.05546,44.85295],[-71.05511,44.85378],[-71.05492,44.85372],[-71.05493,44.85496],[-71.05401,44.85551],[-71.05315,44.85625],[-71.05231,44.85747],[-71.05255,44.85768],[-71.05315,44.85675],[-71.0539,44.85598],[-71.05405,44.85593],[-71.05361,44.85631],[-71.05479,44.85587],[-71.05499,44.8559]],[[-71.05341,44.85513],[-71.05218,44.85535],[-71.0516,44.85557],[-71.05062,44.85623],[-71.05021,44.85711],[-71.05035,44.85745],[-71.05067,44.85773],[-71.05138,44.85781],[-71.05198,44.8574],[-71.05328,44.85568],[-71.05458,44.85468],[-71.05474,44.85393],[-71.05399,44.85399],[-71.05401,44.85465],[-71.05341,44.85513]],[[-71.05351,44.84845],[-71.05298,44.84866],[-71.05221,44.84868],[-71.05175,44.84856],[-71.05174,44.84841],[-71.05259,44.84808],[-71.05278,44.84818],[-71.05376,44.84793],[-71.05512,44.8478],[-71.05618,44.84822],[-71.05693,44.84957],[-71.05726,44.84969],[-71.05744,44.84958],[-71.05726,44.84895],[-71.05748,44.84771],[-71.05617,44.84545],[-71.05567,44.84487],[-71.05505,44.84448],[-71.05471,44.84449],[-71.05422,44.84495],[-71.05328,44.84545],[-71.05164,44.84574],[-71.05059,44.84606],[-71.0515,44.84598],[-71.05205,44.84606],[-71.05129,44.8464],[-71.0522,44.84621],[-71.05215,44.84643],[-71.04754,44.84694],[-71.04802,44.84752],[-71.04795,44.84777],[-71.04913,44.84757],[-71.04981,44.84774],[-71.05071,44.84815],[-71.05159,44.84879],[-71.05272,44.84888],[-71.05323,44.84869],[-71.05351,44.84845]]],[[[-71.08699,44.77374],[-71.08591,44.77388],[-71.08509,44.77427],[-71.08426,44.77367],[-71.08363,44.77261],[-71.08176,44.77067],[-71.08038,44.76884],[-71.07924,44.76811],[-71.07744,44.76665],[-71.07663,44.7662],[-71.07545,44.76453],[-71.07518,44.76435],[-71.07472,44.76413],[-71.07425,44.76408],[-71.07126,44.76416],[-71.07036,44.76388],[-71.06775,44.76174],[-71.06799,44.76158],[-71.06761,44.76125],[-71.06733,44.76141],[-71.06521,44.76007],[-71.065,44.7589],[-71.05913,44.75332],[-71.06837,44.75293],[-71.06819,44.75069],[-71.06902,44.75049],[-71.07084,44.74907],[-71.07186,44.74865],[-71.07402,44.74911],[-71.07771,44.74897],[-71.07932,44.74921],[-71.07988,44.7494],[-71.08047,44.75032],[-71.08194,44.75116],[-71.08267,44.7512],[-71.08361,44.75072],[-71.08485,44.74949],[-71.08557,44.74921],[-71.08661,44.74853],[-71.08845,44.74762],[-71.08937,44.74781],[-71.08979,44.74774],[-71.09051,44.74729],[-71.09149,44.7469],[-71.09181,44.74654],[-71.0925,44.74688],[-71.09284,44.74723],[-71.09335,44.74892],[-71.09335,44.75003],[-71.09371,44.75243],[-71.09367,44.75362],[-71.0939,44.75443],[-71.09481,44.75611],[-71.09565,44.75703],[-71.09579,44.75737],[-71.09555,44.75855],[-71.09559,44.75929],[-71.09627,44.7605],[-71.09637,44.76103],[-71.09577,44.763],[-71.09619,44.76451],[-71.09649,44.76655],[-71.09766,44.76868],[-71.09797,44.76956],[-71.0994,44.77049],[-71.10003,44.77116],[-71.10068,44.77216],[-71.10113,44.77427],[-71.10088,44.77465],[-71.09996,44.77433],[-71.09872,44.77436],[-71.09631,44.77501],[-71.09584,44.77537],[-71.09526,44.77667],[-71.09447,44.77699],[-71.0941,44.77687],[-71.09338,44.77624],[-71.09246,44.7759],[-71.09093,44.77457],[-71.09055,44.77439],[-71.0897,44.77415],[-71.08822,44.77405],[-71.08699,44.77374]],[[-71.09666,44.77185],[-71.09703,44.77184],[-71.09734,44.77155],[-71.09765,44.77155],[-71.09804,44.77115],[-71.09805,44.77061],[-71.09728,44.77048],[-71.09691,44.77009],[-71.09599,44.77001],[-71.09554,44.76985],[-71.09497,44.76957],[-71.09454,44.76906],[-71.09386,44.76873],[-71.09371,44.76895],[-71.0939,44.76909],[-71.09388,44.7695],[-71.09401,44.76962],[-71.09392,44.76996],[-71.09419,44.77011],[-71.09436,44.7705],[-71.09401,44.77172],[-71.0953,44.77181],[-71.09597,44.77209],[-71.09666,44.77185]]],[[[-71.05464,44.81122],[-71.05523,44.81048],[-71.05613,44.81024],[-71.05705,44.81017],[-71.05823,44.81066],[-71.05855,44.81069],[-71.05894,44.81021],[-71.05937,44.80925],[-71.05963,44.80908],[-71.06034,44.80914],[-71.06099,44.809],[-71.06143,44.80909],[-71.06222,44.80882],[-71.06552,44.80857],[-71.06609,44.80868],[-71.06722,44.80916],[-71.06857,44.80945],[-71.07009,44.81004],[-71.07092,44.81008],[-71.07119,44.81032],[-71.07174,44.81132],[-71.07203,44.81176],[-71.07253,44.81218],[-71.07363,44.81381],[-71.07347,44.81559],[-71.07285,44.8168],[-71.07284,44.81713],[-71.07375,44.81751],[-71.0747,44.81813],[-71.07495,44.81844],[-71.07508,44.81911],[-71.07484,44.81952],[-71.07402,44.8199],[-71.07379,44.82026],[-71.07255,44.82104],[-71.07173,44.82125],[-71.0707,44.8212],[-71.0699,44.82254],[-71.0687,44.82353],[-71.0687,44.82459],[-71.0692,44.82611],[-71.06887,44.8271],[-71.06861,44.82711],[-71.06895,44.82611],[-71.06845,44.82462],[-71.06848,44.82343],[-71.06969,44.82244],[-71.07032,44.82123],[-71.07057,44.82103],[-71.07173,44.82107],[-71.07241,44.82089],[-71.07361,44.82013],[-71.0738,44.81979],[-71.07466,44.81939],[-71.07482,44.81884],[-71.0745,44.81825],[-71.07361,44.81766],[-71.07261,44.81724],[-71.0726,44.81676],[-71.07322,44.81555],[-71.07337,44.81385],[-71.07231,44.81227],[-71.07183,44.81188],[-71.07097,44.8104],[-71.07077,44.81024],[-71.07002,44.81022],[-71.06849,44.80962],[-71.06712,44.80932],[-71.06567,44.80876],[-71.06226,44.809],[-71.06143,44.80927],[-71.06096,44.80919],[-71.06038,44.80933],[-71.05972,44.80925],[-71.05901,44.81054],[-71.05863,44.81086],[-71.05813,44.81083],[-71.057,44.81035],[-71.05585,44.81047],[-71.0554,44.81062],[-71.05488,44.81127],[-71.05465,44.81244],[-71.05494,44.81311],[-71.05488,44.81362],[-71.05521,44.81425],[-71.05483,44.81453],[-71.0543,44.81552],[-71.05383,44.81578],[-71.05223,44.81596],[-71.0504,44.81555],[-71.04977,44.81517],[-71.05022,44.8163],[-71.05058,44.81853],[-71.05118,44.81972],[-71.05107,44.82102],[-71.04285,44.82144],[-71.04207,44.81328],[-71.0544,44.81248],[-71.05464,44.81122]],[[-71.05396,44.81551],[-71.05394,44.81552],[-71.05395,44.81552],[-71.05396,44.81551]],[[-71.04717,44.81519],[-71.04717,44.81519],[-71.04729,44.8152],[-71.04717,44.81519]]],[[[-71.05609,44.83554],[-71.05597,44.83493],[-71.05572,44.83504],[-71.05562,44.83479],[-71.0547,44.83573],[-71.05448,44.83589],[-71.05437,44.83584],[-71.05298,44.83693],[-71.05278,44.83697],[-71.05292,44.8367],[-71.05365,44.83613],[-71.05316,44.83623],[-71.05252,44.83695],[-71.05218,44.83761],[-71.05181,44.83761],[-71.05205,44.83704],[-71.05273,44.83629],[-71.05466,44.83536],[-71.05555,44.83458],[-71.0563,44.83507],[-71.05609,44.83554]]],[[[-71.04821,44.84289],[-71.04789,44.84275],[-71.04757,44.84288],[-71.04704,44.84241],[-71.04805,44.84127],[-71.04867,44.84111],[-71.04919,44.84072],[-71.0498,44.8406],[-71.05098,44.84009],[-71.05108,44.84058],[-71.05165,44.84138],[-71.05164,44.84192],[-71.04944,44.84298],[-71.04896,44.84347],[-71.04864,44.84323],[-71.0483,44.84353],[-71.04765,44.84296],[-71.04821,44.84289]]],[[[-71.05473,44.85147],[-71.05446,44.85051],[-71.05479,44.85008],[-71.05515,44.85003],[-71.05525,44.85079],[-71.05606,44.8516],[-71.05545,44.85267],[-71.05456,44.85235],[-71.05505,44.8522],[-71.05506,44.85192],[-71.05473,44.85147]]],[[[-71.04624,44.85525],[-71.04691,44.85649],[-71.04742,44.85716],[-71.04738,44.85778],[-71.04721,44.85797],[-71.04764,44.85826],[-71.04689,44.85799],[-71.04688,44.85768],[-71.04635,44.8579],[-71.0466,44.85808],[-71.04643,44.85819],[-71.04687,44.85818],[-71.04728,44.85845],[-71.04808,44.85964],[-71.0477,44.85927],[-71.04779,44.85953],[-71.04852,44.8604],[-71.04874,44.86064],[-71.04988,44.86106],[-71.04993,44.8614],[-71.04728,44.86192],[-71.04717,44.86071],[-71.04651,44.86077],[-71.04603,44.85554],[-71.04624,44.85525]]],[[[-71.0336,44.69872],[-71.03596,44.6988],[-71.03682,44.69907],[-71.03894,44.70034],[-71.03838,44.70137],[-71.03867,44.70229],[-71.03818,44.70222],[-71.03804,44.70272],[-71.03757,44.70292],[-71.03849,44.70338],[-71.03856,44.70374],[-71.0378,44.70384],[-71.03745,44.70349],[-71.03685,44.70345],[-71.03633,44.70326],[-71.03588,44.70327],[-71.03561,44.70359],[-71.03577,44.70418],[-71.03689,44.70481],[-71.03725,44.70513],[-71.03725,44.70544],[-71.03752,44.70556],[-71.03749,44.70567],[-71.03672,44.70555],[-71.03673,44.70533],[-71.03658,44.70521],[-71.0363,44.70528],[-71.03627,44.70519],[-71.03586,44.7052],[-71.0356,44.70482],[-71.03518,44.70496],[-71.03406,44.70486],[-71.0336,44.69872]]],[[[-71.074,44.71403],[-71.07122,44.71197],[-71.06858,44.70941],[-71.1064,44.70873],[-71.10718,44.71844],[-71.08685,44.71941],[-71.08714,44.72268],[-71.08624,44.72317],[-71.08459,44.72187],[-71.08308,44.72],[-71.0824,44.71937],[-71.0809,44.71845],[-71.07903,44.71765],[-71.07715,44.71585],[-71.07701,44.71597],[-71.074,44.71403]]],[[[-71.07158,44.71947],[-71.07706,44.71601],[-71.07707,44.71593],[-71.07881,44.71765],[-71.08097,44.71859],[-71.08249,44.71956],[-71.08457,44.72201],[-71.08632,44.72334],[-71.08639,44.72436],[-71.08699,44.72433],[-71.08715,44.72552],[-71.08699,44.72602],[-71.08609,44.72684],[-71.08487,44.72693],[-71.08386,44.72723],[-71.08218,44.72721],[-71.0814,44.72697],[-71.07881,44.72514],[-71.07708,44.72271],[-71.07783,44.72256],[-71.07779,44.72205],[-71.07629,44.72073],[-71.07322,44.72043],[-71.07158,44.71947]]],[[[-71.04872,44.71681],[-71.05041,44.71712],[-71.05014,44.71722],[-71.05027,44.71754],[-71.05003,44.71788],[-71.05029,44.71812],[-71.04865,44.7184],[-71.04721,44.71722],[-71.04872,44.71681]]],[[[-71.07683,44.72275],[-71.07759,44.72391],[-71.07744,44.72399],[-71.07669,44.72278],[-71.07683,44.72275]]],[[[-71.0507,44.71825],[-71.051,44.71857],[-71.0508,44.71864],[-71.05083,44.71888],[-71.04951,44.7191],[-71.04894,44.71863],[-71.0507,44.71825]]],[[[-71.08858,44.73431],[-71.08608,44.73097],[-71.08573,44.73029],[-71.08559,44.72965],[-71.08585,44.72734],[-71.08741,44.72609],[-71.08741,44.72733],[-71.08781,44.7273],[-71.08882,44.73519],[-71.08872,44.73528],[-71.08858,44.73431]]],[[[-71.07909,44.73549],[-71.07986,44.73594],[-71.07974,44.73618],[-71.07929,44.7362],[-71.07912,44.73609],[-71.07909,44.73549]]],[[[-71.07606,44.74699],[-71.07746,44.7488],[-71.07408,44.74893],[-71.07273,44.74858],[-71.07166,44.74848],[-71.07078,44.74883],[-71.06902,44.75021],[-71.06818,44.75045],[-71.0678,44.74513],[-71.06861,44.74484],[-71.07053,44.74475],[-71.07053,44.74493],[-71.07406,44.74478],[-71.07606,44.74699]]]]},"properties":{"id":"p-022-003-21000-fo-2","name":"Lake Umbagog National Wildlife Refuge","status":"verified","acres":5879.4,"score":61}},{"type":"Feature","id":87,"geometry":{"type":"Polygon","coordinates":[[[-71.07965,44.74438],[-71.07938,44.73998],[-71.0809,44.74019],[-71.08353,44.7411],[-71.08456,44.74204],[-71.08439,44.74273],[-71.08402,44.74325],[-71.08388,44.74407],[-71.08377,44.74555],[-71.08395,44.7476],[-71.08525,44.74913],[-71.0843,44.74961],[-71.08341,44.75061],[-71.08261,44.75102],[-71.08206,44.751],[-71.08066,44.75019],[-71.08025,44.74948],[-71.07993,44.7492],[-71.07779,44.74879],[-71.07727,44.74829],[-71.07529,44.74572],[-71.07414,44.74458],[-71.07965,44.74438]]]},"properties":{"id":"p-022-003-21000-fo-3","name":"Lake Umbagog National Wildlife Refuge","status":"verified","acres":131.9,"score":47}},{"type":"Feature","id":88,"geometry":{"type":"MultiPolygon","coordinates":[[[[-71.03523,44.72106],[-71.04777,44.7205],[-71.04725,44.72627],[-71.05168,44.72904],[-71.03587,44.72972],[-71.03523,44.72106]]],[[[-71.1036,44.78402],[-71.10214,44.78329],[-71.10177,44.78271],[-71.10212,44.78138],[-71.10156,44.77968],[-71.10167,44.77875],[-71.10127,44.77794],[-71.10036,44.77678],[-71.10035,44.77571],[-71.10017,44.77567],[-71.10044,44.77484],[-71.09989,44.7746],[-71.09856,44.77466],[-71.09654,44.77524],[-71.09596,44.77583],[-71.09583,44.77646],[-71.09556,44.77685],[-71.09448,44.77727],[-71.09385,44.77708],[-71.09314,44.77645],[-71.0922,44.7761],[-71.09036,44.77462],[-71.08962,44.77442],[-71.08816,44.77432],[-71.08672,44.774],[-71.08607,44.77413],[-71.08532,44.77452],[-71.08463,44.77589],[-71.08371,44.77682],[-71.08327,44.77757],[-71.08273,44.77803],[-71.08172,44.77828],[-71.08073,44.77893],[-71.0808,44.77911],[-71.08019,44.77928],[-71.07956,44.77906],[-71.07532,44.77908],[-71.07418,44.77885],[-71.07325,44.77835],[-71.07106,44.77948],[-71.07126,44.77936],[-71.06495,44.77794],[-71.0627,44.77872],[-71.05816,44.777],[-71.05693,44.77434],[-71.0585,44.7692],[-71.05724,44.76259],[-71.06382,44.76558],[-71.06641,44.76399],[-71.06521,44.76007],[-71.06733,44.76141],[-71.06761,44.76125],[-71.06799,44.76158],[-71.06775,44.76174],[-71.07036,44.76388],[-71.07126,44.76416],[-71.07472,44.76413],[-71.07545,44.76453],[-71.07663,44.7662],[-71.07744,44.76665],[-71.07924,44.76811],[-71.08038,44.76884],[-71.08176,44.77067],[-71.08363,44.77261],[-71.08411,44.77351],[-71.08509,44.77427],[-71.08591,44.77388],[-71.0867,44.77373],[-71.08822,44.77405],[-71.09015,44.77425],[-71.09093,44.77457],[-71.09246,44.7759],[-71.09338,44.77624],[-71.0941,44.77687],[-71.09447,44.77699],[-71.09526,44.77667],[-71.09584,44.77537],[-71.09631,44.77501],[-71.09869,44.77437],[-71.09996,44.77433],[-71.10074,44.77467],[-71.10106,44.77446],[-71.10109,44.77378],[-71.10068,44.77216],[-71.10003,44.77116],[-71.0994,44.77049],[-71.09797,44.76956],[-71.09766,44.76868],[-71.09649,44.76655],[-71.09619,44.76451],[-71.09577,44.763],[-71.09637,44.76103],[-71.09627,44.7605],[-71.09559,44.75929],[-71.09555,44.75855],[-71.09579,44.75737],[-71.09565,44.75703],[-71.09481,44.75611],[-71.0939,44.75443],[-71.09367,44.75362],[-71.09364,44.75149],[-71.09323,44.74836],[-71.09271,44.74705],[-71.09181,44.74654],[-71.09191,44.74633],[-71.09151,44.74553],[-71.09121,44.74394],[-71.09029,44.74131],[-71.08985,44.74023],[-71.08891,44.73859],[-71.08909,44.73738],[-71.08868,44.73611],[-71.08867,44.73548],[-71.08883,44.73518],[-71.09752,44.73444],[-71.10007,44.75142],[-71.10903,44.75078],[-71.10995,44.75669],[-71.11089,44.76588],[-71.11191,44.77332],[-71.11253,44.78087],[-71.11262,44.78436],[-71.11139,44.78429],[-71.10613,44.78465],[-71.10561,44.78462],[-71.10461,44.78424],[-71.1036,44.78402]]]]},"properties":{"id":"p-022-005","name":"Umbagog State Park","status":"unknown","acres":2231.4,"score":55}},{"type":"Feature","id":89,"geometry":{"type":"MultiPolygon","coordinates":[[[[-71.57987,44.67133],[-71.57584,44.66541],[-71.57404,44.66327],[-71.57171,44.66086],[-71.58433,44.65712],[-71.58508,44.65769],[-71.58743,44.66045],[-71.5871,44.66108],[-71.58598,44.66168],[-71.58484,44.6629],[-71.5845,44.66352],[-71.58477,44.66452],[-71.5845,44.66584],[-71.58491,44.6667],[-71.58757,44.6693],[-71.58765,44.66969],[-71.58743,44.66998],[-71.5851,44.67039],[-71.58295,44.67108],[-71.58193,44.67079],[-71.58212,44.67123],[-71.57987,44.67133]]],[[[-71.57329,44.66962],[-71.5738,44.66967],[-71.57356,44.67008],[-71.57262,44.67033],[-71.57235,44.66983],[-71.57329,44.66962]]]]},"properties":{"id":"p-024-001","name":"Fort Hill WMA","status":"unknown","acres":278.5,"score":44}},{"type":"Feature","id":90,"geometry":{"type":"Polygon","coordinates":[[[-71.57299,44.67023],[-71.57314,44.67019],[-71.57355,44.67041],[-71.57593,44.67014],[-71.57698,44.66926],[-71.5785,44.66923],[-71.57858,44.66936],[-71.57705,44.66939],[-71.57621,44.6702],[-71.57598,44.67027],[-71.57355,44.67055],[-71.57299,44.67023]]]},"properties":{"id":"p-024-001a","name":"Fort Hill WMA","status":"unknown","acres":1.9,"score":13}},{"type":"Feature","id":91,"geometry":{"type":"Polygon","coordinates":[[[-71.5763,44.66602],[-71.57488,44.66696],[-71.57377,44.66653],[-71.57297,44.66658],[-71.5701,44.66718],[-71.57006,44.66707],[-71.57294,44.66647],[-71.57377,44.66642],[-71.57487,44.66685],[-71.57584,44.66612],[-71.5763,44.66602]]]},"properties":{"id":"p-024-001b","name":"Fort Hill WMA","status":"unknown","acres":1.7,"score":30}},{"type":"Feature","id":92,"geometry":{"type":"Polygon","coordinates":[[[-71.57395,44.66319],[-71.5726,44.66408],[-71.57176,44.66421],[-71.57084,44.66465],[-71.56924,44.66517],[-71.56918,44.66503],[-71.57076,44.66453],[-71.57167,44.66409],[-71.57251,44.66396],[-71.57352,44.66325],[-71.57395,44.66319]]]},"properties":{"id":"p-024-001c","name":"Fort Hill WMA","status":"unknown","acres":1.7,"score":25}},{"type":"Feature","id":93,"geometry":{"type":"Polygon","coordinates":[[[-71.59256,44.68527],[-71.59057,44.68166],[-71.58911,44.68003],[-71.58333,44.67542],[-71.58331,44.67532],[-71.58365,44.67521],[-71.58363,44.67509],[-71.58395,44.67497],[-71.58389,44.67481],[-71.58545,44.67475],[-71.58618,44.67458],[-71.58723,44.6746],[-71.5883,44.67498],[-71.58948,44.67623],[-71.59047,44.67678],[-71.59134,44.67696],[-71.59332,44.67691],[-71.5934,44.67705],[-71.59434,44.67717],[-71.59547,44.67754],[-71.59624,44.67803],[-71.59642,44.67845],[-71.59637,44.6788],[-71.595,44.68005],[-71.59378,44.68143],[-71.59366,44.68414],[-71.59412,44.68519],[-71.59496,44.68589],[-71.59273,44.68654],[-71.59256,44.68527]]]},"properties":{"id":"p-024-005","name":"Fort Hill WMA","status":"unknown","acres":118.4,"score":35}},{"type":"Feature","id":94,"geometry":{"type":"Polygon","coordinates":[[[-71.59211,44.68428],[-71.59177,44.68441],[-71.59133,44.68427],[-71.59094,44.68509],[-71.5905,44.68547],[-71.58853,44.68605],[-71.59044,44.68541],[-71.59085,44.68506],[-71.59128,44.68421],[-71.59178,44.68435],[-71.59211,44.68428]]]},"properties":{"id":"p-024-005a","name":"Fort Hill WMA","status":"unknown","acres":0.7,"score":11}},{"type":"Feature","id":95,"geometry":{"type":"Polygon","coordinates":[[[-71.57933,44.65161],[-71.57956,44.65173],[-71.5793,44.65197],[-71.57757,44.65216],[-71.57933,44.65161]]]},"properties":{"id":"p-024-007","name":"Fort Hill WMA","status":"unknown","acres":0.8,"score":19}},{"type":"Feature","id":96,"geometry":{"type":"Polygon","coordinates":[[[-71.57008,44.65906],[-71.56685,44.65558],[-71.57489,44.6529],[-71.57432,44.65344],[-71.57405,44.65398],[-71.57411,44.65484],[-71.57446,44.65561],[-71.57541,44.65626],[-71.57802,44.65647],[-71.57008,44.65906]]]},"properties":{"id":"p-024-008-32000-ce","name":"Fort Hill CE","status":"unknown","acres":64.0,"score":45}},{"type":"Feature","id":97,"geometry":{"type":"Polygon","coordinates":[[[-71.5685,44.65728],[-71.56749,44.65736],[-71.56723,44.65815],[-71.56669,44.65875],[-71.56737,44.65729],[-71.56781,44.65719],[-71.56843,44.65719],[-71.5685,44.65728]]]},"properties":{"id":"p-024-008-32000-rw","name":"Fort Hill CE","status":"unknown","acres":0.8,"score":29}},{"type":"Feature","id":98,"geometry":{"type":"Polygon","coordinates":[[[-71.50374,44.62893],[-71.50526,44.6375],[-71.49473,44.63909],[-71.49323,44.63013],[-71.50374,44.62893]]]},"properties":{"id":"p-024-009","name":"Bag Hill Town Forest","status":"unknown","acres":205.5,"score":51}},{"type":"Feature","id":99,"geometry":{"type":"MultiPolygon","coordinates":[[[[-71.57545,44.68818],[-71.57631,44.69239],[-71.56521,44.69363],[-71.56408,44.68945],[-71.57545,44.68818]]],[[[-71.55532,44.71065],[-71.55693,44.71945],[-71.54604,44.72051],[-71.54788,44.72952],[-71.53692,44.73047],[-71.53336,44.71327],[-71.54419,44.71198],[-71.54238,44.70415],[-71.55363,44.70305],[-71.55217,44.69477],[-71.56521,44.69363],[-71.56831,44.70939],[-71.55532,44.71065]]]]},"properties":{"id":"p-024-010","name":"Marceau","status":"unknown","acres":1391.2,"score":49}},{"type":"Feature","id":100,"geometry":{"type":"Polygon","coordinates":[[[-71.57968,44.72351],[-71.58218,44.72319],[-71.58271,44.72571],[-71.58023,44.72608],[-71.57968,44.72351]]]},"properties":{"id":"p-024-011","name":"Richardson Forest","status":"unknown","acres":14.2,"score":32}},{"type":"Feature","id":101,"geometry":{"type":"Polygon","coordinates":[[[-71.50616,44.67425],[-71.50821,44.68191],[-71.50827,44.68274],[-71.50497,44.68311],[-71.50203,44.68329],[-71.50182,44.6808],[-71.5005,44.6749],[-71.50616,44.67425]]]},"properties":{"id":"p-024-012","name":"Town of Stratford Land","status":"unknown","acres":110.8,"score":37}},{"type":"Feature","id":102,"geometry":{"type":"MultiPolygon","coordinates":[[[[-71.57757,44.65216],[-71.57626,44.65212],[-71.57617,44.65246],[-71.56685,44.65558],[-71.56517,44.65405],[-71.56604,44.65405],[-71.56691,44.65375],[-71.56753,44.65313],[-71.56792,44.65199],[-71.56849,44.65096],[-71.56991,44.65031],[-71.57101,44.6501],[-71.57344,44.65026],[-71.57727,44.65101],[-71.57926,44.65161],[-71.57757,44.65216]]],[[[-71.56439,44.65452],[-71.5639,44.65414],[-71.56427,44.65391],[-71.56489,44.65428],[-71.56439,44.65452]]],[[[-71.56542,44.65473],[-71.56657,44.65574],[-71.56564,44.65605],[-71.56484,44.65507],[-71.56542,44.65473]]],[[[-71.57828,44.65626],[-71.57957,44.65564],[-71.58082,44.6557],[-71.58259,44.65617],[-71.58433,44.65712],[-71.57171,44.66086],[-71.57008,44.65906],[-71.57837,44.65637],[-71.57828,44.65626]]]]},"properties":{"id":"p-024-013","name":"Fort Hill WMA - Lamoureux Lots","status":"unknown","acres":142.3,"score":39}},{"type":"Feature","id":103,"geometry":{"type":"Polygon","coordinates":[[[-71.6154,44.74357],[-71.6162,44.74375],[-71.6166,44.74409],[-71.61717,44.74434],[-71.61747,44.74466],[-71.61756,44.74502],[-71.61746,44.74539],[-71.61715,44.74571],[-71.61672,44.7459],[-71.61612,44.74597],[-71.61556,44.74585],[-71.61447,44.74522],[-71.61415,44.74489],[-71.61406,44.74443],[-71.61429,44.74399],[-71.61477,44.74368],[-71.6154,44.74357]]]},"properties":{"id":"p-024-014","name":"Stratford Water Department Easement","status":"unknown","acres":13.1,"score":23}},{"type":"Feature","id":104,"geometry":{"type":"MultiPolygon","coordinates":[[[[-71.61253,44.71969],[-71.61416,44.72053],[-71.61597,44.72114],[-71.61766,44.72187],[-71.61811,44.72232],[-71.61828,44.72294],[-71.61811,44.72363],[-71.61654,44.72408],[-71.61253,44.71969]]],[[[-71.61406,44.72192],[-71.61612,44.72411],[-71.6113,44.72569],[-71.60991,44.72495],[-71.61112,44.72407],[-71.61275,44.72387],[-71.61318,44.72345],[-71.61176,44.7226],[-71.61406,44.72192]]]]},"properties":{"id":"p-024-015","name":"Sheltry Farm CE","status":"unknown","acres":41.3,"score":34}},{"type":"Feature","id":105,"geometry":{"type":"MultiPolygon","coordinates":[[[[-71.61814,44.72366],[-71.61763,44.72589],[-71.61722,44.7265],[-71.6167,44.7283],[-71.61693,44.72898],[-71.61752,44.72927],[-71.61658,44.7295],[-71.61717,44.73085],[-71.61679,44.73096],[-71.61466,44.72781],[-71.61416,44.72738],[-71.61142,44.72577],[-71.61814,44.72366]]],[[[-71.61028,44.72618],[-71.61096,44.72659],[-71.61182,44.72623],[-71.61398,44.72751],[-71.61498,44.72856],[-71.61645,44.73106],[-71.61199,44.7323],[-71.61015,44.73291],[-71.60946,44.73329],[-71.6074,44.73402],[-71.60602,44.72783],[-71.60524,44.72761],[-71.61028,44.72618]],[[-71.61202,44.7275],[-71.61383,44.72784],[-71.61399,44.72772],[-71.61375,44.72755],[-71.61387,44.72748],[-71.61288,44.72686],[-71.61202,44.7275]]]]},"properties":{"id":"p-024-016","name":"Brooks CE","status":"unknown","acres":150.2,"score":54}},{"type":"Feature","id":106,"geometry":{"type":"MultiPolygon","coordinates":[[[[-71.5146,44.68968],[-71.51256,44.68891],[-71.50933,44.68709],[-71.51533,44.6867],[-71.51602,44.68972],[-71.51537,44.68993],[-71.51493,44.6898],[-71.51501,44.68971],[-71.51475,44.68951],[-71.5146,44.68968]]],[[[-71.51131,44.68835],[-71.51341,44.68936],[-71.51357,44.69065],[-71.50916,44.69116],[-71.50879,44.68969],[-71.51083,44.68874],[-71.51131,44.68835]]]]},"properties":{"id":"p-024-017","name":"Bunnell Brown Hayes","status":"prohibited","acres":44.8,"score":42}},{"type":"Feature","id":107,"geometry":{"type":"MultiPolygon","coordinates":[[[[-71.45642,44.63825],[-71.45579,44.63523],[-71.45821,44.63409],[-71.45767,44.63349],[-71.45847,44.63273],[-71.46202,44.63398],[-71.46167,44.63445],[-71.4617,44.63521],[-71.46103,44.63574],[-71.46055,44.63633],[-71.46058,44.63771],[-71.45642,44.63825]]],[[[-71.37958,44.84325],[-71.38221,44.84377],[-71.38144,44.8443],[-71.38044,44.84399],[-71.37976,44.84411],[-71.37951,44.84396],[-71.37866,44.84659],[-71.34827,44.84251],[-71.35387,44.8229],[-71.3737,44.82526],[-71.37725,44.81046],[-71.37041,44.80957],[-71.37192,44.80325],[-71.35942,44.80161],[-71.36327,44.78427],[-71.36828,44.78293],[-71.36523,44.66037],[-71.33877,44.66065],[-71.33816,44.6518],[-71.33232,44.65203],[-71.33196,44.64437],[-71.34023,44.64431],[-71.33986,44.63942],[-71.33846,44.63948],[-71.33838,44.63733],[-71.35221,44.63723],[-71.35234,44.63333],[-71.36293,44.63312],[-71.35698,44.63031],[-71.3587,44.62819],[-71.35538,44.62816],[-71.35543,44.62568],[-71.35784,44.62516],[-71.36049,44.62619],[-71.36144,44.62505],[-71.36243,44.62557],[-71.36292,44.6247],[-71.36201,44.62437],[-71.36249,44.62393],[-71.36273,44.62437],[-71.36324,44.62455],[-71.36369,44.62442],[-71.3642,44.62398],[-71.36389,44.62256],[-71.36391,44.62231],[-71.36409,44.62227],[-71.36641,44.62346],[-71.36732,44.62431],[-71.36955,44.62483],[-71.36959,44.62519],[-71.36839,44.62568],[-71.36818,44.62598],[-71.36823,44.62646],[-71.36891,44.62697],[-71.36938,44.62704],[-71.37064,44.62655],[-71.37159,44.62676],[-71.37235,44.62661],[-71.37242,44.62622],[-71.37169,44.62583],[-71.37117,44.62537],[-71.37187,44.625],[-71.37209,44.62499],[-71.37222,44.62512],[-71.37264,44.62703],[-71.3718,44.6271],[-71.37175,44.63296],[-71.36922,44.63294],[-71.36938,44.63954],[-71.40967,44.63914],[-71.40868,44.63571],[-71.42563,44.63353],[-71.42533,44.6325],[-71.43121,44.63233],[-71.43135,44.63292],[-71.4496,44.6307],[-71.45035,44.63423],[-71.44453,44.63505],[-71.44544,44.63949],[-71.45103,44.63887],[-71.45133,44.64012],[-71.45222,44.63999],[-71.45454,44.64021],[-71.4553,44.64002],[-71.45586,44.63919],[-71.456,44.63852],[-71.45642,44.63825],[-71.45822,44.64629],[-71.46109,44.64601],[-71.45935,44.6386],[-71.46076,44.63839],[-71.46058,44.63771],[-71.46171,44.63766],[-71.46204,44.63787],[-71.46304,44.6394],[-71.46337,44.64024],[-71.46434,44.64125],[-71.46375,44.64315],[-71.46479,44.64567],[-71.47832,44.64421],[-71.48729,44.64309],[-71.4936,44.64504],[-71.49916,44.66713],[-71.47424,44.6701],[-71.47601,44.67851],[-71.46489,44.6797],[-71.46494,44.68011],[-71.46458,44.68036],[-71.46451,44.68071],[-71.46413,44.68087],[-71.4628,44.68217],[-71.46302,44.68261],[-71.46288,44.68355],[-71.46246,44.68364],[-71.46294,44.68429],[-71.46247,44.68498],[-71.46247,44.68527],[-71.46222,44.68513],[-71.46148,44.68521],[-71.46064,44.68593],[-71.4605,44.68637],[-71.46062,44.68677],[-71.46057,44.68841],[-71.46111,44.68835],[-71.46276,44.69636],[-71.45733,44.69695],[-71.45885,44.70513],[-71.45722,44.70571],[-71.45699,44.70597],[-71.45712,44.70634],[-71.45787,44.70685],[-71.45945,44.7083],[-71.45968,44.70866],[-71.45956,44.70907],[-71.46002,44.70918],[-71.46052,44.71093],[-71.46117,44.71164],[-71.46124,44.71248],[-71.46097,44.71387],[-71.46091,44.71563],[-71.46153,44.71651],[-71.46109,44.71783],[-71.46067,44.71817],[-71.46069,44.71873],[-71.46006,44.71936],[-71.45973,44.71999],[-71.46002,44.72063],[-71.45958,44.72107],[-71.4578,44.72228],[-71.45567,44.72295],[-71.45486,44.72389],[-71.45515,44.72553],[-71.45552,44.72612],[-71.45682,44.72697],[-71.45767,44.72823],[-71.4573,44.72905],[-71.45723,44.72993],[-71.45775,44.73167],[-71.4577,44.73228],[-71.45844,44.73327],[-71.45875,44.7344],[-71.46061,44.73678],[-71.4602,44.73723],[-71.46055,44.73778],[-71.46128,44.73809],[-71.46345,44.74132],[-71.46432,44.74198],[-71.46553,44.74255],[-71.46624,44.74334],[-71.46753,44.74376],[-71.46787,44.74412],[-71.46781,44.74445],[-71.46726,44.74529],[-71.46788,44.74527],[-71.4683,44.74717],[-71.46941,44.74705],[-71.47027,44.74802],[-71.47184,44.74944],[-71.47204,44.75014],[-71.47226,44.75035],[-71.47241,44.75099],[-71.4718,44.75379],[-71.4721,44.75409],[-71.473,44.75455],[-71.47377,44.75534],[-71.4777,44.75763],[-71.47865,44.7592],[-71.47883,44.75971],[-71.47876,44.75998],[-71.47843,44.76008],[-71.47765,44.75991],[-71.4773,44.76086],[-71.47755,44.7612],[-71.47751,44.76153],[-71.47709,44.76192],[-71.47662,44.76196],[-71.47574,44.76263],[-71.47549,44.76308],[-71.47523,44.76325],[-71.47427,44.7632],[-71.47393,44.76338],[-71.47354,44.76403],[-71.47254,44.76449],[-71.47227,44.76481],[-71.47277,44.76541],[-71.47283,44.76571],[-71.47247,44.76614],[-71.46908,44.76802],[-71.46856,44.76861],[-71.4684,44.76954],[-71.46805,44.77013],[-71.46722,44.77086],[-71.46623,44.77127],[-71.4657,44.77196],[-71.46482,44.77228],[-71.46429,44.7733],[-71.46196,44.77389],[-71.45818,44.7743],[-71.45798,44.77451],[-71.45678,44.77812],[-71.45601,44.77977],[-71.45463,44.78053],[-71.45488,44.78118],[-71.45474,44.78193],[-71.45483,44.78236],[-71.45549,44.78388],[-71.45545,44.78578],[-71.42349,44.78923],[-71.42168,44.7905],[-71.42131,44.79064],[-71.41704,44.79122],[-71.41649,44.79112],[-71.41619,44.79117],[-71.41374,44.79212],[-71.41241,44.7936],[-71.41192,44.79356],[-71.41154,44.79393],[-71.4094,44.79461],[-71.40766,44.79489],[-71.40613,44.79539],[-71.40495,44.79563],[-71.40197,44.79665],[-71.40097,44.7968],[-71.4004,44.79653],[-71.4,44.79658],[-71.39945,44.797],[-71.39904,44.79713],[-71.39845,44.79704],[-71.39726,44.79711],[-71.39668,44.7968],[-71.39606,44.79686],[-71.39376,44.79644],[-71.39213,44.7964],[-71.39133,44.7965],[-71.39094,44.79624],[-71.39023,44.79655],[-71.38985,44.79694],[-71.38937,44.7967],[-71.38894,44.79669],[-71.3884,44.79686],[-71.38749,44.79682],[-71.38635,44.79696],[-71.38571,44.79724],[-71.38464,44.79737],[-71.38406,44.79703],[-71.38295,44.79663],[-71.38213,44.79711],[-71.38204,44.79738],[-71.38165,44.7977],[-71.38089,44.79813],[-71.38088,44.79836],[-71.38137,44.79888],[-71.3814,44.79913],[-71.38143,44.79973],[-71.38115,44.79992],[-71.38114,44.80055],[-71.38072,44.80073],[-71.38024,44.80117],[-71.37975,44.80123],[-71.37916,44.8015],[-71.37853,44.80255],[-71.37857,44.80301],[-71.37824,44.80345],[-71.37808,44.80407],[-71.39065,44.8056],[-71.38917,44.81205],[-71.39639,44.81304],[-71.39543,44.81765],[-71.39862,44.81797],[-71.39711,44.82345],[-71.40276,44.82412],[-71.40006,44.82675],[-71.40049,44.82711],[-71.40003,44.82746],[-71.40061,44.82781],[-71.39987,44.82894],[-71.38397,44.82699],[-71.38287,44.83161],[-71.3725,44.83022],[-71.37151,44.83395],[-71.37823,44.83474],[-71.37622,44.84155],[-71.37987,44.84196],[-71.37958,44.84325]],[[-71.37549,44.84129],[-71.3751,44.84179],[-71.37582,44.84207],[-71.37622,44.84155],[-71.37549,44.84129]]]]},"properties":{"id":"p-025-001","name":"Nash Stream Forest","status":"verified","acres":39126.7,"score":74}},{"type":"Feature","id":108,"geometry":{"type":"Polygon","coordinates":[[[-71.38798,44.62442],[-71.38995,44.62439],[-71.38974,44.62395],[-71.39018,44.62397],[-71.39043,44.62515],[-71.40388,44.62708],[-71.40651,44.62728],[-71.41798,44.62597],[-71.41973,44.63428],[-71.40868,44.63571],[-71.39376,44.63196],[-71.38808,44.63193],[-71.38798,44.62442]],[[-71.39156,44.62932],[-71.39457,44.62978],[-71.39492,44.63014],[-71.39538,44.63033],[-71.39848,44.63113],[-71.40125,44.63127],[-71.4045,44.63188],[-71.40682,44.63249],[-71.40856,44.63326],[-71.40975,44.63435],[-71.41001,44.63445],[-71.41169,44.63438],[-71.41223,44.63426],[-71.41287,44.63387],[-71.41393,44.63355],[-71.41422,44.63338],[-71.4149,44.63237],[-71.41526,44.63207],[-71.41653,44.63152],[-71.41752,44.63092],[-71.41841,44.63059],[-71.41848,44.63042],[-71.41824,44.62917],[-71.4176,44.62879],[-71.41664,44.62886],[-71.41526,44.62929],[-71.41403,44.62945],[-71.41274,44.62956],[-71.41204,44.62934],[-71.41168,44.62937],[-71.41132,44.62973],[-71.41094,44.62985],[-71.41038,44.62967],[-71.40933,44.62886],[-71.40425,44.62833],[-71.40121,44.62829],[-71.39785,44.62781],[-71.39578,44.62737],[-71.39384,44.62739],[-71.39269,44.62728],[-71.39152,44.62816],[-71.39143,44.62901],[-71.39156,44.62932]]]},"properties":{"id":"p-025-002","name":"Percy Summer Club","status":"unknown","acres":315.2,"score":42}},{"type":"Feature","id":109,"geometry":{"type":"Polygon","coordinates":[[[-71.42043,44.6309],[-71.41905,44.63105],[-71.41798,44.62597],[-71.42321,44.6253],[-71.42563,44.63353],[-71.42116,44.6341],[-71.42043,44.6309]]]},"properties":{"id":"p-025-004","name":"Kauffmann #1","status":"unknown","acres":93.3,"score":52}},{"type":"Feature","id":110,"geometry":{"type":"Polygon","coordinates":[[[-71.42043,44.6309],[-71.42116,44.6341],[-71.41973,44.63428],[-71.41905,44.63105],[-71.42043,44.6309]]]},"properties":{"id":"p-025-005","name":"Kauffmann #2","status":"unknown","acres":10.1,"score":30}},{"type":"Feature","id":111,"geometry":{"type":"Polygon","coordinates":[[[-71.24704,44.63836],[-71.24834,44.63757],[-71.24953,44.63604],[-71.25039,44.63476],[-71.2504,44.63368],[-71.25421,44.63349],[-71.25449,44.63789],[-71.26007,44.63786],[-71.26034,44.64217],[-71.26589,44.6419],[-71.26665,44.65309],[-71.25616,44.65364],[-71.25537,44.64251],[-71.24994,44.64285],[-71.2494,44.63835],[-71.24671,44.63842],[-71.24704,44.63836]]]},"properties":{"id":"p-026-001","name":"Pontook Reservoir","status":"unknown","acres":410.5,"score":56}},{"type":"Feature","id":112,"geometry":{"type":"Polygon","coordinates":[[[-71.33816,44.6518],[-71.33877,44.66065],[-71.32441,44.66121],[-71.32395,44.65234],[-71.33816,44.6518]]]},"properties":{"id":"p-026-002","name":"Aspnes Easement","status":"unknown","acres":278.2,"score":63}},{"type":"Feature","id":113,"geometry":{"type":"Polygon","coordinates":[[[-71.29342,44.63724],[-71.29353,44.64115],[-71.27644,44.64149],[-71.27629,44.63756],[-71.29342,44.63724]]]},"properties":{"id":"p-026-003","name":"McLaughlin/Faulkenham","status":"unknown","acres":146.1,"score":66}},{"type":"Feature","id":114,"geometry":{"type":"Polygon","coordinates":[[[-71.36446,44.67366],[-71.36477,44.68023],[-71.36513,44.68765],[-71.36242,44.68667],[-71.35874,44.68335],[-71.352,44.68047],[-71.35172,44.67986],[-71.35568,44.67682],[-71.36023,44.67515],[-71.36035,44.6742],[-71.36217,44.67378],[-71.36446,44.67366]]]},"properties":{"id":"p-026-004","name":"Long Mountain WMA","status":"verified","acres":220.0,"score":66}},{"type":"Feature","id":115,"geometry":{"type":"MultiPolygon","coordinates":[[[[-71.18247,44.66566],[-71.18506,44.66465],[-71.18637,44.66429],[-71.18764,44.66431],[-71.1902,44.66465],[-71.19139,44.66464],[-71.19216,44.66481],[-71.19286,44.66482],[-71.19383,44.66441],[-71.19422,44.66411],[-71.19529,44.66254],[-71.19551,44.66561],[-71.18249,44.66604],[-71.18247,44.66566]]],[[[-71.13599,44.77047],[-71.13724,44.77158],[-71.13711,44.77168],[-71.13744,44.77198],[-71.13762,44.77191],[-71.13815,44.7723],[-71.13884,44.77305],[-71.13615,44.77312],[-71.13419,44.77157],[-71.13266,44.77067],[-71.13599,44.77047]]]]},"properties":{"id":"p-027-001","name":"13 Mile Woods","status":"unknown","acres":52.8,"score":35}},{"type":"Feature","id":116,"geometry":{"type":"Polygon","coordinates":[[[-71.12529,44.70869],[-71.13711,44.70886],[-71.13772,44.71728],[-71.12594,44.71765],[-71.12529,44.70869]]]},"properties":{"id":"p-027-002","name":"Errol School Lot","status":"unknown","acres":223.6,"score":63}},{"type":"Feature","id":117,"geometry":{"type":"MultiPolygon","coordinates":[[[[-71.23909,44.61711],[-71.23995,44.6176],[-71.23999,44.6179],[-71.23984,44.61794],[-71.23897,44.61738],[-71.23879,44.61712],[-71.23909,44.61711]]],[[[-71.22557,44.63165],[-71.22529,44.62456],[-71.22803,44.62447],[-71.22855,44.62344],[-71.22802,44.62307],[-71.22811,44.62246],[-71.22713,44.62146],[-71.22722,44.62055],[-71.22665,44.62039],[-71.22603,44.61991],[-71.22596,44.61998],[-71.22471,44.61962],[-71.22387,44.61852],[-71.22431,44.6184],[-71.22477,44.61749],[-71.22446,44.61721],[-71.2239,44.61575],[-71.22414,44.61519],[-71.22524,44.6144],[-71.22597,44.61414],[-71.22727,44.61329],[-71.22841,44.6131],[-71.22915,44.61337],[-71.23034,44.61408],[-71.23302,44.61521],[-71.234,44.61555],[-71.23537,44.61575],[-71.23745,44.61707],[-71.23821,44.61731],[-71.23909,44.61791],[-71.23977,44.61857],[-71.24231,44.62023],[-71.24436,44.62216],[-71.24619,44.62438],[-71.24698,44.62502],[-71.24791,44.6267],[-71.24889,44.62764],[-71.24927,44.62843],[-71.24941,44.62953],[-71.24862,44.63039],[-71.24808,44.63188],[-71.24729,44.63241],[-71.24881,44.63313],[-71.24898,44.63295],[-71.24895,44.63222],[-71.24927,44.63094],[-71.25007,44.62997],[-71.25005,44.62807],[-71.24991,44.6278],[-71.24883,44.62679],[-71.24782,44.62502],[-71.24689,44.62434],[-71.24514,44.62195],[-71.2419,44.61902],[-71.24004,44.61711],[-71.2392,44.61671],[-71.23742,44.61621],[-71.23645,44.61556],[-71.2336,44.61463],[-71.23299,44.61426],[-71.22853,44.61253],[-71.22812,44.61252],[-71.22609,44.61304],[-71.22592,44.61264],[-71.22736,44.61223],[-71.22843,44.61219],[-71.23055,44.61282],[-71.23157,44.61347],[-71.2345,44.61397],[-71.23735,44.61481],[-71.23832,44.61527],[-71.23986,44.61652],[-71.24068,44.6176],[-71.24497,44.62149],[-71.2472,44.62437],[-71.24801,44.62494],[-71.24843,44.62544],[-71.25077,44.62846],[-71.25084,44.62899],[-71.25031,44.63082],[-71.25039,44.63476],[-71.24834,44.63757],[-71.24704,44.63836],[-71.24491,44.63879],[-71.24271,44.63963],[-71.23745,44.64118],[-71.2363,44.64201],[-71.23522,44.64254],[-71.23481,44.64285],[-71.23452,44.6433],[-71.2322,44.64335],[-71.23188,44.64227],[-71.23194,44.64178],[-71.23331,44.63817],[-71.23438,44.63596],[-71.23581,44.6341],[-71.23644,44.63358],[-71.23764,44.63313],[-71.23925,44.63303],[-71.24386,44.63344],[-71.24518,44.63374],[-71.24511,44.63385],[-71.24453,44.6339],[-71.24382,44.63422],[-71.24179,44.63429],[-71.24102,44.63451],[-71.24062,44.63486],[-71.23903,44.63506],[-71.23906,44.63515],[-71.23977,44.63519],[-71.23978,44.63567],[-71.23833,44.63664],[-71.23816,44.63744],[-71.23891,44.63798],[-71.24004,44.63826],[-71.23989,44.6387],[-71.24019,44.63902],[-71.24054,44.63905],[-71.24068,44.63893],[-71.24044,44.6386],[-71.24083,44.63802],[-71.24135,44.63844],[-71.24215,44.63788],[-71.24302,44.63797],[-71.24492,44.63758],[-71.24521,44.63764],[-71.24546,44.63787],[-71.24509,44.63854],[-71.24552,44.63844],[-71.24576,44.6382],[-71.24736,44.63805],[-71.24819,44.63741],[-71.24897,44.63619],[-71.25029,44.63461],[-71.249,44.63365],[-71.24691,44.63269],[-71.24595,44.63296],[-71.23894,44.6323],[-71.23722,44.63264],[-71.23579,44.63256],[-71.23548,44.63266],[-71.23534,44.6331],[-71.2349,44.63352],[-71.23316,44.63591],[-71.23232,44.63796],[-71.23211,44.63801],[-71.23166,44.63921],[-71.23061,44.64092],[-71.23049,44.64206],[-71.23084,44.64338],[-71.22558,44.64349],[-71.22557,44.63165]],[[-71.23113,44.6223],[-71.23124,44.62281],[-71.23091,44.62419],[-71.23519,44.62413],[-71.23496,44.61908],[-71.22869,44.61947],[-71.23113,44.6223]]]]},"properties":{"id":"p-027-003","name":"Pontook - Lease Area","status":"unknown","acres":1034.6,"score":59}},{"type":"Feature","id":118,"geometry":{"type":"Polygon","coordinates":[[[-71.14662,44.74806],[-71.14501,44.74299],[-71.14316,44.73923],[-71.14305,44.73811],[-71.14324,44.73778],[-71.1435,44.73768],[-71.14675,44.73818],[-71.14745,44.73839],[-71.14818,44.73903],[-71.15094,44.74006],[-71.15239,44.74079],[-71.15429,44.74229],[-71.15024,44.74057],[-71.14941,44.74035],[-71.14853,44.7403],[-71.14775,44.74041],[-71.14643,44.741],[-71.14576,44.74178],[-71.14556,44.74261],[-71.14662,44.74806]]]},"properties":{"id":"p-027-004","name":"Mollidgewock State Park","status":"verified","acres":46.6,"score":20}},{"type":"Feature","id":119,"geometry":{"type":"MultiPolygon","coordinates":[[[[-71.17482,44.66897],[-71.16114,44.66273],[-71.16497,44.65884],[-71.17452,44.6484],[-71.18216,44.65922],[-71.19551,44.65904],[-71.19563,44.66105],[-71.19376,44.66345],[-71.19303,44.66405],[-71.19222,44.66419],[-71.19062,44.66415],[-71.18711,44.66366],[-71.18596,44.66364],[-71.18399,44.66414],[-71.18289,44.66474],[-71.17975,44.66574],[-71.17923,44.6662],[-71.17885,44.6668],[-71.17868,44.66798],[-71.179,44.67342],[-71.17879,44.67556],[-71.17833,44.67791],[-71.17787,44.67886],[-71.17714,44.67975],[-71.17612,44.68047],[-71.17522,44.68142],[-71.17475,44.68208],[-71.17452,44.68279],[-71.17488,44.68388],[-71.17586,44.68529],[-71.17606,44.68605],[-71.17609,44.68707],[-71.17546,44.68987],[-71.17513,44.69071],[-71.17452,44.69166],[-71.17085,44.69446],[-71.16913,44.69659],[-71.16847,44.69774],[-71.16852,44.69926],[-71.16889,44.70074],[-71.16983,44.70232],[-71.1707,44.7045],[-71.17076,44.70606],[-71.17039,44.70867],[-71.16649,44.70868],[-71.16695,44.70586],[-71.1669,44.70514],[-71.16654,44.70399],[-71.1657,44.7025],[-71.16467,44.70014],[-71.16442,44.69722],[-71.16573,44.69482],[-71.16848,44.69184],[-71.17104,44.68995],[-71.17132,44.6896],[-71.17221,44.68598],[-71.17155,44.68502],[-71.17074,44.68335],[-71.17088,44.6816],[-71.17174,44.6798],[-71.17389,44.67801],[-71.17455,44.67704],[-71.17511,44.67356],[-71.17482,44.66897]]],[[[-71.13492,44.7657],[-71.13324,44.76732],[-71.13167,44.77007],[-71.13172,44.77068],[-71.13101,44.77067],[-71.131,44.76582],[-71.13492,44.7657]]]]},"properties":{"id":"p-027-005","name":"13 Mile Woods","status":"unknown","acres":1044.8,"score":46}},{"type":"Feature","id":120,"geometry":{"type":"MultiPolygon","coordinates":[[[[-71.18247,44.66566],[-71.18339,44.68848],[-71.18388,44.70856],[-71.17243,44.70869],[-71.1724,44.70746],[-71.17198,44.70575],[-71.16933,44.69915],[-71.16926,44.69844],[-71.16948,44.6974],[-71.1701,44.6963],[-71.17107,44.69524],[-71.17534,44.69157],[-71.1758,44.6909],[-71.17634,44.68965],[-71.17688,44.68763],[-71.1769,44.68623],[-71.17673,44.68557],[-71.17537,44.6832],[-71.17534,44.68274],[-71.17563,44.68209],[-71.17627,44.68125],[-71.17818,44.6796],[-71.17919,44.67815],[-71.17985,44.6743],[-71.17972,44.67002],[-71.17948,44.6676],[-71.17976,44.66705],[-71.18247,44.66566]]],[[[-71.13259,44.77062],[-71.13238,44.77035],[-71.13253,44.76969],[-71.13315,44.76899],[-71.13434,44.7671],[-71.1359,44.76586],[-71.14047,44.76586],[-71.14028,44.76348],[-71.14121,44.76287],[-71.14396,44.76042],[-71.14693,44.75809],[-71.14727,44.75759],[-71.14742,44.75683],[-71.14696,44.75498],[-71.14707,44.75272],[-71.1467,44.74894],[-71.14644,44.74807],[-71.14717,44.74801],[-71.14634,44.74445],[-71.14605,44.74241],[-71.14626,44.74173],[-71.14702,44.74113],[-71.14805,44.74081],[-71.14958,44.7408],[-71.15401,44.74265],[-71.1543,44.74229],[-71.15533,44.74275],[-71.1565,44.74289],[-71.15741,44.74334],[-71.15809,44.7441],[-71.15921,44.74447],[-71.16016,44.74458],[-71.16022,44.74431],[-71.16045,44.74426],[-71.16392,44.74671],[-71.16444,44.74688],[-71.16576,44.74701],[-71.16662,44.74692],[-71.16707,44.74699],[-71.16732,44.74684],[-71.16798,44.74675],[-71.16973,44.74547],[-71.1701,44.74534],[-71.17313,44.74473],[-71.17427,44.74431],[-71.17569,44.74402],[-71.17701,44.74318],[-71.17775,44.7429],[-71.17898,44.74184],[-71.17975,44.74147],[-71.18079,44.74125],[-71.18085,44.74077],[-71.18134,44.73985],[-71.18133,44.73947],[-71.18054,44.73783],[-71.17878,44.73588],[-71.17824,44.73495],[-71.17644,44.73357],[-71.17504,44.73169],[-71.17109,44.72839],[-71.17028,44.728],[-71.16935,44.72782],[-71.1674,44.72663],[-71.16276,44.72492],[-71.16255,44.72459],[-71.16251,44.7226],[-71.16279,44.72142],[-71.16327,44.7207],[-71.16405,44.72048],[-71.16427,44.72026],[-71.1656,44.71965],[-71.16692,44.7186],[-71.16798,44.71797],[-71.1683,44.71756],[-71.16893,44.71721],[-71.16951,44.71706],[-71.1702,44.7171],[-71.17127,44.71766],[-71.17203,44.71757],[-71.17268,44.71741],[-71.17308,44.71718],[-71.1735,44.7164],[-71.17582,44.71632],[-71.17644,44.7248],[-71.18692,44.72461],[-71.18569,44.70855],[-71.19535,44.70846],[-71.19644,44.71581],[-71.19722,44.72439],[-71.19873,44.73285],[-71.21215,44.7327],[-71.21302,44.74837],[-71.20107,44.74891],[-71.20031,44.74073],[-71.18803,44.74119],[-71.18909,44.75693],[-71.20288,44.7567],[-71.20423,44.76527],[-71.18975,44.76583],[-71.16014,44.76578],[-71.15945,44.7574],[-71.14989,44.75764],[-71.15034,44.76556],[-71.16011,44.76577],[-71.16052,44.77353],[-71.15106,44.77315],[-71.14076,44.77308],[-71.14074,44.77053],[-71.13679,44.77042],[-71.13259,44.77062]]]]},"properties":{"id":"p-027-006-7085-ce","name":"13 Mile Woods Community Forest","status":"unknown","acres":5170.0,"score":66}},{"type":"Feature","id":121,"geometry":{"type":"Polygon","coordinates":[[[-71.13859,44.73632],[-71.14036,44.73484],[-71.14142,44.73455],[-71.14119,44.73454],[-71.14119,44.73426],[-71.14169,44.73366],[-71.14158,44.73311],[-71.14131,44.73282],[-71.14074,44.73271],[-71.14049,44.7325],[-71.13999,44.7325],[-71.14015,44.73225],[-71.1397,44.73212],[-71.13967,44.73194],[-71.14055,44.73168],[-71.14055,44.73154],[-71.14,44.73154],[-71.13968,44.73139],[-71.13962,44.73121],[-71.13993,44.73112],[-71.14,44.73096],[-71.13996,44.73061],[-71.14011,44.73027],[-71.14007,44.73018],[-71.13946,44.73025],[-71.13933,44.73006],[-71.14634,44.73022],[-71.14615,44.72382],[-71.15035,44.72131],[-71.1521,44.71621],[-71.15966,44.71083],[-71.15968,44.70861],[-71.16553,44.7087],[-71.16595,44.71655],[-71.17277,44.71636],[-71.17231,44.717],[-71.17151,44.71717],[-71.17078,44.71693],[-71.16949,44.71678],[-71.16824,44.71688],[-71.16772,44.71718],[-71.16739,44.71779],[-71.16569,44.7194],[-71.16509,44.7197],[-71.1638,44.72009],[-71.16315,44.72044],[-71.16279,44.72076],[-71.16251,44.7215],[-71.16214,44.72382],[-71.16218,44.72442],[-71.1625,44.72501],[-71.16312,44.72546],[-71.16668,44.72647],[-71.16886,44.72777],[-71.16972,44.7281],[-71.17073,44.72831],[-71.17154,44.72873],[-71.17492,44.73188],[-71.17661,44.73413],[-71.17794,44.73531],[-71.18044,44.73791],[-71.18096,44.73947],[-71.18075,44.74029],[-71.18027,44.74097],[-71.17847,44.74188],[-71.17798,44.74256],[-71.17595,44.7436],[-71.17363,44.74437],[-71.1698,44.74525],[-71.16871,44.74601],[-71.16793,44.74638],[-71.16587,44.74676],[-71.16507,44.74669],[-71.16431,44.74635],[-71.16084,44.74415],[-71.1566,44.74255],[-71.15486,44.74221],[-71.15306,44.74083],[-71.14912,44.739],[-71.14752,44.73799],[-71.14356,44.73736],[-71.14298,44.73748],[-71.14255,44.73775],[-71.14239,44.7383],[-71.14534,44.74519],[-71.14636,44.74878],[-71.14667,44.7519],[-71.14652,44.75439],[-71.14708,44.75726],[-71.14673,44.7578],[-71.14605,44.7584],[-71.14024,44.76328],[-71.13992,44.75868],[-71.14265,44.75647],[-71.1422,44.75454],[-71.14243,44.75242],[-71.14198,44.74885],[-71.14109,44.74595],[-71.14045,44.74424],[-71.13861,44.7405],[-71.13801,44.73868],[-71.13789,44.7375],[-71.13859,44.73632]]]},"properties":{"id":"p-027-006-31000-fo","name":"13 Mile Woods Community Forest","status":"verified","acres":1919.9,"score":53}},{"type":"Feature","id":122,"geometry":{"type":"Polygon","coordinates":[[[-71.15968,44.70861],[-71.15966,44.71083],[-71.1521,44.71621],[-71.15035,44.72131],[-71.14615,44.72382],[-71.14607,44.71694],[-71.14713,44.71689],[-71.14664,44.70865],[-71.15968,44.70861]]]},"properties":{"id":"p-027-007","name":"Androscoggin River Reserv.","status":"verified","acres":233.9,"score":49}},{"type":"Feature","id":123,"geometry":{"type":"MultiPolygon","coordinates":[[[[-71.21145,44.63969],[-71.21204,44.63969],[-71.21305,44.63936],[-71.21871,44.63921],[-71.21877,44.64199],[-71.21387,44.64436],[-71.21336,44.64438],[-71.21249,44.64357],[-71.21137,44.63979],[-71.21145,44.63969]]],[[[-71.18991,44.63094],[-71.19238,44.63078],[-71.19259,44.63226],[-71.19512,44.63222],[-71.19544,44.6351],[-71.20863,44.63474],[-71.21016,44.63635],[-71.21089,44.63872],[-71.21022,44.63874],[-71.21048,44.63946],[-71.21107,44.63944],[-71.2123,44.64352],[-71.21246,44.64383],[-71.21312,44.64439],[-71.20494,44.64476],[-71.20504,44.64976],[-71.20493,44.65421],[-71.1917,44.65469],[-71.19076,44.64022],[-71.18991,44.63094]]]]},"properties":{"id":"p-027-008","name":"Glover Farm WMA","status":"unknown","acres":818.9,"score":67}},{"type":"Feature","id":124,"geometry":{"type":"MultiPolygon","coordinates":[[[[-71.05635,44.70226],[-71.05759,44.70281],[-71.06116,44.70505],[-71.06356,44.70673],[-71.06561,44.70783],[-71.06755,44.70871],[-71.06889,44.70964],[-71.07122,44.71197],[-71.07441,44.71431],[-71.07706,44.71601],[-71.07021,44.72034],[-71.06948,44.71989],[-71.06914,44.71935],[-71.06784,44.71904],[-71.06752,44.71877],[-71.06654,44.71846],[-71.0648,44.71731],[-71.06419,44.71706],[-71.06377,44.71664],[-71.06364,44.71554],[-71.06345,44.71527],[-71.06273,44.71504],[-71.06221,44.71457],[-71.06061,44.71371],[-71.05915,44.71327],[-71.05857,44.71266],[-71.05854,44.71241],[-71.05813,44.71226],[-71.05831,44.71213],[-71.05826,44.71199],[-71.05773,44.71189],[-71.05779,44.71149],[-71.05843,44.7111],[-71.05991,44.71086],[-71.06056,44.71112],[-71.06145,44.71116],[-71.06232,44.71143],[-71.06444,44.71151],[-71.065,44.7118],[-71.0658,44.71188],[-71.06553,44.71138],[-71.06358,44.70922],[-71.06355,44.70895],[-71.06393,44.70858],[-71.06385,44.70846],[-71.06325,44.70798],[-71.06268,44.70773],[-71.06193,44.70705],[-71.06185,44.70671],[-71.06085,44.70572],[-71.05951,44.70462],[-71.05717,44.70303],[-71.05579,44.70239],[-71.05501,44.7024],[-71.05466,44.70222],[-71.0544,44.70223],[-71.05425,44.70241],[-71.05422,44.70217],[-71.05517,44.70209],[-71.05635,44.70226]]],[[[-71.05778,44.71038],[-71.05749,44.71064],[-71.05761,44.71086],[-71.05736,44.71104],[-71.05745,44.71117],[-71.05722,44.71101],[-71.05702,44.71015],[-71.05775,44.71015],[-71.05778,44.71038]]],[[[-71.08702,44.72433],[-71.08639,44.72436],[-71.08632,44.72333],[-71.08698,44.7237],[-71.08702,44.72433]]],[[[-71.03587,44.72972],[-71.05168,44.72904],[-71.04725,44.72627],[-71.04777,44.7205],[-71.05078,44.72036],[-71.05081,44.72057],[-71.04902,44.72139],[-71.049,44.72178],[-71.04982,44.72223],[-71.05019,44.72295],[-71.04959,44.72334],[-71.04959,44.72368],[-71.04978,44.72383],[-71.05016,44.72376],[-71.05064,44.72387],[-71.05061,44.72432],[-71.04983,44.72438],[-71.04917,44.72469],[-71.04887,44.72537],[-71.05002,44.72545],[-71.05016,44.72526],[-71.05058,44.72519],[-71.05137,44.72556],[-71.052,44.72565],[-71.05215,44.72576],[-71.052,44.72596],[-71.05253,44.72635],[-71.05281,44.72679],[-71.05326,44.72687],[-71.05353,44.7271],[-71.05357,44.72797],[-71.05333,44.72809],[-71.05271,44.72784],[-71.05254,44.7279],[-71.0525,44.72814],[-71.05277,44.7286],[-71.05342,44.72886],[-71.05399,44.7293],[-71.05413,44.72922],[-71.05554,44.72946],[-71.05554,44.72973],[-71.05571,44.72982],[-71.05616,44.72975],[-71.05663,44.73006],[-71.05729,44.7298],[-71.05762,44.72988],[-71.0581,44.73022],[-71.05838,44.73066],[-71.05815,44.73068],[-71.05814,44.73083],[-71.0586,44.73117],[-71.05809,44.73184],[-71.0575,44.732],[-71.05726,44.73219],[-71.05713,44.73271],[-71.05757,44.73301],[-71.05791,44.73306],[-71.05894,44.73351],[-71.05921,44.73438],[-71.0585,44.73466],[-71.05867,44.73497],[-71.05858,44.73514],[-71.05814,44.73533],[-71.05817,44.73502],[-71.05774,44.73485],[-71.05701,44.73411],[-71.05656,44.73413],[-71.05615,44.73432],[-71.05597,44.73476],[-71.05608,44.73493],[-71.05439,44.73508],[-71.05284,44.73458],[-71.05192,44.73455],[-71.05087,44.73402],[-71.0496,44.7338],[-71.04887,44.73342],[-71.04739,44.73365],[-71.04673,44.73385],[-71.0467,44.73452],[-71.04642,44.73466],[-71.04475,44.73403],[-71.04433,44.73407],[-71.04421,44.73426],[-71.04384,44.7342],[-71.04245,44.73315],[-71.04197,44.73331],[-71.0404,44.73343],[-71.04021,44.73349],[-71.04016,44.73365],[-71.04095,44.7347],[-71.04095,44.73526],[-71.04236,44.73575],[-71.04362,44.73588],[-71.04429,44.73609],[-71.04441,44.7365],[-71.04391,44.73695],[-71.04443,44.73741],[-71.04399,44.73793],[-71.04403,44.73806],[-71.04375,44.73813],[-71.04335,44.73799],[-71.04253,44.73722],[-71.04237,44.73698],[-71.04235,44.73632],[-71.04144,44.73659],[-71.04072,44.73631],[-71.04049,44.73636],[-71.04022,44.73652],[-71.04011,44.73692],[-71.03958,44.73705],[-71.03825,44.73656],[-71.03783,44.73621],[-71.03776,44.73586],[-71.03755,44.73578],[-71.0369,44.73577],[-71.03651,44.73605],[-71.03633,44.73605],[-71.03587,44.72972]]],[[[-71.07912,44.73609],[-71.07779,44.73596],[-71.07765,44.73574],[-71.0791,44.73571],[-71.07912,44.73609]]],[[[-71.07965,44.74438],[-71.06861,44.74478],[-71.06894,44.74419],[-71.0687,44.74354],[-71.06879,44.74233],[-71.06982,44.74173],[-71.0699,44.74133],[-71.07055,44.74041],[-71.0718,44.73907],[-71.07175,44.73888],[-71.071,44.73881],[-71.07085,44.73864],[-71.07088,44.73828],[-71.07155,44.73777],[-71.07234,44.73801],[-71.07251,44.73785],[-71.07216,44.73764],[-71.0722,44.73739],[-71.07256,44.73722],[-71.07251,44.73688],[-71.07233,44.73677],[-71.07426,44.73636],[-71.07501,44.73636],[-71.07504,44.73614],[-71.07558,44.73589],[-71.07581,44.73602],[-71.07576,44.73665],[-71.07534,44.73662],[-71.07523,44.73693],[-71.0754,44.73704],[-71.07567,44.737],[-71.07743,44.73741],[-71.07756,44.73754],[-71.07738,44.73762],[-71.07722,44.7382],[-71.07773,44.73859],[-71.07781,44.73886],[-71.07828,44.73878],[-71.07817,44.73864],[-71.07857,44.73838],[-71.07912,44.73869],[-71.07927,44.73862],[-71.07965,44.74438]]],[[[-71.05898,44.77896],[-71.05787,44.77837],[-71.05712,44.77835],[-71.0556,44.77731],[-71.05554,44.77701],[-71.05515,44.77661],[-71.05525,44.77634],[-71.05559,44.77609],[-71.05572,44.77563],[-71.05512,44.77473],[-71.05575,44.77371],[-71.05548,44.77295],[-71.05409,44.77309],[-71.0539,44.77267],[-71.05343,44.77235],[-71.05399,44.77109],[-71.05419,44.77097],[-71.0548,44.7709],[-71.05482,44.77068],[-71.0552,44.7706],[-71.05567,44.77022],[-71.05555,44.76998],[-71.05514,44.76982],[-71.05569,44.76968],[-71.0567,44.76884],[-71.0567,44.76859],[-71.05641,44.76834],[-71.05561,44.76885],[-71.05508,44.7687],[-71.05462,44.76779],[-71.05409,44.76724],[-71.05397,44.76687],[-71.05406,44.76666],[-71.05443,44.7669],[-71.05475,44.76693],[-71.05503,44.76679],[-71.05463,44.76643],[-71.0541,44.76638],[-71.05358,44.76571],[-71.05363,44.76536],[-71.05471,44.76496],[-71.05468,44.76389],[-71.05482,44.76347],[-71.05535,44.76283],[-71.05532,44.76175],[-71.05472,44.76155],[-71.05468,44.76132],[-71.05569,44.76056],[-71.05576,44.76041],[-71.05558,44.76018],[-71.05614,44.75955],[-71.05658,44.75947],[-71.05654,44.75986],[-71.05673,44.76007],[-71.05825,44.76095],[-71.05854,44.76135],[-71.06068,44.76281],[-71.06147,44.76312],[-71.06353,44.76354],[-71.06373,44.76345],[-71.06387,44.76303],[-71.06213,44.76106],[-71.06222,44.76086],[-71.06301,44.76083],[-71.06321,44.7606],[-71.06321,44.76035],[-71.06268,44.75994],[-71.06262,44.75948],[-71.06106,44.75842],[-71.05874,44.7571],[-71.0577,44.7563],[-71.05488,44.75345],[-71.05447,44.75165],[-71.05325,44.75056],[-71.05279,44.74992],[-71.0525,44.74917],[-71.05161,44.74881],[-71.0512,44.74877],[-71.05087,44.74848],[-71.05084,44.74805],[-71.05116,44.748],[-71.05146,44.74811],[-71.05177,44.74777],[-71.05171,44.74754],[-71.05097,44.74681],[-71.0518,44.74596],[-71.05232,44.74566],[-71.05236,44.7445],[-71.05287,44.74395],[-71.05319,44.74393],[-71.05316,44.74359],[-71.05368,44.7432],[-71.05547,44.74294],[-71.0563,44.74319],[-71.058,44.74404],[-71.05913,44.75332],[-71.065,44.7589],[-71.06516,44.7599],[-71.06641,44.76399],[-71.06382,44.76558],[-71.05724,44.76259],[-71.0585,44.7692],[-71.05693,44.77434],[-71.05816,44.777],[-71.0627,44.77872],[-71.06495,44.77794],[-71.07126,44.77936],[-71.06913,44.78043],[-71.06716,44.77985],[-71.0649,44.77941],[-71.06416,44.77955],[-71.06339,44.78014],[-71.06217,44.78024],[-71.06054,44.77998],[-71.05987,44.77973],[-71.05898,44.77896]]],[[[-71.04957,44.70289],[-71.05137,44.70264],[-71.05192,44.70282],[-71.05255,44.70328],[-71.05259,44.70354],[-71.0529,44.70377],[-71.05231,44.70436],[-71.0524,44.70456],[-71.05179,44.7045],[-71.05118,44.70471],[-71.05114,44.70488],[-71.05102,44.70484],[-71.05043,44.7042],[-71.05025,44.70354],[-71.04962,44.70349],[-71.04957,44.70289]]],[[[-71.045,44.71092],[-71.04406,44.71044],[-71.04389,44.71046],[-71.04356,44.7097],[-71.04331,44.70956],[-71.04336,44.70938],[-71.04376,44.70942],[-71.04385,44.70915],[-71.0441,44.70905],[-71.04468,44.70915],[-71.04658,44.70889],[-71.04701,44.70907],[-71.04686,44.70915],[-71.04684,44.70971],[-71.04728,44.70971],[-71.04742,44.70989],[-71.04768,44.70949],[-71.04791,44.70949],[-71.04853,44.70975],[-71.04867,44.71004],[-71.04956,44.70992],[-71.04969,44.71002],[-71.04921,44.71046],[-71.04899,44.71048],[-71.04884,44.71029],[-71.04866,44.71037],[-71.04852,44.71017],[-71.04814,44.71017],[-71.04823,44.71076],[-71.04796,44.71084],[-71.04787,44.71115],[-71.04746,44.71107],[-71.04738,44.71079],[-71.04641,44.71089],[-71.04544,44.71071],[-71.045,44.71092]]],[[[-71.04173,44.71014],[-71.04222,44.70976],[-71.0428,44.70998],[-71.04304,44.70985],[-71.04342,44.70989],[-71.04322,44.71079],[-71.04311,44.71087],[-71.04298,44.71021],[-71.04222,44.71009],[-71.04173,44.71014]]],[[[-71.03472,44.71217],[-71.03508,44.71251],[-71.03493,44.71289],[-71.03507,44.71316],[-71.03599,44.71302],[-71.0368,44.71332],[-71.03698,44.71324],[-71.037,44.71291],[-71.03779,44.71274],[-71.03755,44.7126],[-71.03759,44.71226],[-71.03801,44.71142],[-71.03872,44.71151],[-71.03922,44.71133],[-71.039,44.71178],[-71.03932,44.71196],[-71.0398,44.71194],[-71.04015,44.7116],[-71.0405,44.71158],[-71.04084,44.71139],[-71.04101,44.71087],[-71.04211,44.71078],[-71.04232,44.71085],[-71.04258,44.71111],[-71.04255,44.71139],[-71.04279,44.71143],[-71.04262,44.71162],[-71.04207,44.71169],[-71.04175,44.71186],[-71.0416,44.71226],[-71.04065,44.7122],[-71.04058,44.71276],[-71.04118,44.71281],[-71.04122,44.71311],[-71.04109,44.71333],[-71.04046,44.71365],[-71.0413,44.71397],[-71.04173,44.71392],[-71.04225,44.71366],[-71.04242,44.71405],[-71.04234,44.71441],[-71.04318,44.7143],[-71.04322,44.71405],[-71.04388,44.71434],[-71.04398,44.71656],[-71.04721,44.71861],[-71.04736,44.72052],[-71.03523,44.72106],[-71.03458,44.71223],[-71.03472,44.71217]]],[[[-71.04333,44.73846],[-71.0442,44.73884],[-71.04418,44.7391],[-71.04456,44.73929],[-71.04411,44.73935],[-71.04377,44.73915],[-71.04344,44.73877],[-71.04333,44.73846]]],[[[-71.03747,44.75123],[-71.03851,44.75167],[-71.03896,44.75165],[-71.03913,44.75173],[-71.03904,44.75199],[-71.04044,44.75247],[-71.04101,44.75329],[-71.04066,44.75465],[-71.0404,44.75497],[-71.03999,44.7562],[-71.0382,44.75848],[-71.03828,44.75942],[-71.03889,44.76043],[-71.03863,44.76063],[-71.03798,44.76059],[-71.03747,44.75123]]]]},"properties":{"id":"p-028-001","name":"Umbagog State Park","status":"verified","acres":1353.4,"score":58}},{"type":"Feature","id":125,"geometry":{"type":"Polygon","coordinates":[[[-71.0672,44.7338],[-71.06688,44.73391],[-71.06677,44.73435],[-71.06659,44.73447],[-71.06612,44.73452],[-71.06541,44.73427],[-71.06467,44.73455],[-71.06442,44.73436],[-71.06447,44.73368],[-71.06419,44.7333],[-71.06451,44.73299],[-71.06467,44.73238],[-71.06444,44.73164],[-71.06369,44.73125],[-71.06364,44.73078],[-71.06329,44.73051],[-71.06308,44.72967],[-71.06314,44.729],[-71.0625,44.72788],[-71.06285,44.72784],[-71.06354,44.72842],[-71.06395,44.72826],[-71.06389,44.72877],[-71.06454,44.72888],[-71.06486,44.72839],[-71.06471,44.72823],[-71.06483,44.72803],[-71.06406,44.72692],[-71.06439,44.72669],[-71.06492,44.72664],[-71.0649,44.72616],[-71.06634,44.72531],[-71.06689,44.72549],[-71.06727,44.7259],[-71.06706,44.72615],[-71.06645,44.72639],[-71.06653,44.7266],[-71.06683,44.72675],[-71.0667,44.72707],[-71.06721,44.72727],[-71.06738,44.72705],[-71.0681,44.72704],[-71.06863,44.72726],[-71.06849,44.72755],[-71.06904,44.72768],[-71.06927,44.72727],[-71.0694,44.72736],[-71.06975,44.72733],[-71.06998,44.727],[-71.07019,44.72693],[-71.07031,44.72704],[-71.07025,44.72775],[-71.07106,44.72829],[-71.07173,44.72798],[-71.07153,44.72752],[-71.07169,44.72739],[-71.0719,44.72756],[-71.07274,44.72761],[-71.07281,44.72824],[-71.07199,44.72888],[-71.07194,44.72926],[-71.07239,44.72965],[-71.07362,44.73034],[-71.07379,44.73061],[-71.07509,44.7312],[-71.07545,44.73148],[-71.07671,44.73318],[-71.07666,44.73395],[-71.07593,44.73448],[-71.07585,44.735],[-71.07529,44.73519],[-71.07503,44.73477],[-71.07529,44.73441],[-71.07509,44.73403],[-71.07515,44.73335],[-71.07489,44.7328],[-71.07353,44.73209],[-71.07324,44.73156],[-71.07242,44.73152],[-71.07207,44.73177],[-71.07198,44.73203],[-71.07155,44.73219],[-71.07135,44.73267],[-71.07094,44.73287],[-71.07083,44.73402],[-71.07045,44.73448],[-71.07046,44.73473],[-71.06985,44.73497],[-71.06937,44.73539],[-71.06837,44.73539],[-71.06801,44.73525],[-71.0672,44.7338]]]},"properties":{"id":"p-028-002","name":"Big Island","status":"unknown","acres":151.0,"score":65}},{"type":"Feature","id":126,"geometry":{"type":"Polygon","coordinates":[[[-71.05838,44.74435],[-71.06158,44.74546],[-71.0626,44.75037],[-71.06377,44.75023],[-71.0631,44.74735],[-71.06252,44.74568],[-71.06302,44.74572],[-71.06341,44.74593],[-71.0647,44.74574],[-71.06444,44.74602],[-71.06523,44.7457],[-71.06566,44.74521],[-71.0666,44.7482],[-71.06695,44.75023],[-71.06772,44.75034],[-71.06717,44.7528],[-71.05911,44.75317],[-71.058,44.74404],[-71.05838,44.74435]]]},"properties":{"id":"p-028-007","name":"Kronk Tract","status":"unknown","acres":123.6,"score":56}},{"type":"Feature","id":127,"geometry":{"type":"Polygon","coordinates":[[[-71.03032,44.64454],[-71.03406,44.64509],[-71.0381,44.64445],[-71.03913,44.64413],[-71.04103,44.64313],[-71.04251,44.64274],[-71.04506,44.64244],[-71.04498,44.642],[-71.04605,44.64027],[-71.04654,44.63996],[-71.04784,44.63957],[-71.05151,44.63969],[-71.0527,44.63947],[-71.05399,44.64],[-71.05447,44.64009],[-71.05562,44.63997],[-71.05694,44.63958],[-71.05847,44.63965],[-71.05877,44.63995],[-71.05872,44.64041],[-71.05768,44.64181],[-71.05762,44.64211],[-71.05899,44.64384],[-71.05966,44.64536],[-71.0609,44.64747],[-71.06077,44.64811],[-71.06,44.64938],[-71.05999,44.64993],[-71.06024,44.65061],[-71.06108,44.65162],[-71.06179,44.65349],[-71.06392,44.65621],[-71.06719,44.65983],[-71.0677,44.66015],[-71.07487,44.66278],[-71.07858,44.66377],[-71.07942,44.66386],[-71.08177,44.66374],[-71.08419,44.66401],[-71.08471,44.66439],[-71.08521,44.66537],[-71.08529,44.66588],[-71.08511,44.66692],[-71.08536,44.66707],[-71.08784,44.66609],[-71.09133,44.66642],[-71.09463,44.66605],[-71.0961,44.66607],[-71.09795,44.66556],[-71.10289,44.66493],[-71.10325,44.66463],[-71.10441,44.66231],[-71.10633,44.66122],[-71.1068,44.66074],[-71.10714,44.65929],[-71.10799,44.6582],[-71.10962,44.65506],[-71.10955,44.65342],[-71.11024,44.65221],[-71.11128,44.65199],[-71.11265,44.65222],[-71.11552,44.65219],[-71.11598,44.65202],[-71.11663,44.65135],[-71.11715,44.65111],[-71.11796,44.65104],[-71.11955,44.65113],[-71.12275,44.65077],[-71.12494,44.64999],[-71.12666,44.64968],[-71.12903,44.64878],[-71.13097,44.64835],[-71.13113,44.64724],[-71.13152,44.64671],[-71.13287,44.64611],[-71.13425,44.6452],[-71.1359,44.64444],[-71.13752,44.64419],[-71.13967,44.64429],[-71.14184,44.64493],[-71.14351,44.64581],[-71.14418,44.64594],[-71.14495,44.64593],[-71.14727,44.64551],[-71.14877,44.64488],[-71.15012,44.64405],[-71.15125,44.64357],[-71.15237,44.64261],[-71.15273,44.64168],[-71.15322,44.64114],[-71.1539,44.6408],[-71.15548,44.64047],[-71.15643,44.63979],[-71.18123,44.6393],[-71.18182,44.65504],[-71.18216,44.65922],[-71.17453,44.64839],[-71.16497,44.65884],[-71.16114,44.66273],[-71.17482,44.66897],[-71.17511,44.67356],[-71.17455,44.67704],[-71.17389,44.67801],[-71.17174,44.6798],[-71.17088,44.6816],[-71.17074,44.68335],[-71.17155,44.68502],[-71.17221,44.68598],[-71.17132,44.6896],[-71.17104,44.68995],[-71.16848,44.69184],[-71.16573,44.69482],[-71.16442,44.69722],[-71.1646,44.69998],[-71.1657,44.7025],[-71.16654,44.70399],[-71.1669,44.70514],[-71.16695,44.70586],[-71.16649,44.70868],[-71.14664,44.70865],[-71.13711,44.70886],[-71.13625,44.69727],[-71.13645,44.69721],[-71.13672,44.69611],[-71.13663,44.69532],[-71.13624,44.69477],[-71.13507,44.69378],[-71.13469,44.69289],[-71.13437,44.69249],[-71.13271,44.69117],[-71.13097,44.69051],[-71.13017,44.68996],[-71.12759,44.68711],[-71.12702,44.68587],[-71.12655,44.68538],[-71.12533,44.68458],[-71.12332,44.68435],[-71.12147,44.68359],[-71.12028,44.68364],[-71.11875,44.68421],[-71.11753,44.6843],[-71.11647,44.68409],[-71.11402,44.68316],[-71.11284,44.68293],[-71.11078,44.68309],[-71.10951,44.68299],[-71.10761,44.68358],[-71.10633,44.68423],[-71.10576,44.68431],[-71.10516,44.68424],[-71.10307,44.68351],[-71.10194,44.68296],[-71.10075,44.68186],[-71.09933,44.68166],[-71.09858,44.68141],[-71.09829,44.68111],[-71.0979,44.68012],[-71.09695,44.67952],[-71.09571,44.67919],[-71.09463,44.67742],[-71.0931,44.67669],[-71.09275,44.67612],[-71.09257,44.6761],[-71.09202,44.67613],[-71.09149,44.67633],[-71.08917,44.67797],[-71.08751,44.67979],[-71.08676,44.68012],[-71.08613,44.68019],[-71.08332,44.67937],[-71.08189,44.67873],[-71.0807,44.67852],[-71.07808,44.67694],[-71.07645,44.67664],[-71.07519,44.67599],[-71.07362,44.67543],[-71.07329,44.67511],[-71.0733,44.67472],[-71.07312,44.67468],[-71.06532,44.68481],[-71.06603,44.68524],[-71.06676,44.68544],[-71.06586,44.68637],[-71.06459,44.6871],[-71.06318,44.68833],[-71.06102,44.6897],[-71.06017,44.69229],[-71.05879,44.69351],[-71.05817,44.69442],[-71.05694,44.69492],[-71.05598,44.69574],[-71.05601,44.69605],[-71.05566,44.69586],[-71.05494,44.696],[-71.05473,44.69579],[-71.05392,44.69573],[-71.05362,44.69557],[-71.05316,44.69561],[-71.05301,44.69545],[-71.05228,44.6955],[-71.05153,44.69528],[-71.05142,44.69513],[-71.05101,44.69516],[-71.04792,44.6969],[-71.04488,44.69716],[-71.04568,44.70235],[-71.043,44.70154],[-71.04056,44.70112],[-71.03923,44.70045],[-71.04133,44.69969],[-71.03983,44.69698],[-71.03703,44.69887],[-71.0357,44.69853],[-71.03358,44.69851],[-71.03032,44.64454]]]},"properties":{"id":"p-028-009","name":"Androscoggin Headwaters South Phase IV","status":"unknown","acres":12528.5,"score":71}},{"type":"Feature","id":128,"geometry":{"type":"MultiPolygon","coordinates":[[[[-71.50561,44.57111],[-71.49473,44.56613],[-71.4957,44.56438],[-71.49658,44.56208],[-71.49971,44.56361],[-71.50861,44.55566],[-71.5101,44.55446],[-71.51632,44.54824],[-71.51072,44.54551],[-71.51065,44.5453],[-71.51008,44.54522],[-71.51029,44.54497],[-71.50976,44.54455],[-71.50932,44.54385],[-71.50965,44.54366],[-71.50984,44.5429],[-71.51221,44.54047],[-71.5202,44.5338],[-71.52712,44.53802],[-71.53564,44.54265],[-71.53173,44.54638],[-71.53988,44.55098],[-71.54213,44.54879],[-71.54593,44.55067],[-71.54327,44.55339],[-71.53708,44.55897],[-71.53126,44.56448],[-71.52187,44.57421],[-71.51739,44.57277],[-71.51749,44.57172],[-71.50898,44.56775],[-71.50561,44.57111]]],[[[-71.5188,44.57958],[-71.51986,44.57847],[-71.52049,44.57833],[-71.52088,44.5768],[-71.52161,44.57572],[-71.52553,44.57778],[-71.52781,44.57575],[-71.53388,44.57909],[-71.5336,44.57971],[-71.53405,44.58011],[-71.53385,44.58031],[-71.53307,44.58005],[-71.53278,44.58041],[-71.53356,44.58067],[-71.53334,44.581],[-71.52635,44.58441],[-71.51865,44.57997],[-71.5188,44.57958]]],[[[-71.53259,44.58215],[-71.5322,44.58277],[-71.53168,44.58294],[-71.53191,44.58317],[-71.53128,44.58388],[-71.5305,44.58439],[-71.52949,44.58477],[-71.52894,44.58413],[-71.52885,44.58352],[-71.53203,44.58197],[-71.53259,44.58215]]]]},"properties":{"id":"p-029-001","name":"Cape Horn State Forest","status":"verified","acres":2221.3,"score":63}},{"type":"Feature","id":129,"geometry":{"type":"Polygon","coordinates":[[[-71.52635,44.58441],[-71.52736,44.58537],[-71.52466,44.58591],[-71.52315,44.58648],[-71.52254,44.58685],[-71.52188,44.58676],[-71.52101,44.58722],[-71.51693,44.58504],[-71.52134,44.58151],[-71.52635,44.58441]]]},"properties":{"id":"p-029-002","name":"Potter","status":"unknown","acres":65.5,"score":39}},{"type":"Feature","id":130,"geometry":{"type":"MultiPolygon","coordinates":[[[[-71.54912,44.60204],[-71.54849,44.60151],[-71.54823,44.60078],[-71.54855,44.60034],[-71.54846,44.6002],[-71.54962,44.60002],[-71.54988,44.60114],[-71.55046,44.60159],[-71.55102,44.60175],[-71.55172,44.60175],[-71.55342,44.60143],[-71.55353,44.60157],[-71.55174,44.60225],[-71.55087,44.60243],[-71.55024,44.60238],[-71.54912,44.60204]]],[[[-71.54994,44.60348],[-71.55087,44.60343],[-71.55199,44.60319],[-71.5538,44.60248],[-71.55522,44.60173],[-71.5563,44.60166],[-71.55718,44.60053],[-71.55858,44.60009],[-71.56018,44.60035],[-71.56053,44.60051],[-71.5611,44.60101],[-71.56142,44.60156],[-71.56153,44.60251],[-71.56116,44.60275],[-71.56055,44.60284],[-71.55757,44.60259],[-71.55568,44.60298],[-71.55389,44.60387],[-71.55303,44.60502],[-71.55285,44.60548],[-71.55169,44.60554],[-71.55031,44.60602],[-71.54948,44.6067],[-71.54869,44.60697],[-71.54629,44.60728],[-71.54572,44.60644],[-71.54621,44.60481],[-71.54733,44.60458],[-71.54804,44.60307],[-71.54994,44.60348]]],[[[-71.54552,44.61248],[-71.54492,44.6126],[-71.54415,44.60923],[-71.54276,44.6091],[-71.54198,44.61156],[-71.54128,44.61164],[-71.54097,44.6125],[-71.54056,44.61247],[-71.53966,44.6133],[-71.53904,44.61351],[-71.53899,44.61376],[-71.53741,44.61396],[-71.53733,44.61386],[-71.538,44.6138],[-71.53822,44.61363],[-71.53935,44.61185],[-71.54002,44.61167],[-71.54037,44.61169],[-71.54104,44.61116],[-71.541,44.61079],[-71.54079,44.61057],[-71.54042,44.6105],[-71.5397,44.61078],[-71.53928,44.61081],[-71.53845,44.61126],[-71.53715,44.61143],[-71.53632,44.61178],[-71.53615,44.61171],[-71.53522,44.61196],[-71.53463,44.6116],[-71.53437,44.61108],[-71.53823,44.61016],[-71.53883,44.60987],[-71.53916,44.60954],[-71.54079,44.60949],[-71.5411,44.60821],[-71.54142,44.60804],[-71.54301,44.60774],[-71.54322,44.60667],[-71.54435,44.60663],[-71.54452,44.60713],[-71.54506,44.6075],[-71.54513,44.60771],[-71.54654,44.60854],[-71.54693,44.61018],[-71.54861,44.61178],[-71.54887,44.6118],[-71.54904,44.61204],[-71.549,44.61228],[-71.54918,44.61227],[-71.54923,44.61205],[-71.54814,44.6108],[-71.54724,44.60897],[-71.54749,44.60876],[-71.54905,44.60874],[-71.55026,44.60926],[-71.55058,44.6096],[-71.55152,44.61174],[-71.55165,44.61174],[-71.55154,44.61116],[-71.55203,44.61102],[-71.55169,44.61038],[-71.55106,44.60992],[-71.55136,44.60985],[-71.55168,44.61],[-71.5521,44.60984],[-71.5518,44.60906],[-71.55157,44.60884],[-71.55086,44.6086],[-71.55053,44.60784],[-71.55097,44.60697],[-71.55263,44.60649],[-71.55255,44.60833],[-71.55269,44.60919],[-71.55396,44.61178],[-71.55345,44.61188],[-71.55343,44.61177],[-71.54733,44.61265],[-71.54552,44.61248]]]]},"properties":{"id":"p-029-003","name":"Frizzell","status":"unknown","acres":201.2,"score":36}},{"type":"Feature","id":131,"geometry":{"type":"Polygon","coordinates":[[[-71.52964,44.50526],[-71.53555,44.50293],[-71.53681,44.5043],[-71.53982,44.50326],[-71.5396,44.50294],[-71.53928,44.50136],[-71.54102,44.50086],[-71.53996,44.49612],[-71.54065,44.49584],[-71.54193,44.49579],[-71.54204,44.49583],[-71.54317,44.50031],[-71.54184,44.50063],[-71.548,44.50741],[-71.53574,44.51224],[-71.52964,44.50526]]]},"properties":{"id":"p-029-004","name":"Lancaster Town Forest","status":"unknown","acres":258.8,"score":43}},{"type":"Feature","id":132,"geometry":{"type":"Polygon","coordinates":[[[-71.53897,44.51533],[-71.53954,44.51939],[-71.53509,44.52123],[-71.53243,44.51808],[-71.53897,44.51533]]]},"properties":{"id":"p-029-005","name":"Town of Lancaster Land","status":"unknown","acres":51.3,"score":41}},{"type":"Feature","id":133,"geometry":{"type":"MultiPolygon","coordinates":[[[[-71.56249,44.51996],[-71.56404,44.52252],[-71.56484,44.52354],[-71.56889,44.52704],[-71.56726,44.52802],[-71.56027,44.52516],[-71.55874,44.52029],[-71.56249,44.51996]]],[[[-71.57411,44.5267],[-71.57211,44.52686],[-71.57219,44.52738],[-71.56999,44.52755],[-71.56943,44.52708],[-71.57256,44.52543],[-71.57439,44.52529],[-71.57411,44.5267]]]]},"properties":{"id":"p-029-007","name":"North Region Headquarters","status":"verified","acres":91.3,"score":42}},{"type":"Feature","id":134,"geometry":{"type":"Polygon","coordinates":[[[-71.54726,44.61262],[-71.5486,44.61274],[-71.54938,44.61327],[-71.54953,44.61369],[-71.54945,44.61411],[-71.54915,44.61447],[-71.54867,44.61473],[-71.54802,44.61484],[-71.54695,44.61475],[-71.54639,44.61453],[-71.54601,44.61417],[-71.54586,44.61366],[-71.54607,44.61315],[-71.54658,44.61277],[-71.54726,44.61262]]]},"properties":{"id":"p-029-008","name":"Groveton Water System Easement","status":"unknown","acres":14.4,"score":32}},{"type":"Feature","id":135,"geometry":{"type":"Polygon","coordinates":[[[-71.53106,44.59076],[-71.53018,44.59085],[-71.52918,44.59039],[-71.52894,44.59009],[-71.52915,44.58946],[-71.52901,44.589],[-71.52844,44.5888],[-71.52817,44.58811],[-71.5278,44.58791],[-71.52727,44.58783],[-71.52663,44.58711],[-71.52685,44.58637],[-71.52681,44.58618],[-71.52658,44.58623],[-71.52657,44.58604],[-71.52668,44.58562],[-71.52796,44.58536],[-71.52852,44.58559],[-71.52983,44.58534],[-71.53007,44.58489],[-71.53156,44.58407],[-71.53171,44.58423],[-71.53091,44.5846],[-71.5317,44.58486],[-71.53217,44.58535],[-71.53294,44.58536],[-71.53368,44.58601],[-71.53469,44.58626],[-71.53405,44.58711],[-71.53391,44.58815],[-71.53471,44.58961],[-71.53543,44.59017],[-71.53528,44.59061],[-71.53488,44.5908],[-71.53438,44.59081],[-71.53324,44.59055],[-71.53271,44.5901],[-71.53264,44.58932],[-71.53219,44.58902],[-71.53187,44.58903],[-71.53133,44.58928],[-71.53113,44.58983],[-71.53129,44.59024],[-71.53172,44.59045],[-71.53203,44.59083],[-71.53207,44.59171],[-71.53177,44.59155],[-71.53178,44.59126],[-71.53155,44.59098],[-71.53106,44.59076]]]},"properties":{"id":"p-029-009","name":"Maidstone Bends - Potter Farm","status":"unknown","acres":73.5,"score":43}},{"type":"Feature","id":136,"geometry":{"type":"Polygon","coordinates":[[[-71.52588,44.59185],[-71.52391,44.59287],[-71.52513,44.59215],[-71.52549,44.59161],[-71.52605,44.59129],[-71.5264,44.59064],[-71.52678,44.59062],[-71.52744,44.59081],[-71.52797,44.59061],[-71.52826,44.59018],[-71.5281,44.58934],[-71.52827,44.58913],[-71.52884,44.58915],[-71.52892,44.58947],[-71.52875,44.59004],[-71.52913,44.59058],[-71.53001,44.59095],[-71.53131,44.59107],[-71.53145,44.59117],[-71.53158,44.5919],[-71.53202,44.59203],[-71.53246,44.59183],[-71.5325,44.59156],[-71.53227,44.59059],[-71.53154,44.59005],[-71.53152,44.58967],[-71.53195,44.58925],[-71.53238,44.58928],[-71.53254,44.59019],[-71.53286,44.5905],[-71.53411,44.59089],[-71.53492,44.59096],[-71.53542,44.5908],[-71.53578,44.59038],[-71.53569,44.58998],[-71.53492,44.58936],[-71.53502,44.58863],[-71.53556,44.58853],[-71.53717,44.58774],[-71.53769,44.58762],[-71.53848,44.58772],[-71.53937,44.58835],[-71.53954,44.589],[-71.53947,44.58953],[-71.53916,44.58994],[-71.53811,44.59055],[-71.53746,44.59112],[-71.53713,44.59168],[-71.53688,44.59311],[-71.52764,44.59413],[-71.52588,44.59185]]]},"properties":{"id":"p-029-010","name":"Maidstone Bends - Andritz","status":"unknown","acres":92.6,"score":32}},{"type":"Feature","id":137,"geometry":{"type":"Polygon","coordinates":[[[-71.5415,44.57598],[-71.54165,44.57608],[-71.53825,44.57837],[-71.53736,44.57841],[-71.5415,44.57598]]]},"properties":{"id":"p-029-011","name":"Eames State Park","status":"verified","acres":2.9,"score":16}},{"type":"Feature","id":138,"geometry":{"type":"Polygon","coordinates":[[[-71.52082,44.57531],[-71.53126,44.56448],[-71.53668,44.56784],[-71.53301,44.57097],[-71.54028,44.5753],[-71.5381,44.57656],[-71.53784,44.5764],[-71.53513,44.5778],[-71.53648,44.57858],[-71.53633,44.57867],[-71.53498,44.57789],[-71.53337,44.57881],[-71.52781,44.57575],[-71.52553,44.57778],[-71.52082,44.57531]]]},"properties":{"id":"p-029-012","name":"Maidstone Bends","status":"unknown","acres":288.7,"score":62}},{"type":"Feature","id":139,"geometry":{"type":"Polygon","coordinates":[[[-71.57896,44.51752],[-71.57918,44.51827],[-71.5791,44.51858],[-71.57797,44.51882],[-71.57712,44.51944],[-71.57682,44.51984],[-71.57578,44.52042],[-71.57529,44.52062],[-71.57422,44.52077],[-71.57338,44.52055],[-71.5731,44.52069],[-71.57203,44.51981],[-71.57118,44.51896],[-71.57016,44.51727],[-71.57895,44.51639],[-71.57896,44.51752]]]},"properties":{"id":"p-029-013","name":"Lewis Tract","status":"unknown","acres":56.1,"score":33}},{"type":"Feature","id":140,"geometry":{"type":"MultiPolygon","coordinates":[[[[-71.51607,44.59685],[-71.51654,44.59678],[-71.51664,44.59659],[-71.51695,44.59656],[-71.51667,44.59634],[-71.51716,44.59631],[-71.51697,44.59526],[-71.5166,44.59517],[-71.51653,44.59472],[-71.52342,44.594],[-71.52347,44.59336],[-71.52391,44.59287],[-71.52588,44.59185],[-71.52768,44.59418],[-71.52984,44.59396],[-71.53018,44.59425],[-71.53033,44.59483],[-71.53023,44.59533],[-71.53031,44.59554],[-71.53061,44.59551],[-71.53076,44.59566],[-71.53081,44.59589],[-71.53063,44.5962],[-71.53072,44.59668],[-71.53103,44.59692],[-71.53078,44.59735],[-71.53038,44.59766],[-71.53022,44.59838],[-71.52894,44.59893],[-71.52933,44.60053],[-71.51952,44.60157],[-71.51935,44.60168],[-71.51964,44.60136],[-71.51885,44.60081],[-71.51873,44.60091],[-71.5184,44.60072],[-71.51827,44.60049],[-71.51911,44.59972],[-71.51921,44.59931],[-71.51906,44.59923],[-71.51931,44.59902],[-71.51865,44.59863],[-71.51895,44.59861],[-71.51889,44.59717],[-71.5165,44.59747],[-71.51636,44.59696],[-71.51611,44.597],[-71.51607,44.59685]]],[[[-71.52967,44.60442],[-71.52926,44.60251],[-71.54073,44.60117],[-71.54136,44.6026],[-71.53774,44.60302],[-71.53659,44.60335],[-71.53458,44.60423],[-71.53158,44.60453],[-71.53003,44.60484],[-71.52995,44.60439],[-71.52967,44.60442]]]]},"properties":{"id":"p-029-014","name":"Connecticut River Wetlands","status":"unknown","acres":242.8,"score":59}},{"type":"Feature","id":141,"geometry":{"type":"Polygon","coordinates":[[[-71.52347,44.58762],[-71.52369,44.58794],[-71.52353,44.58851],[-71.52032,44.58867],[-71.52281,44.5869],[-71.52315,44.58699],[-71.5227,44.58707],[-71.52262,44.58725],[-71.52311,44.58721],[-71.52374,44.58737],[-71.5239,44.58755],[-71.52379,44.58785],[-71.52347,44.58762]]]},"properties":{"id":"p-029-015","name":"Maidstone Bends Preserve","status":"unknown","acres":7.1,"score":22}},{"type":"Feature","id":142,"geometry":{"type":"Polygon","coordinates":[[[-71.39747,44.62179],[-71.39862,44.62136],[-71.39929,44.62095],[-71.40025,44.62009],[-71.40078,44.6194],[-71.40185,44.62008],[-71.40453,44.62034],[-71.4061,44.62575],[-71.40298,44.62643],[-71.3967,44.62189],[-71.39747,44.62179]]]},"properties":{"id":"p-030-001","name":"Percy State Forest","status":"verified","acres":77.4,"score":56}},{"type":"Feature","id":143,"geometry":{"type":"Polygon","coordinates":[[[-71.41232,44.61307],[-71.40999,44.60866],[-71.41507,44.60733],[-71.41655,44.61003],[-71.42208,44.60841],[-71.41982,44.60431],[-71.42281,44.60301],[-71.42309,44.60479],[-71.42361,44.60606],[-71.42394,44.60755],[-71.42496,44.60743],[-71.42691,44.61193],[-71.42919,44.61494],[-71.42767,44.61533],[-71.4262,44.61288],[-71.4252,44.61273],[-71.4248,44.61222],[-71.42426,44.61224],[-71.42391,44.61371],[-71.42395,44.61509],[-71.42398,44.61537],[-71.42454,44.61607],[-71.41671,44.61819],[-71.41147,44.61658],[-71.41333,44.61465],[-71.41232,44.61307]]]},"properties":{"id":"p-030-002","name":"Devils Slide State Forest","status":"verified","acres":291.1,"score":58}},{"type":"Feature","id":144,"geometry":{"type":"Polygon","coordinates":[[[-71.48004,44.61639],[-71.48062,44.6175],[-71.48046,44.61796],[-71.47989,44.61841],[-71.47872,44.61881],[-71.47814,44.61928],[-71.4772,44.61864],[-71.48004,44.61639]]]},"properties":{"id":"p-030-003","name":"Ammonoosuc State Forest","status":"verified","acres":9.4,"score":37}},{"type":"Feature","id":145,"geometry":{"type":"Polygon","coordinates":[[[-71.43642,44.52763],[-71.43681,44.53269],[-71.4286,44.53284],[-71.42844,44.52786],[-71.43642,44.52763]]]},"properties":{"id":"p-030-004","name":"Sloat","status":"unknown","acres":88.5,"score":62}},{"type":"Feature","id":146,"geometry":{"type":"Polygon","coordinates":[[[-71.47946,44.57076],[-71.47135,44.57075],[-71.47122,44.5628],[-71.4792,44.56285],[-71.47937,44.56637],[-71.4791,44.56082],[-71.49462,44.56613],[-71.49298,44.56831],[-71.4916,44.57066],[-71.48072,44.58073],[-71.47964,44.58013],[-71.47946,44.57076]]]},"properties":{"id":"p-030-005","name":"Northumberland Watershed Forest","status":"unknown","acres":508.0,"score":61}},{"type":"Feature","id":147,"geometry":{"type":"Polygon","coordinates":[[[-71.36966,44.58481],[-71.37719,44.58427],[-71.38554,44.58412],[-71.38612,44.59161],[-71.36968,44.59247],[-71.36966,44.58481]]]},"properties":{"id":"p-030-007","name":"Steady Easement","status":"unknown","acres":272.3,"score":62}},{"type":"Feature","id":148,"geometry":{"type":"MultiPolygon","coordinates":[[[[-71.41184,44.60155],[-71.41161,44.60101],[-71.41447,44.60049],[-71.41581,44.60012],[-71.41645,44.59981],[-71.41738,44.60058],[-71.41915,44.60073],[-71.41838,44.60167],[-71.42208,44.60841],[-71.41655,44.61003],[-71.41422,44.60554],[-71.41056,44.60177],[-71.41184,44.60155]]],[[[-71.40836,44.60334],[-71.40855,44.60231],[-71.41126,44.60435],[-71.40946,44.60652],[-71.40951,44.60733],[-71.41016,44.60862],[-71.40999,44.60866],[-71.41232,44.61307],[-71.41333,44.61465],[-71.41147,44.61658],[-71.41671,44.61819],[-71.42496,44.616],[-71.42651,44.61742],[-71.42768,44.61718],[-71.43009,44.61845],[-71.42932,44.61894],[-71.43006,44.61998],[-71.43148,44.62065],[-71.42937,44.62244],[-71.42963,44.62271],[-71.42979,44.62394],[-71.43012,44.62417],[-71.4307,44.62398],[-71.43118,44.6236],[-71.43101,44.62345],[-71.4314,44.62317],[-71.43393,44.62401],[-71.43334,44.62408],[-71.43227,44.62609],[-71.4341,44.63259],[-71.43135,44.63292],[-71.43121,44.63233],[-71.42533,44.6325],[-71.42321,44.6253],[-71.40651,44.62728],[-71.40388,44.62708],[-71.39043,44.62515],[-71.39036,44.6248],[-71.39397,44.62399],[-71.39299,44.62253],[-71.39318,44.62245],[-71.3934,44.62277],[-71.39397,44.62258],[-71.39375,44.62225],[-71.3967,44.62189],[-71.40298,44.62643],[-71.4061,44.62575],[-71.40453,44.62034],[-71.40185,44.62008],[-71.40028,44.61904],[-71.40071,44.61852],[-71.40082,44.61773],[-71.40155,44.61663],[-71.40159,44.6163],[-71.40089,44.61389],[-71.40375,44.61368],[-71.40448,44.61389],[-71.40497,44.6121],[-71.40054,44.61347],[-71.40009,44.61315],[-71.40012,44.61247],[-71.40192,44.60895],[-71.40337,44.60767],[-71.40414,44.60817],[-71.40508,44.60712],[-71.40672,44.60566],[-71.4067,44.60516],[-71.40727,44.60516],[-71.40728,44.60413],[-71.40673,44.60401],[-71.40793,44.60365],[-71.40836,44.60334]]],[[[-71.39401,44.62102],[-71.3949,44.61987],[-71.39529,44.61963],[-71.39595,44.61964],[-71.39609,44.61978],[-71.39605,44.62022],[-71.39548,44.62128],[-71.39622,44.62156],[-71.39383,44.62182],[-71.39329,44.62152],[-71.3934,44.62114],[-71.39294,44.62073],[-71.39298,44.62058],[-71.39341,44.6209],[-71.39401,44.62102]]],[[[-71.37404,44.62535],[-71.37627,44.62438],[-71.37665,44.62438],[-71.37682,44.62457],[-71.37659,44.62507],[-71.37657,44.62567],[-71.37696,44.62604],[-71.37747,44.62623],[-71.378,44.62621],[-71.378,44.62639],[-71.37364,44.62727],[-71.37432,44.62703],[-71.37456,44.62664],[-71.3739,44.62576],[-71.37404,44.62535]]],[[[-71.39376,44.63196],[-71.40868,44.63571],[-71.40967,44.63914],[-71.36938,44.63954],[-71.36922,44.63294],[-71.37175,44.63296],[-71.37179,44.62783],[-71.37354,44.6276],[-71.38271,44.62585],[-71.38798,44.62442],[-71.38808,44.63193],[-71.39376,44.63196]]]]},"properties":{"id":"p-030-008","name":"Kauffmann Forest","status":"unknown","acres":1889.2,"score":52}},{"type":"Feature","id":149,"geometry":{"type":"MultiPolygon","coordinates":[[[[-71.41859,44.5992],[-71.42123,44.59931],[-71.42248,44.59913],[-71.42306,44.59892],[-71.4242,44.59886],[-71.42538,44.59908],[-71.42738,44.59882],[-71.42761,44.59903],[-71.42698,44.59942],[-71.42675,44.59983],[-71.42505,44.59957],[-71.422,44.5994],[-71.42029,44.59941],[-71.41796,44.59974],[-71.41673,44.60005],[-71.41645,44.59981],[-71.41735,44.5994],[-71.41859,44.5992]]],[[[-71.41704,44.6003],[-71.42043,44.59972],[-71.42325,44.59968],[-71.42508,44.59985],[-71.42673,44.60017],[-71.42663,44.60149],[-71.42704,44.60231],[-71.42721,44.60344],[-71.42742,44.60382],[-71.42733,44.60447],[-71.42703,44.6046],[-71.42677,44.60457],[-71.42655,44.60439],[-71.42649,44.60406],[-71.42594,44.60391],[-71.42512,44.604],[-71.42474,44.60434],[-71.42473,44.60457],[-71.42416,44.60461],[-71.42405,44.60334],[-71.42364,44.60241],[-71.41976,44.60421],[-71.41838,44.60167],[-71.41915,44.60073],[-71.41738,44.60058],[-71.41704,44.6003]]]]},"properties":{"id":"p-030-009","name":"Kauffmann","status":"prohibited","acres":80.7,"score":36}},{"type":"Feature","id":150,"geometry":{"type":"Polygon","coordinates":[[[-71.46433,44.50852],[-71.46748,44.50742],[-71.46582,44.50767],[-71.46527,44.50705],[-71.46535,44.50483],[-71.46612,44.50362],[-71.467,44.50173],[-71.47446,44.49891],[-71.47765,44.50269],[-71.47585,44.50427],[-71.47585,44.50879],[-71.46456,44.50953],[-71.46433,44.50852]]]},"properties":{"id":"p-030-010","name":"Thayer, H. Redmond Revocable Trust","status":"unknown","acres":202.0,"score":60}},{"type":"Feature","id":151,"geometry":{"type":"MultiPolygon","coordinates":[[[[-71.45529,44.57367],[-71.46342,44.57352],[-71.46393,44.5814],[-71.44783,44.58192],[-71.44735,44.57655],[-71.45535,44.57643],[-71.45529,44.57367]]],[[[-71.47189,44.58112],[-71.47237,44.58888],[-71.47974,44.58874],[-71.47977,44.58928],[-71.48047,44.58955],[-71.48057,44.59009],[-71.48104,44.59028],[-71.48155,44.59028],[-71.48175,44.5906],[-71.48228,44.59078],[-71.48251,44.59103],[-71.48313,44.59049],[-71.48518,44.59171],[-71.4851,44.59192],[-71.48552,44.59188],[-71.48714,44.59218],[-71.48754,44.59202],[-71.48802,44.59205],[-71.48778,44.5923],[-71.48839,44.59263],[-71.4884,44.59276],[-71.4879,44.59314],[-71.48912,44.59372],[-71.4876,44.59387],[-71.48802,44.59831],[-71.48015,44.59835],[-71.48009,44.59635],[-71.47281,44.59648],[-71.47258,44.59226],[-71.46468,44.59251],[-71.46393,44.5814],[-71.47189,44.58112]]]]},"properties":{"id":"p-030-011","name":"Legacy Forest Trust","status":"prohibited","acres":673.8,"score":76}},{"type":"Feature","id":152,"geometry":{"type":"Polygon","coordinates":[[[-71.26524,44.60239],[-71.26444,44.60336],[-71.26556,44.6046],[-71.25477,44.60486],[-71.25583,44.60263],[-71.25621,44.60247],[-71.26524,44.60239]]]},"properties":{"id":"p-031-001","name":"Milan Town Forest","status":"unknown","acres":48.1,"score":37}},{"type":"Feature","id":153,"geometry":{"type":"Polygon","coordinates":[[[-71.2608,44.55981],[-71.25787,44.55631],[-71.25692,44.55487],[-71.25512,44.55126],[-71.2552,44.55045],[-71.2546,44.54935],[-71.25324,44.5479],[-71.25143,44.54672],[-71.25638,44.54654],[-71.25725,44.54717],[-71.25821,44.54823],[-71.25869,44.54914],[-71.26133,44.55497],[-71.26322,44.55776],[-71.26496,44.55989],[-71.2608,44.55981]]]},"properties":{"id":"p-031-002","name":"Copperville Forest","status":"prohibited","acres":125.9,"score":60}},{"type":"Feature","id":154,"geometry":{"type":"MultiPolygon","coordinates":[[[[-71.28217,44.57102],[-71.28227,44.57152],[-71.28189,44.57206],[-71.28204,44.57252],[-71.28276,44.57268],[-71.28333,44.57299],[-71.28408,44.57291],[-71.28475,44.57314],[-71.28505,44.57335],[-71.28549,44.57346],[-71.28589,44.57391],[-71.28664,44.57387],[-71.28707,44.57364],[-71.28655,44.57323],[-71.2869,44.57325],[-71.28671,44.57299],[-71.28635,44.573],[-71.28616,44.57278],[-71.28656,44.57274],[-71.28623,44.57218],[-71.28619,44.57172],[-71.28673,44.57178],[-71.28823,44.57167],[-71.28944,44.57128],[-71.29022,44.57131],[-71.29079,44.57108],[-71.29234,44.57386],[-71.28965,44.57384],[-71.28586,44.58116],[-71.27917,44.57509],[-71.28154,44.57054],[-71.28217,44.57102]]],[[[-71.30382,44.58064],[-71.30395,44.58122],[-71.30476,44.58123],[-71.30508,44.58247],[-71.30597,44.58371],[-71.30516,44.58373],[-71.30398,44.5861],[-71.30049,44.58625],[-71.30068,44.58564],[-71.301,44.58545],[-71.30077,44.5854],[-71.30099,44.58415],[-71.30071,44.58204],[-71.30131,44.58202],[-71.30138,44.58061],[-71.30382,44.58064]]]]},"properties":{"id":"p-031-003","name":"Nay Pond & Upper Ammonoosuc Tracts","status":"prohibited","acres":180.3,"score":54}},{"type":"Feature","id":155,"geometry":{"type":"MultiPolygon","coordinates":[[[[-71.33276,44.60634],[-71.33373,44.60694],[-71.33401,44.60718],[-71.33206,44.60634],[-71.33219,44.60616],[-71.33276,44.60634]]],[[[-71.33746,44.60958],[-71.33662,44.6091],[-71.33654,44.60905],[-71.33746,44.60902],[-71.33746,44.60958]]],[[[-71.3273,44.6072],[-71.32614,44.6068],[-71.32418,44.60664],[-71.32266,44.60701],[-71.32004,44.60827],[-71.32036,44.60732],[-71.3227,44.6052],[-71.32332,44.60483],[-71.32424,44.60457],[-71.32658,44.60442],[-71.32741,44.60496],[-71.32755,44.60517],[-71.32687,44.60574],[-71.3268,44.60597],[-71.32693,44.60613],[-71.32714,44.60616],[-71.32778,44.60593],[-71.32848,44.60516],[-71.32919,44.6055],[-71.3292,44.60605],[-71.32991,44.60632],[-71.32993,44.60652],[-71.32967,44.60666],[-71.32905,44.60636],[-71.3286,44.60643],[-71.32845,44.60742],[-71.32862,44.60779],[-71.32931,44.6078],[-71.32952,44.60755],[-71.32954,44.60722],[-71.32974,44.60712],[-71.33025,44.6072],[-71.3309,44.60767],[-71.33181,44.6066],[-71.33378,44.60747],[-71.33779,44.61012],[-71.33778,44.61076],[-71.33826,44.61095],[-71.33796,44.61136],[-71.33771,44.61235],[-71.33705,44.6132],[-71.33227,44.61074],[-71.3273,44.6072]]]]},"properties":{"id":"p-031-004","name":"Upper Ammonoosuc River WMA","status":"verified","acres":99.1,"score":32}},{"type":"Feature","id":156,"geometry":{"type":"MultiPolygon","coordinates":[[[[-71.2667,44.56451],[-71.26307,44.5621],[-71.2608,44.55981],[-71.2695,44.55998],[-71.26708,44.56478],[-71.26692,44.56465],[-71.26711,44.56448],[-71.26693,44.56437],[-71.2667,44.56451]]],[[[-71.25741,44.55973],[-71.26061,44.5598],[-71.26295,44.56217],[-71.26702,44.56491],[-71.26617,44.56659],[-71.25388,44.56756],[-71.25741,44.55973]]]]},"properties":{"id":"p-031-005","name":"Ammonusuc","status":"unknown","acres":186.7,"score":52}},{"type":"Feature","id":157,"geometry":{"type":"Polygon","coordinates":[[[-71.28552,44.54428],[-71.29616,44.54427],[-71.29345,44.54916],[-71.28284,44.54916],[-71.28552,44.54428]]]},"properties":{"id":"p-031-006","name":"Kilkenny","status":"unknown","acres":113.2,"score":65}},{"type":"Feature","id":158,"geometry":{"type":"Polygon","coordinates":[[[-71.2923,44.569],[-71.29491,44.56394],[-71.29728,44.56392],[-71.29771,44.56479],[-71.30162,44.56494],[-71.30084,44.56474],[-71.30047,44.5645],[-71.30034,44.56398],[-71.30083,44.56399],[-71.30062,44.5643],[-71.30083,44.56451],[-71.30303,44.56482],[-71.30468,44.56485],[-71.30244,44.56881],[-71.2923,44.569]]]},"properties":{"id":"p-031-007","name":"CF 4a Kilkenney","status":"unknown","acres":96.6,"score":58}},{"type":"Feature","id":159,"geometry":{"type":"MultiPolygon","coordinates":[[[[-71.16993,44.53253],[-71.16733,44.53162],[-71.16424,44.52779],[-71.18689,44.52753],[-71.18306,44.53538],[-71.16964,44.53548],[-71.16855,44.53344],[-71.1715,44.53396],[-71.17179,44.53345],[-71.16993,44.53253]]],[[[-71.16123,44.5296],[-71.16016,44.53018],[-71.15932,44.53021],[-71.15677,44.52806],[-71.16301,44.52782],[-71.16327,44.52882],[-71.16292,44.53031],[-71.16123,44.5296]]],[[[-71.15663,44.54197],[-71.15612,44.54156],[-71.15891,44.53601],[-71.14819,44.53593],[-71.15161,44.52814],[-71.15642,44.52806],[-71.15909,44.53028],[-71.16044,44.53217],[-71.16135,44.53432],[-71.16333,44.53783],[-71.16357,44.53884],[-71.16312,44.54305],[-71.16208,44.54501],[-71.16193,44.54553],[-71.162,44.54598],[-71.16095,44.54602],[-71.16042,44.54578],[-71.16011,44.54549],[-71.16061,44.54523],[-71.15814,44.54275],[-71.15714,44.54177],[-71.15663,44.54197]]],[[[-71.30319,44.57051],[-71.30183,44.56956],[-71.30244,44.56881],[-71.30468,44.56485],[-71.30517,44.56551],[-71.30533,44.5661],[-71.30575,44.56674],[-71.30681,44.56732],[-71.30767,44.56812],[-71.30868,44.56941],[-71.30973,44.57034],[-71.30987,44.57091],[-71.30964,44.57111],[-71.30903,44.57115],[-71.30854,44.57237],[-71.30656,44.57261],[-71.30488,44.57338],[-71.30329,44.57047],[-71.30319,44.57051]]]]},"properties":{"id":"p-031-008","name":"CF 5 Gateway","status":"unknown","acres":667.6,"score":47}},{"type":"Feature","id":160,"geometry":{"type":"Polygon","coordinates":[[[-71.22111,44.56774],[-71.2212,44.56673],[-71.22284,44.56665],[-71.22265,44.56807],[-71.22894,44.56787],[-71.22505,44.57556],[-71.22586,44.57748],[-71.22437,44.57714],[-71.22483,44.57598],[-71.22107,44.57509],[-71.22265,44.57173],[-71.21975,44.57109],[-71.22076,44.56896],[-71.22111,44.56774]]]},"properties":{"id":"p-032-001","name":"Milan Hill State Park","status":"verified","acres":102.9,"score":38}},{"type":"Feature","id":161,"geometry":{"type":"Polygon","coordinates":[[[-71.16569,44.60031],[-71.16181,44.60708],[-71.15398,44.60731],[-71.15743,44.60057],[-71.16569,44.60031]]]},"properties":{"id":"p-032-002","name":"Milan Town Forest","status":"unknown","acres":117.0,"score":43}},{"type":"Feature","id":162,"geometry":{"type":"Polygon","coordinates":[[[-71.13427,44.58339],[-71.13089,44.58984],[-71.12327,44.5901],[-71.12668,44.5836],[-71.13427,44.58339]]]},"properties":{"id":"p-032-003","name":"Milan Town Forest","status":"unknown","acres":105.6,"score":65}},{"type":"Feature","id":163,"geometry":{"type":"Polygon","coordinates":[[[-71.17005,44.5566],[-71.16832,44.56305],[-71.15372,44.56359],[-71.15724,44.5568],[-71.17005,44.5566]]]},"properties":{"id":"p-032-004","name":"Milan Town Forest","status":"unknown","acres":195.7,"score":70}},{"type":"Feature","id":164,"geometry":{"type":"Polygon","coordinates":[[[-71.13544,44.5644],[-71.12156,44.56488],[-71.12443,44.55778],[-71.13858,44.55735],[-71.13544,44.5644]]]},"properties":{"id":"p-032-005","name":"Milan Town Forest","status":"unknown","acres":213.6,"score":55}},{"type":"Feature","id":165,"geometry":{"type":"Polygon","coordinates":[[[-71.17118,44.51133],[-71.17188,44.51097],[-71.17099,44.51076],[-71.17036,44.51111],[-71.16378,44.50922],[-71.16467,44.50737],[-71.16446,44.50695],[-71.16352,44.50614],[-71.16298,44.50612],[-71.16187,44.50643],[-71.16219,44.50586],[-71.16235,44.5058],[-71.16272,44.5059],[-71.16265,44.50457],[-71.16065,44.50457],[-71.16068,44.50433],[-71.15983,44.50437],[-71.1599,44.50313],[-71.1602,44.50199],[-71.17156,44.50174],[-71.17147,44.5019],[-71.17277,44.50195],[-71.17239,44.5023],[-71.17336,44.50309],[-71.17233,44.50526],[-71.18112,44.50501],[-71.17965,44.50806],[-71.18103,44.50802],[-71.18028,44.50964],[-71.179,44.50967],[-71.1776,44.51298],[-71.17441,44.51307],[-71.17329,44.51259],[-71.17185,44.51157],[-71.17118,44.51133]]]},"properties":{"id":"p-032-006","name":"Twitchell Environmental Study Area","status":"unknown","acres":308.6,"score":50}},{"type":"Feature","id":166,"geometry":{"type":"Polygon","coordinates":[[[-71.16733,44.53162],[-71.16993,44.53253],[-71.17179,44.53345],[-71.1715,44.53396],[-71.16855,44.53344],[-71.16733,44.53162]]]},"properties":{"id":"p-032-007","name":"Nansen Ski Jump","status":"verified","acres":9.0,"score":19}},{"type":"Feature","id":167,"geometry":{"type":"Polygon","coordinates":[[[-71.16447,44.52853],[-71.16601,44.53061],[-71.16334,44.53163],[-71.16364,44.53061],[-71.16449,44.52921],[-71.16447,44.52853]]]},"properties":{"id":"p-032-008","name":"Nansen Wayside Area","status":"unknown","acres":7.4,"score":23}},{"type":"Feature","id":168,"geometry":{"type":"Polygon","coordinates":[[[-71.15584,44.50292],[-71.15579,44.50376],[-71.15668,44.50462],[-71.15734,44.50573],[-71.15723,44.50597],[-71.15749,44.50609],[-71.15694,44.50727],[-71.15676,44.50827],[-71.15413,44.50737],[-71.15482,44.50498],[-71.15557,44.5034],[-71.15556,44.50292],[-71.15584,44.50292]]]},"properties":{"id":"p-032-009","name":"Berlin Water Works Land","status":"unknown","acres":21.1,"score":26}},{"type":"Feature","id":169,"geometry":{"type":"Polygon","coordinates":[[[-71.21985,44.61048],[-71.2239,44.61266],[-71.22485,44.61284],[-71.22597,44.61275],[-71.22609,44.61304],[-71.22517,44.61343],[-71.22439,44.61425],[-71.22377,44.61467],[-71.22247,44.61505],[-71.22123,44.61498],[-71.22009,44.61545],[-71.21942,44.61534],[-71.21863,44.6148],[-71.21768,44.61354],[-71.21694,44.61307],[-71.2154,44.61174],[-71.21953,44.61084],[-71.21985,44.61048]]]},"properties":{"id":"p-032-010","name":"Bofinger Conservation Area and BAA","status":"verified","acres":58.8,"score":42}},{"type":"Feature","id":170,"geometry":{"type":"Polygon","coordinates":[[[-71.14944,44.51536],[-71.14954,44.51605],[-71.14875,44.516],[-71.14764,44.51628],[-71.14743,44.51651],[-71.14738,44.51707],[-71.14679,44.51736],[-71.14609,44.5175],[-71.14544,44.51747],[-71.1437,44.51705],[-71.14348,44.51691],[-71.14312,44.51618],[-71.14944,44.51536]]]},"properties":{"id":"p-032-011","name":"Berlin98-0615","status":"unknown","acres":15.3,"score":40}},{"type":"Feature","id":171,"geometry":{"type":"Polygon","coordinates":[[[-71.12883,44.50825],[-71.14111,44.51217],[-71.14348,44.51691],[-71.1437,44.51705],[-71.14569,44.51751],[-71.14679,44.51736],[-71.14738,44.51707],[-71.14756,44.51633],[-71.14897,44.51598],[-71.14943,44.51604],[-71.14946,44.51683],[-71.14769,44.51762],[-71.14589,44.51807],[-71.14205,44.51802],[-71.13897,44.51672],[-71.13176,44.51064],[-71.12337,44.52888],[-71.125,44.50836],[-71.12883,44.50825]]]},"properties":{"id":"p-032-012","name":"Horne Brook WMA","status":"verified","acres":275.3,"score":49}},{"type":"Feature","id":172,"geometry":{"type":"Polygon","coordinates":[[[-71.23731,44.50801],[-71.23844,44.50983],[-71.23929,44.5109],[-71.23912,44.51098],[-71.23806,44.5103],[-71.23711,44.50921],[-71.23639,44.50888],[-71.23584,44.5092],[-71.23646,44.50955],[-71.23629,44.51051],[-71.23528,44.51082],[-71.23609,44.51169],[-71.24008,44.51303],[-71.23933,44.51457],[-71.23528,44.51311],[-71.23418,44.50979],[-71.23731,44.50801]]]},"properties":{"id":"p-032-013","name":"Androscoggin Valley Reg. Refuse Disp. Dist","status":"unknown","acres":31.4,"score":39}},{"type":"Feature","id":173,"geometry":{"type":"MultiPolygon","coordinates":[[[[-71.1744,44.55643],[-71.17482,44.55754],[-71.17261,44.55811],[-71.17167,44.55642],[-71.1744,44.55643]]],[[[-71.14529,44.54416],[-71.14296,44.5495],[-71.12771,44.55002],[-71.12451,44.55778],[-71.11047,44.55838],[-71.11643,44.54519],[-71.11855,44.54519],[-71.14529,44.54416]]],[[[-71.14419,44.56403],[-71.13975,44.57325],[-71.13873,44.57321],[-71.13892,44.57279],[-71.1377,44.57194],[-71.13148,44.57216],[-71.12921,44.57694],[-71.12688,44.56472],[-71.14419,44.56403]]],[[[-71.12921,44.57694],[-71.1374,44.57662],[-71.13427,44.58339],[-71.12609,44.58361],[-71.12921,44.57694]]]]},"properties":{"id":"p-032-014","name":"Milan Town Forest","status":"unknown","acres":952.0,"score":58}},{"type":"Feature","id":174,"geometry":{"type":"MultiPolygon","coordinates":[[[[-71.23193,44.57528],[-71.2359,44.56761],[-71.25403,44.56727],[-71.25039,44.57477],[-71.23544,44.57518],[-71.23426,44.5744],[-71.23317,44.57525],[-71.23193,44.57528]]],[[[-71.25107,44.58213],[-71.25486,44.57461],[-71.26231,44.57428],[-71.25862,44.58161],[-71.25585,44.58152],[-71.25136,44.5822],[-71.25107,44.58213]]]]},"properties":{"id":"p-032-015","name":"NRCS ACEP-WRE 24","status":"unknown","acres":413.2,"score":52}},{"type":"Feature","id":175,"geometry":{"type":"MultiPolygon","coordinates":[[[[-71.13841,44.59165],[-71.14893,44.59115],[-71.14671,44.5957],[-71.14558,44.59648],[-71.14224,44.59822],[-71.14094,44.59852],[-71.1399,44.59867],[-71.13733,44.59793],[-71.13689,44.59859],[-71.13734,44.59876],[-71.13727,44.59901],[-71.1369,44.59921],[-71.1366,44.59914],[-71.13627,44.59939],[-71.13693,44.59965],[-71.13733,44.6002],[-71.13895,44.60135],[-71.13374,44.6016],[-71.13841,44.59165]]],[[[-71.13993,44.5988],[-71.14171,44.59852],[-71.14241,44.5983],[-71.14589,44.59648],[-71.14662,44.59588],[-71.14407,44.60111],[-71.13915,44.60134],[-71.13993,44.5988]]],[[[-71.15398,44.60731],[-71.14094,44.60765],[-71.14407,44.60111],[-71.15188,44.6009],[-71.15743,44.60057],[-71.15398,44.60731]]]]},"properties":{"id":"p-032-016","name":"NRCS ACEP-WRE 3","status":"unknown","acres":390.3,"score":43}},{"type":"Feature","id":176,"geometry":{"type":"Polygon","coordinates":[[[-71.114,44.55058],[-71.11047,44.55838],[-71.1084,44.56247],[-71.09828,44.58486],[-71.08552,44.60876],[-71.02862,44.61052],[-71.02681,44.56806],[-71.02634,44.55307],[-71.114,44.55058]],[[-71.04209,44.5648],[-71.0402,44.56301],[-71.03949,44.56281],[-71.03684,44.56307],[-71.03597,44.56395],[-71.03614,44.56439],[-71.03573,44.56492],[-71.03533,44.56532],[-71.03488,44.56512],[-71.03482,44.56527],[-71.03501,44.56629],[-71.03469,44.56661],[-71.03525,44.56757],[-71.035,44.56838],[-71.03519,44.57005],[-71.0361,44.57354],[-71.0365,44.57425],[-71.03833,44.57696],[-71.04088,44.5801],[-71.04463,44.5804],[-71.0479,44.57976],[-71.04992,44.57852],[-71.04973,44.57715],[-71.05148,44.57549],[-71.05076,44.57434],[-71.05017,44.574],[-71.04775,44.57178],[-71.04637,44.57031],[-71.04547,44.56901],[-71.04567,44.5686],[-71.04531,44.56816],[-71.04517,44.56712],[-71.0446,44.56645],[-71.0427,44.56549],[-71.04199,44.56483],[-71.04209,44.5648]]]},"properties":{"id":"p-033-001","name":"Mahoosuc Gateway - Success Pond","status":"unknown","acres":8733.8,"score":71}},{"type":"Feature","id":177,"geometry":{"type":"Polygon","coordinates":[[[-71.02382,44.51711],[-71.02367,44.5097],[-71.0256,44.51108],[-71.02954,44.51472],[-71.03635,44.51566],[-71.0371,44.51341],[-71.0376,44.51272],[-71.04003,44.51173],[-71.04504,44.51027],[-71.03862,44.50843],[-71.03579,44.50653],[-71.0356,44.50593],[-71.0446,44.50595],[-71.04389,44.49788],[-71.06183,44.49754],[-71.06231,44.4885],[-71.07513,44.48651],[-71.07532,44.48537],[-71.07647,44.48441],[-71.07745,44.48395],[-71.07412,44.48257],[-71.06375,44.48529],[-71.0638,44.48246],[-71.09179,44.46555],[-71.10641,44.46506],[-71.10302,44.47963],[-71.10891,44.48389],[-71.10949,44.48445],[-71.13089,44.47257],[-71.13158,44.47366],[-71.1323,44.47417],[-71.13327,44.47442],[-71.13472,44.47454],[-71.13546,44.47488],[-71.13617,44.47567],[-71.13684,44.47677],[-71.13746,44.47725],[-71.13835,44.47826],[-71.14065,44.48008],[-71.14225,44.48074],[-71.14348,44.48156],[-71.14455,44.48187],[-71.14505,44.48184],[-71.14587,44.48157],[-71.14653,44.48122],[-71.13237,44.50938],[-71.12883,44.50825],[-71.125,44.50836],[-71.12337,44.52888],[-71.1175,44.54309],[-71.114,44.55058],[-71.02634,44.55307],[-71.02382,44.51711]]]},"properties":{"id":"p-033-002","name":"Mahoosuc Gateway - Success","status":"unknown","acres":14996.6,"score":58}},{"type":"Feature","id":178,"geometry":{"type":"Polygon","coordinates":[[[-71.65891,44.37898],[-71.65695,44.37894],[-71.65533,44.37744],[-71.65357,44.37809],[-71.65445,44.3792],[-71.65398,44.37949],[-71.65321,44.38052],[-71.6524,44.38114],[-71.6472,44.37582],[-71.65357,44.37144],[-71.66001,44.37844],[-71.66009,44.37853],[-71.65994,44.37859],[-71.66656,44.38611],[-71.66078,44.39004],[-71.65403,44.38284],[-71.65544,44.38238],[-71.66016,44.38028],[-71.65891,44.37898]]]},"properties":{"id":"p-035-001","name":"Greason","status":"unknown","acres":265.5,"score":47}},{"type":"Feature","id":179,"geometry":{"type":"Polygon","coordinates":[[[-71.64378,44.38908],[-71.64744,44.38658],[-71.64609,44.3853],[-71.64881,44.38506],[-71.64857,44.38323],[-71.64891,44.38315],[-71.65009,44.38434],[-71.65001,44.38472],[-71.65038,44.38554],[-71.65399,44.38508],[-71.65276,44.38281],[-71.6522,44.38312],[-71.65069,44.38227],[-71.6524,44.38114],[-71.66078,44.39004],[-71.65789,44.39212],[-71.6551,44.38981],[-71.65489,44.38991],[-71.65732,44.39253],[-71.65025,44.39647],[-71.64589,44.39133],[-71.64378,44.38908]]]},"properties":{"id":"p-035-002","name":"Bradley","status":"unknown","acres":269.8,"score":37}},{"type":"Feature","id":180,"geometry":{"type":"MultiPolygon","coordinates":[[[[-71.72439,44.40128],[-71.72147,44.4009],[-71.71956,44.40039],[-71.72185,44.39886],[-71.72231,44.3991],[-71.72248,44.39943],[-71.72377,44.4007],[-71.72421,44.39999],[-71.72474,44.3999],[-71.72575,44.40059],[-71.72649,44.40058],[-71.72678,44.40068],[-71.72707,44.4009],[-71.72767,44.40193],[-71.72803,44.40216],[-71.72942,44.40227],[-71.73027,44.40256],[-71.73096,44.40265],[-71.72922,44.40369],[-71.7257,44.40179],[-71.72582,44.40152],[-71.72476,44.40109],[-71.72439,44.40128]]],[[[-71.7281,44.40941],[-71.73084,44.40929],[-71.73245,44.40876],[-71.73384,44.40857],[-71.73464,44.40858],[-71.73499,44.40917],[-71.73674,44.4089],[-71.73597,44.40938],[-71.73532,44.40959],[-71.73424,44.40951],[-71.73313,44.40963],[-71.73085,44.41029],[-71.73044,44.41022],[-71.72908,44.41034],[-71.7281,44.40941]]]]},"properties":{"id":"p-035-003","name":"Smith Farm","status":"prohibited","acres":43.4,"score":22}},{"type":"Feature","id":181,"geometry":{"type":"Polygon","coordinates":[[[-71.64338,44.39043],[-71.64354,44.39074],[-71.64251,44.39065],[-71.64296,44.39009],[-71.64249,44.3898],[-71.6414,44.39023],[-71.64075,44.39017],[-71.64095,44.38921],[-71.63997,44.38807],[-71.63929,44.38826],[-71.63922,44.38863],[-71.63901,44.38881],[-71.63824,44.38812],[-71.63792,44.38812],[-71.63675,44.38874],[-71.63529,44.38817],[-71.63513,44.38804],[-71.63725,44.38665],[-71.63725,44.38625],[-71.63713,44.38613],[-71.63637,44.38615],[-71.63614,44.38599],[-71.63578,44.38603],[-71.63352,44.38517],[-71.63451,44.38481],[-71.63528,44.38468],[-71.63794,44.38468],[-71.63913,44.38454],[-71.64169,44.38718],[-71.64378,44.38908],[-71.64338,44.39043]]]},"properties":{"id":"p-035-004","name":"Dana Easement","status":"unknown","acres":55.5,"score":43}},{"type":"Feature","id":182,"geometry":{"type":"Polygon","coordinates":[[[-71.62723,44.39299],[-71.62671,44.38912],[-71.62688,44.38908],[-71.62667,44.38819],[-71.6264,44.38787],[-71.62628,44.38739],[-71.62809,44.38638],[-71.63048,44.38855],[-71.63056,44.38889],[-71.63169,44.39009],[-71.63168,44.39034],[-71.63185,44.39041],[-71.63211,44.39027],[-71.63408,44.39227],[-71.63734,44.39166],[-71.6408,44.39031],[-71.6415,44.39027],[-71.64256,44.39074],[-71.64326,44.39086],[-71.64322,44.39133],[-71.64261,44.39278],[-71.64266,44.39349],[-71.64302,44.39465],[-71.6429,44.39501],[-71.64126,44.39649],[-71.64029,44.39819],[-71.63909,44.39857],[-71.6393,44.39886],[-71.63571,44.40064],[-71.63356,44.40115],[-71.63187,44.40237],[-71.63124,44.40217],[-71.63078,44.40158],[-71.63095,44.40104],[-71.6305,44.39997],[-71.63004,44.39952],[-71.63069,44.39932],[-71.63059,44.39833],[-71.63026,44.39801],[-71.63005,44.39732],[-71.62898,44.39689],[-71.62858,44.39575],[-71.62771,44.39474],[-71.62723,44.39299]]]},"properties":{"id":"p-035-005","name":"Dana Forest","status":"unknown","acres":300.8,"score":37}},{"type":"Feature","id":183,"geometry":{"type":"Polygon","coordinates":[[[-71.69363,44.41508],[-71.69321,44.41556],[-71.69341,44.41578],[-71.69334,44.4159],[-71.69376,44.41615],[-71.69308,44.41664],[-71.69257,44.41622],[-71.69209,44.41654],[-71.69047,44.41512],[-71.69244,44.41386],[-71.69363,44.41508]]]},"properties":{"id":"p-035-006","name":"Dalton School Lot","status":"unknown","acres":10.8,"score":36}},{"type":"Feature","id":184,"geometry":{"type":"MultiPolygon","coordinates":[[[[-71.66988,44.38481],[-71.66964,44.38459],[-71.66826,44.385],[-71.66656,44.38611],[-71.65994,44.37859],[-71.66163,44.3779],[-71.66249,44.37856],[-71.66165,44.37912],[-71.66426,44.38113],[-71.66565,44.38019],[-71.66949,44.38419],[-71.6719,44.3825],[-71.67928,44.38786],[-71.6786,44.38824],[-71.67796,44.38884],[-71.67708,44.39034],[-71.67449,44.39344],[-71.67398,44.39293],[-71.6735,44.39343],[-71.66977,44.38927],[-71.66787,44.38746],[-71.66957,44.38635],[-71.67003,44.38545],[-71.66988,44.38481]]],[[[-71.67617,44.39157],[-71.67738,44.39011],[-71.67787,44.38912],[-71.67865,44.38828],[-71.67978,44.38851],[-71.68076,44.3902],[-71.68357,44.38919],[-71.68355,44.38807],[-71.68218,44.388],[-71.68084,44.38749],[-71.68316,44.38612],[-71.68685,44.38985],[-71.69194,44.39575],[-71.6911,44.39663],[-71.68685,44.39937],[-71.68443,44.3972],[-71.68326,44.39568],[-71.6785,44.39865],[-71.67484,44.39474],[-71.67768,44.39507],[-71.67907,44.39396],[-71.6766,44.39248],[-71.67674,44.39193],[-71.67617,44.39157]]]]},"properties":{"id":"p-035-007","name":"Dannis WRE","status":"prohibited","acres":438.2,"score":62}},{"type":"Feature","id":185,"geometry":{"type":"MultiPolygon","coordinates":[[[[-71.60107,44.46328],[-71.60337,44.46585],[-71.60384,44.46568],[-71.60467,44.46743],[-71.60849,44.47397],[-71.60737,44.47377],[-71.60717,44.47426],[-71.60548,44.47398],[-71.59694,44.46503],[-71.60107,44.46328]]],[[[-71.5974,44.47754],[-71.59811,44.47733],[-71.59889,44.47754],[-71.59917,44.47747],[-71.59967,44.47758],[-71.6001,44.4779],[-71.60063,44.47805],[-71.60133,44.47796],[-71.602,44.47809],[-71.60223,44.47824],[-71.603,44.47796],[-71.60352,44.4783],[-71.60405,44.47846],[-71.605,44.47843],[-71.60615,44.4787],[-71.60533,44.4771],[-71.60196,44.47448],[-71.60338,44.47433],[-71.60345,44.4747],[-71.60426,44.47461],[-71.60441,44.47488],[-71.60561,44.47462],[-71.60549,44.47425],[-71.60661,44.47434],[-71.60805,44.47464],[-71.60824,44.47513],[-71.60854,44.47514],[-71.60873,44.47474],[-71.60918,44.4748],[-71.61177,44.47903],[-71.59939,44.48296],[-71.5974,44.47754]]],[[[-71.6118,44.47917],[-71.61524,44.48498],[-71.61206,44.4837],[-71.61105,44.4835],[-71.60994,44.48348],[-71.60677,44.48377],[-71.60295,44.48458],[-71.59964,44.48512],[-71.59846,44.48579],[-71.5978,44.48371],[-71.6118,44.47917]]]]},"properties":{"id":"p-036-001","name":"Nadeau","status":"unknown","acres":337.9,"score":61}},{"type":"Feature","id":186,"geometry":{"type":"MultiPolygon","coordinates":[[[[-71.53071,44.46886],[-71.53091,44.46937],[-71.52904,44.47013],[-71.52899,44.46951],[-71.52878,44.46907],[-71.53023,44.46845],[-71.53071,44.46886]]],[[[-71.5274,44.4678],[-71.52856,44.46916],[-71.52752,44.46958],[-71.52808,44.47053],[-71.52358,44.47221],[-71.52164,44.47011],[-71.5274,44.4678]]]]},"properties":{"id":"p-036-002","name":"Christie","status":"unknown","acres":38.3,"score":69}},{"type":"Feature","id":187,"geometry":{"type":"MultiPolygon","coordinates":[[[[-71.57965,44.44939],[-71.57963,44.45139],[-71.57982,44.45192],[-71.57862,44.45695],[-71.57744,44.45699],[-71.57861,44.45253],[-71.57876,44.45026],[-71.57965,44.44939]]],[[[-71.56421,44.45898],[-71.56193,44.45713],[-71.56182,44.45576],[-71.5635,44.45516],[-71.5633,44.45386],[-71.56239,44.45235],[-71.56268,44.451],[-71.56731,44.44856],[-71.56882,44.44748],[-71.57191,44.44586],[-71.57254,44.44572],[-71.57334,44.4458],[-71.57412,44.44613],[-71.5747,44.44669],[-71.57549,44.44815],[-71.57798,44.44761],[-71.57833,44.44802],[-71.57843,44.44924],[-71.57823,44.45249],[-71.5775,44.45556],[-71.57623,44.45965],[-71.57534,44.46158],[-71.56973,44.46136],[-71.56781,44.46201],[-71.56584,44.45994],[-71.56421,44.45898]]]]},"properties":{"id":"p-036-003","name":"Weeks State Park","status":"verified","acres":438.5,"score":37}},{"type":"Feature","id":188,"geometry":{"type":"Polygon","coordinates":[[[-71.55842,44.36863],[-71.55861,44.36882],[-71.55918,44.36877],[-71.55996,44.36892],[-71.56122,44.36888],[-71.56141,44.36873],[-71.56177,44.36887],[-71.5615,44.36912],[-71.56062,44.36921],[-71.56001,44.36947],[-71.55916,44.36953],[-71.55904,44.36965],[-71.55842,44.36863]]]},"properties":{"id":"p-036-004-21000-ce","name":"Pondicherry Wildlife Refuge","status":"unknown","acres":3.4,"score":20}},{"type":"Feature","id":189,"geometry":{"type":"MultiPolygon","coordinates":[[[[-71.50488,44.37043],[-71.50771,44.3702],[-71.51444,44.37083],[-71.51547,44.3711],[-71.5162,44.37144],[-71.51887,44.37352],[-71.5196,44.37391],[-71.52041,44.37412],[-71.51531,44.37959],[-71.50767,44.38067],[-71.50488,44.37043]],[[-71.50925,44.37887],[-71.5103,44.37902],[-71.51095,44.3786],[-71.51152,44.37847],[-71.51393,44.37803],[-71.51444,44.37782],[-71.51459,44.37752],[-71.51583,44.37712],[-71.51639,44.37703],[-71.51665,44.37712],[-71.51699,44.37681],[-71.51813,44.37625],[-71.5182,44.37605],[-71.51849,44.37604],[-71.51853,44.37586],[-71.51883,44.37575],[-71.51904,44.37495],[-71.51881,44.37397],[-71.5191,44.37383],[-71.51862,44.3737],[-71.51813,44.37406],[-71.5165,44.37354],[-71.51635,44.37363],[-71.51619,44.37343],[-71.51577,44.37348],[-71.5159,44.37336],[-71.51579,44.37327],[-71.51522,44.37322],[-71.51415,44.37344],[-71.51348,44.37319],[-71.51244,44.37343],[-71.51222,44.37327],[-71.51192,44.37333],[-71.5115,44.37323],[-71.51145,44.3731],[-71.51112,44.37311],[-71.51098,44.37295],[-71.50982,44.37267],[-71.50974,44.37277],[-71.50954,44.37274],[-71.50876,44.37248],[-71.50855,44.3723],[-71.5081,44.37234],[-71.50744,44.37285],[-71.5067,44.37266],[-71.50629,44.37314],[-71.5064,44.37414],[-71.50722,44.37484],[-71.50747,44.37525],[-71.50707,44.3768],[-71.5073,44.37714],[-71.50904,44.3785],[-71.50925,44.37887]]],[[[-71.52377,44.38044],[-71.53075,44.37949],[-71.53184,44.38357],[-71.52481,44.38445],[-71.52377,44.38044]],[[-71.52921,44.38012],[-71.529,44.38074],[-71.52812,44.38122],[-71.52766,44.38166],[-71.52725,44.38145],[-71.52724,44.38123],[-71.52686,44.38127],[-71.52674,44.38065],[-71.52615,44.38093],[-71.52575,44.38088],[-71.5254,44.38099],[-71.52522,44.38087],[-71.52494,44.38097],[-71.52469,44.38112],[-71.52442,44.3817],[-71.52452,44.38196],[-71.52483,44.38206],[-71.52482,44.38236],[-71.5252,44.38255],[-71.52574,44.38255],[-71.52588,44.38272],[-71.52699,44.3828],[-71.52769,44.38298],[-71.52849,44.38292],[-71.52886,44.38302],[-71.52945,44.3828],[-71.52974,44.38175],[-71.52969,44.38077],[-71.52938,44.38016],[-71.52921,44.38012]]]]},"properties":{"id":"p-036-004-50130-ce","name":"Pondicherry Wildlife Refuge","status":"unknown","acres":164.6,"score":53}},{"type":"Feature","id":190,"geometry":{"type":"Polygon","coordinates":[[[-71.54699,44.40578],[-71.54783,44.40862],[-71.54545,44.40957],[-71.54596,44.41027],[-71.54469,44.41078],[-71.54341,44.41093],[-71.54213,44.40966],[-71.54471,44.40711],[-71.546,44.40627],[-71.54648,44.40582],[-71.54699,44.40578]]]},"properties":{"id":"p-036-006","name":"Whitefield Water Department Land","status":"unknown","acres":32.8,"score":28}},{"type":"Feature","id":191,"geometry":{"type":"Polygon","coordinates":[[[-71.60624,44.43836],[-71.61501,44.43484],[-71.6158,44.43548],[-71.61773,44.43452],[-71.61783,44.4346],[-71.62246,44.43998],[-71.61636,44.4425],[-71.62011,44.44638],[-71.61888,44.44626],[-71.61832,44.44634],[-71.61676,44.44629],[-71.61576,44.44641],[-71.61551,44.4463],[-71.6135,44.44629],[-71.61202,44.44671],[-71.61041,44.44686],[-71.60932,44.44631],[-71.60621,44.44751],[-71.60743,44.44754],[-71.60856,44.44785],[-71.60869,44.4482],[-71.60841,44.44849],[-71.60675,44.44874],[-71.60627,44.44891],[-71.60524,44.44795],[-71.60511,44.44766],[-71.60199,44.44877],[-71.59774,44.44939],[-71.59756,44.44998],[-71.59745,44.45272],[-71.59534,44.45357],[-71.59486,44.45358],[-71.59349,44.45231],[-71.58999,44.44464],[-71.59282,44.44256],[-71.59478,44.44175],[-71.59594,44.44068],[-71.59642,44.44119],[-71.59679,44.44138],[-71.59718,44.4412],[-71.59837,44.44138],[-71.59854,44.44159],[-71.59831,44.44226],[-71.59917,44.4416],[-71.60013,44.44192],[-71.60089,44.44255],[-71.60098,44.44315],[-71.60083,44.44365],[-71.60152,44.44409],[-71.60479,44.44467],[-71.60497,44.44409],[-71.60587,44.44426],[-71.60583,44.44455],[-71.60622,44.44463],[-71.60629,44.44435],[-71.60728,44.44462],[-71.60841,44.4447],[-71.60928,44.44454],[-71.61038,44.44465],[-71.61137,44.44441],[-71.61201,44.44482],[-71.61302,44.44481],[-71.61327,44.44454],[-71.61378,44.4445],[-71.61404,44.44425],[-71.6142,44.44268],[-71.61415,44.4426],[-71.61378,44.44264],[-71.61362,44.44283],[-71.61342,44.44271],[-71.61256,44.44137],[-71.61189,44.44061],[-71.61145,44.44045],[-71.61065,44.44054],[-71.61071,44.44026],[-71.61038,44.44024],[-71.61027,44.44051],[-71.60688,44.44011],[-71.60624,44.43836]],[[-71.59565,44.44943],[-71.59701,44.44947],[-71.59653,44.44897],[-71.59567,44.44897],[-71.59565,44.44943]]]},"properties":{"id":"p-036-007","name":"Weeks Lancaster Trust","status":"unknown","acres":482.9,"score":56}},{"type":"Feature","id":192,"geometry":{"type":"MultiPolygon","coordinates":[[[[-71.52406,44.35307],[-71.51726,44.35374],[-71.51661,44.35305],[-71.51632,44.35213],[-71.51736,44.3511],[-71.5185,44.34852],[-71.52021,44.34831],[-71.52036,44.34859],[-71.52082,44.34891],[-71.52177,44.34886],[-71.52314,44.34862],[-71.52295,44.34764],[-71.52663,44.3472],[-71.52539,44.34103],[-71.52564,44.34058],[-71.53493,44.3395],[-71.53818,44.35375],[-71.54881,44.3525],[-71.53878,44.35915],[-71.53704,44.35995],[-71.5334,44.36113],[-71.53177,44.36206],[-71.53095,44.36279],[-71.52148,44.37297],[-71.5206,44.37341],[-71.5199,44.37346],[-71.51922,44.3733],[-71.51601,44.371],[-71.51519,44.37072],[-71.51358,44.37041],[-71.50696,44.36992],[-71.49614,44.37117],[-71.49411,44.37119],[-71.49225,44.37088],[-71.49114,44.37049],[-71.49012,44.36995],[-71.48808,44.36855],[-71.48721,44.36816],[-71.48596,44.36791],[-71.48458,44.36794],[-71.48384,44.36423],[-71.48477,44.36402],[-71.48588,44.36409],[-71.4862,44.36371],[-71.48665,44.36349],[-71.48841,44.36342],[-71.48865,44.36306],[-71.48895,44.36304],[-71.48883,44.36192],[-71.49127,44.36162],[-71.48943,44.35984],[-71.48957,44.35975],[-71.49149,44.36159],[-71.4965,44.36097],[-71.49751,44.36625],[-71.50532,44.36545],[-71.50425,44.36004],[-71.51406,44.35885],[-71.51421,44.35897],[-71.51322,44.35421],[-71.50955,44.35461],[-71.50938,44.35441],[-71.50869,44.35461],[-71.50865,44.35454],[-71.51423,44.35294],[-71.51529,44.35469],[-71.51572,44.35511],[-71.51673,44.35562],[-71.51792,44.35583],[-71.51748,44.35667],[-71.51807,44.35847],[-71.51973,44.35829],[-71.51919,44.35583],[-71.52465,44.35589],[-71.52406,44.35307]]],[[[-71.53559,44.36583],[-71.53626,44.36521],[-71.5387,44.36408],[-71.53983,44.36328],[-71.54516,44.36621],[-71.53656,44.36652],[-71.53663,44.36754],[-71.5347,44.36747],[-71.53559,44.36583]]],[[[-71.53148,44.36272],[-71.53308,44.36161],[-71.53531,44.3608],[-71.53953,44.36312],[-71.53849,44.36385],[-71.53569,44.36523],[-71.53522,44.36576],[-71.5343,44.36745],[-71.53279,44.3674],[-71.5329,44.36896],[-71.53277,44.36904],[-71.52743,44.36969],[-71.52699,44.36752],[-71.53148,44.36272]]],[[[-71.56243,44.37078],[-71.56343,44.37063],[-71.56368,44.37078],[-71.56344,44.37265],[-71.56461,44.37354],[-71.56766,44.37344],[-71.56882,44.37883],[-71.55863,44.37993],[-71.55961,44.38445],[-71.56004,44.38934],[-71.56097,44.39399],[-71.54068,44.39624],[-71.5397,44.39156],[-71.54847,44.38987],[-71.55274,44.39314],[-71.55343,44.39288],[-71.55391,44.39247],[-71.55383,44.39188],[-71.55332,44.39098],[-71.55336,44.39055],[-71.55426,44.38924],[-71.55422,44.38905],[-71.55035,44.38841],[-71.55136,44.38347],[-71.5502,44.38274],[-71.54869,44.38449],[-71.5343,44.38859],[-71.5322,44.38492],[-71.53188,44.38371],[-71.53207,44.38369],[-71.53091,44.37933],[-71.52957,44.37951],[-71.52763,44.37069],[-71.52899,44.37025],[-71.53107,44.36997],[-71.53357,44.36938],[-71.54985,44.36879],[-71.5503,44.36904],[-71.55648,44.36932],[-71.55709,44.36856],[-71.55835,44.36863],[-71.55904,44.36965],[-71.55938,44.37083],[-71.56013,44.37118],[-71.56136,44.37128],[-71.56136,44.3725],[-71.56055,44.37351],[-71.56026,44.37409],[-71.55991,44.37427],[-71.55915,44.37432],[-71.55483,44.37501],[-71.55451,44.37519],[-71.55415,44.37586],[-71.55412,44.37625],[-71.55424,44.37649],[-71.55619,44.37944],[-71.55549,44.38263],[-71.55546,44.38321],[-71.55472,44.38443],[-71.5539,44.38528],[-71.55276,44.38609],[-71.55247,44.38653],[-71.55246,44.38705],[-71.55267,44.38739],[-71.55422,44.38891],[-71.55433,44.38925],[-71.55356,44.39033],[-71.5534,44.39072],[-71.55338,44.39098],[-71.55399,44.39217],[-71.55398,44.39249],[-71.55347,44.39292],[-71.55269,44.39326],[-71.55351,44.39295],[-71.55404,44.3925],[-71.55405,44.39216],[-71.55355,44.39125],[-71.55346,44.39072],[-71.55439,44.38926],[-71.55427,44.38889],[-71.55272,44.38737],[-71.55252,44.38704],[-71.55253,44.38654],[-71.55281,44.38612],[-71.55395,44.38531],[-71.55477,44.38445],[-71.55552,44.38322],[-71.55624,44.37944],[-71.55417,44.37625],[-71.55438,44.37545],[-71.55486,44.37505],[-71.55993,44.37431],[-71.56031,44.37411],[-71.5606,44.37353],[-71.56131,44.37276],[-71.56145,44.37222],[-71.5614,44.37166],[-71.56172,44.37106],[-71.56243,44.37078]]],[[[-71.52359,44.39774],[-71.52164,44.39788],[-71.52274,44.40271],[-71.52835,44.40207],[-71.52936,44.40675],[-71.50661,44.40911],[-71.50556,44.40806],[-71.50487,44.40698],[-71.50231,44.40008],[-71.51242,44.39897],[-71.51035,44.389],[-71.50661,44.38942],[-71.51567,44.37969],[-71.52405,44.3823],[-71.52466,44.38461],[-71.52781,44.38421],[-71.53152,44.38868],[-71.53219,44.39191],[-71.52256,44.39311],[-71.52359,44.39774]]],[[[-71.51628,44.3532],[-71.51687,44.35378],[-71.51512,44.35397],[-71.51454,44.35292],[-71.516,44.35233],[-71.51628,44.3532]]],[[[-71.50325,44.39255],[-71.50226,44.39389],[-71.50156,44.39527],[-71.49984,44.3955],[-71.5008,44.40019],[-71.49155,44.40122],[-71.48842,44.3868],[-71.50175,44.38533],[-71.49996,44.37561],[-71.5061,44.3749],[-71.50767,44.38067],[-71.51531,44.37959],[-71.5061,44.38948],[-71.50268,44.38987],[-71.50325,44.39255]]],[[[-71.50198,44.39521],[-71.50285,44.39362],[-71.50334,44.39297],[-71.50377,44.39498],[-71.50198,44.39521]]],[[[-71.50454,44.40711],[-71.50518,44.40814],[-71.50617,44.40916],[-71.50268,44.40952],[-71.50255,44.408],[-71.50084,44.40026],[-71.50193,44.40011],[-71.50454,44.40711]]]]},"properties":{"id":"p-036-008-21000-fo","name":"Pondicherry Unit of Silvio O Conte NFWR","status":"unknown","acres":5042.9,"score":65}},{"type":"Feature","id":193,"geometry":{"type":"MultiPolygon","coordinates":[[[[-71.5217,44.35572],[-71.52059,44.35339],[-71.52406,44.35304],[-71.52462,44.35578],[-71.5217,44.35572]]],[[[-71.48518,44.36817],[-71.48665,44.3683],[-71.48753,44.36859],[-71.49009,44.37029],[-71.49115,44.37081],[-71.49224,44.37116],[-71.49415,44.37146],[-71.48342,44.37255],[-71.48343,44.37242],[-71.48424,44.3719],[-71.48442,44.37161],[-71.48438,44.37145],[-71.48394,44.37122],[-71.48427,44.37092],[-71.48451,44.3702],[-71.48514,44.36972],[-71.48522,44.36941],[-71.48504,44.36925],[-71.48521,44.3689],[-71.48506,44.36863],[-71.4853,44.36833],[-71.48518,44.36817]]]]},"properties":{"id":"p-036-008-21000-fo-2","name":"Pondicherry Unit of Silvio O Conte NFWR","status":"unknown","acres":63.9,"score":45}},{"type":"Feature","id":194,"geometry":{"type":"MultiPolygon","coordinates":[[[[-71.52743,44.36969],[-71.53277,44.36904],[-71.53115,44.36967],[-71.52897,44.36997],[-71.5275,44.37044],[-71.5265,44.37098],[-71.52519,44.37217],[-71.52438,44.37271],[-71.52246,44.37356],[-71.52112,44.37388],[-71.52699,44.36752],[-71.52743,44.36969]]],[[[-71.56139,44.37158],[-71.56145,44.37222],[-71.56131,44.37276],[-71.5606,44.37353],[-71.56031,44.37411],[-71.55993,44.37431],[-71.55486,44.37505],[-71.55455,44.37522],[-71.5542,44.37587],[-71.5543,44.37647],[-71.55599,44.37891],[-71.55624,44.37944],[-71.55552,44.38322],[-71.55477,44.38445],[-71.55395,44.38531],[-71.55281,44.38612],[-71.55253,44.38654],[-71.55252,44.38704],[-71.55272,44.38737],[-71.55359,44.38814],[-71.55427,44.38889],[-71.55439,44.38926],[-71.55346,44.39072],[-71.55355,44.39125],[-71.55375,44.3915],[-71.55405,44.39216],[-71.55404,44.3925],[-71.55351,44.39295],[-71.55269,44.39326],[-71.55347,44.39292],[-71.55398,44.39249],[-71.55399,44.39217],[-71.55338,44.39098],[-71.5534,44.39072],[-71.55433,44.38925],[-71.55422,44.38891],[-71.55267,44.38739],[-71.55246,44.38705],[-71.55247,44.38653],[-71.55276,44.38609],[-71.5539,44.38528],[-71.55472,44.38443],[-71.55546,44.38321],[-71.55619,44.37944],[-71.55424,44.37649],[-71.55415,44.37586],[-71.55451,44.37519],[-71.55483,44.37501],[-71.55991,44.37427],[-71.56026,44.37409],[-71.56055,44.37351],[-71.56126,44.37274],[-71.56139,44.37158]]],[[[-71.49417,44.37146],[-71.49669,44.3714],[-71.50488,44.37043],[-71.5061,44.3749],[-71.48648,44.37717],[-71.4854,44.37233],[-71.49417,44.37146]]],[[[-71.5323,44.39244],[-71.53152,44.38868],[-71.52781,44.38421],[-71.52466,44.38461],[-71.52405,44.3823],[-71.51567,44.37969],[-71.52056,44.37448],[-71.52108,44.37421],[-71.52281,44.37374],[-71.52461,44.37292],[-71.52541,44.3724],[-71.52677,44.37117],[-71.52763,44.37069],[-71.52957,44.37951],[-71.53091,44.37933],[-71.53207,44.38369],[-71.53188,44.38371],[-71.5322,44.38492],[-71.5343,44.38859],[-71.54869,44.38449],[-71.5502,44.38274],[-71.55136,44.38347],[-71.55035,44.38841],[-71.55422,44.38905],[-71.55426,44.38924],[-71.55336,44.39055],[-71.55332,44.39098],[-71.55383,44.39188],[-71.55391,44.39247],[-71.55343,44.39288],[-71.55274,44.39314],[-71.54847,44.38987],[-71.5397,44.39156],[-71.5323,44.39244]],[[-71.53184,44.38357],[-71.53075,44.37949],[-71.52377,44.38044],[-71.52481,44.38445],[-71.53184,44.38357]]]]},"properties":{"id":"p-036-008-21000-fo-3","name":"Pondicherry Unit of Silvio O Conte NFWR","status":"unknown","acres":682.6,"score":59}},{"type":"Feature","id":195,"geometry":{"type":"Polygon","coordinates":[[[-71.54217,44.46676],[-71.54328,44.46817],[-71.54281,44.46839],[-71.54356,44.46932],[-71.54223,44.47002],[-71.54089,44.4689],[-71.54032,44.46801],[-71.54052,44.46757],[-71.54217,44.46676]]]},"properties":{"id":"p-036-009","name":"Christie Easement","status":"unknown","acres":13.2,"score":28}},{"type":"Feature","id":196,"geometry":{"type":"Polygon","coordinates":[[[-71.50334,44.39296],[-71.50661,44.38942],[-71.51035,44.389],[-71.51143,44.39422],[-71.506,44.39486],[-71.50417,44.39498],[-71.50527,44.39974],[-71.50489,44.39978],[-71.50334,44.39296]]]},"properties":{"id":"p-036-010","name":"Jordan Tract","status":"unknown","acres":80.1,"score":44}},{"type":"Feature","id":197,"geometry":{"type":"Polygon","coordinates":[[[-71.53904,44.47937],[-71.53884,44.47944],[-71.53739,44.47769],[-71.53899,44.47697],[-71.53773,44.47675],[-71.53945,44.47598],[-71.54006,44.47649],[-71.54043,44.47632],[-71.54084,44.47541],[-71.54154,44.47507],[-71.54222,44.47613],[-71.54346,44.47724],[-71.54827,44.47993],[-71.54663,44.48069],[-71.54157,44.4819],[-71.53904,44.47937]]]},"properties":{"id":"p-036-011","name":"NRCS_GRP_Savage","status":"unknown","acres":77.6,"score":37}},{"type":"Feature","id":198,"geometry":{"type":"MultiPolygon","coordinates":[[[[-71.52398,44.48891],[-71.52451,44.48864],[-71.52483,44.4886],[-71.52459,44.48931],[-71.52368,44.49051],[-71.52297,44.49023],[-71.52316,44.48996],[-71.52363,44.48981],[-71.52374,44.4896],[-71.52306,44.48929],[-71.5235,44.48898],[-71.52398,44.48891]]],[[[-71.52621,44.48869],[-71.52503,44.48839],[-71.52504,44.48786],[-71.52648,44.4881],[-71.52654,44.48715],[-71.52784,44.48728],[-71.52806,44.48898],[-71.52993,44.48945],[-71.53169,44.48551],[-71.5338,44.48596],[-71.53576,44.48668],[-71.53417,44.49038],[-71.5349,44.49053],[-71.53414,44.49331],[-71.53782,44.49702],[-71.53674,44.49751],[-71.53652,44.50255],[-71.53502,44.50314],[-71.52853,44.49573],[-71.52931,44.49269],[-71.52727,44.49129],[-71.52621,44.48869]]]]},"properties":{"id":"p-036-012","name":"Bartow & Baker, J. & Baker, L.","status":"prohibited","acres":218.8,"score":62}},{"type":"Feature","id":199,"geometry":{"type":"MultiPolygon","coordinates":[[[[-71.52363,44.48981],[-71.52316,44.48996],[-71.52297,44.49023],[-71.52368,44.49051],[-71.52255,44.49155],[-71.522,44.49186],[-71.52054,44.49028],[-71.52306,44.48929],[-71.52374,44.4896],[-71.52363,44.48981]]],[[[-71.5293,44.4927],[-71.52853,44.49573],[-71.53502,44.50314],[-71.52917,44.50545],[-71.51881,44.49397],[-71.51912,44.49364],[-71.52256,44.49162],[-71.52278,44.49182],[-71.52233,44.49213],[-71.52338,44.49333],[-71.52556,44.49247],[-71.52727,44.49129],[-71.5293,44.4927]]]]},"properties":{"id":"p-036-013","name":"Campen, E. & E.","status":"prohibited","acres":227.8,"score":69}},{"type":"Feature","id":200,"geometry":{"type":"MultiPolygon","coordinates":[[[[-71.6049,44.4347],[-71.60197,44.43625],[-71.59822,44.43311],[-71.60097,44.43165],[-71.6049,44.4347]]],[[[-71.60624,44.43836],[-71.60651,44.4398],[-71.60559,44.43955],[-71.60537,44.43871],[-71.60498,44.43896],[-71.60209,44.43632],[-71.60307,44.43568],[-71.60365,44.43623],[-71.60474,44.43567],[-71.60421,44.43511],[-71.61232,44.43183],[-71.61501,44.43484],[-71.60624,44.43836]],[[-71.60583,44.43642],[-71.60694,44.43667],[-71.60768,44.43638],[-71.60674,44.43527],[-71.60558,44.43571],[-71.60583,44.43642]],[[-71.60502,44.43665],[-71.60553,44.43762],[-71.60625,44.43738],[-71.60566,44.43642],[-71.60502,44.43665]]]]},"properties":{"id":"p-036-014","name":"McCarten, W. & S.","status":"prohibited","acres":117.7,"score":44}},{"type":"Feature","id":201,"geometry":{"type":"Polygon","coordinates":[[[-71.52358,44.4722],[-71.52895,44.47026],[-71.52898,44.47168],[-71.51879,44.4755],[-71.5159,44.47249],[-71.52164,44.47011],[-71.52358,44.4722]]]},"properties":{"id":"p-036-015","name":"McGee Farm","status":"unknown","acres":69.1,"score":53}},{"type":"Feature","id":202,"geometry":{"type":"Polygon","coordinates":[[[-71.52053,44.44852],[-71.52003,44.44852],[-71.51932,44.44825],[-71.52132,44.44761],[-71.52204,44.44887],[-71.52204,44.45013],[-71.52184,44.4505],[-71.52032,44.45026],[-71.5201,44.45013],[-71.52018,44.44935],[-71.52057,44.44912],[-71.52074,44.44882],[-71.52076,44.44867],[-71.52053,44.44852]]]},"properties":{"id":"p-036-016","name":"Robert W. Durant Natural Area","status":"unknown","acres":9.8,"score":23}},{"type":"Feature","id":203,"geometry":{"type":"Polygon","coordinates":[[[-71.59248,44.41355],[-71.59254,44.41237],[-71.59927,44.41135],[-71.6005,44.414],[-71.60837,44.41325],[-71.60937,44.41825],[-71.61004,44.41799],[-71.61292,44.42152],[-71.6125,44.42205],[-71.61134,44.42287],[-71.61113,44.42342],[-71.61061,44.42407],[-71.60926,44.42489],[-71.60865,44.42509],[-71.60771,44.42489],[-71.60709,44.42489],[-71.60657,44.42504],[-71.6046,44.42488],[-71.60333,44.42497],[-71.60273,44.42474],[-71.60212,44.42382],[-71.60133,44.42365],[-71.60033,44.42366],[-71.59936,44.42295],[-71.59864,44.42274],[-71.59784,44.42307],[-71.59694,44.41939],[-71.59301,44.41985],[-71.5927,44.4194],[-71.5925,44.41849],[-71.59292,44.41633],[-71.59248,44.41355]]]},"properties":{"id":"p-036-017","name":"WMRHS School","status":"unknown","acres":393.3,"score":51}},{"type":"Feature","id":204,"geometry":{"type":"MultiPolygon","coordinates":[[[[-71.45426,44.4736],[-71.45734,44.47198],[-71.45883,44.47153],[-71.45955,44.47139],[-71.46008,44.47176],[-71.46175,44.47126],[-71.46327,44.47296],[-71.46581,44.47188],[-71.46643,44.47231],[-71.46889,44.47551],[-71.47009,44.47503],[-71.4726,44.47809],[-71.47168,44.47833],[-71.47058,44.47844],[-71.46837,44.47812],[-71.46838,44.47763],[-71.46717,44.47766],[-71.46718,44.47838],[-71.46617,44.47862],[-71.46541,44.47909],[-71.46401,44.47934],[-71.46401,44.47863],[-71.46325,44.47869],[-71.4633,44.4794],[-71.46285,44.47941],[-71.46237,44.4794],[-71.46166,44.47852],[-71.46132,44.47777],[-71.4596,44.47778],[-71.4592,44.47787],[-71.45865,44.47819],[-71.4581,44.47781],[-71.45743,44.47806],[-71.45512,44.47539],[-71.45426,44.4736]],[[-71.46334,44.4773],[-71.46378,44.47663],[-71.46234,44.47654],[-71.46182,44.4768],[-71.46027,44.47613],[-71.45985,44.47683],[-71.46083,44.47725],[-71.46178,44.47748],[-71.46334,44.4773]]],[[[-71.46944,44.4795],[-71.46833,44.47949],[-71.46794,44.47905],[-71.46576,44.47999],[-71.46544,44.47957],[-71.46543,44.47921],[-71.46619,44.47874],[-71.46807,44.47828],[-71.46871,44.47824],[-71.4706,44.47856],[-71.4717,44.47845],[-71.47261,44.47821],[-71.47366,44.47926],[-71.47321,44.47936],[-71.4728,44.4798],[-71.47184,44.47976],[-71.47087,44.48012],[-71.47025,44.48002],[-71.46944,44.4795]]],[[[-71.45966,44.47959],[-71.46125,44.47939],[-71.46286,44.47953],[-71.46484,44.47934],[-71.46523,44.47957],[-71.46562,44.48007],[-71.45941,44.48253],[-71.45786,44.48097],[-71.45906,44.48046],[-71.4586,44.47999],[-71.45885,44.47993],[-71.45855,44.4795],[-71.45966,44.47959]]]]},"properties":{"id":"p-037-001","name":"Smith","status":"unknown","acres":235.4,"score":63}},{"type":"Feature","id":205,"geometry":{"type":"Polygon","coordinates":[[[-71.4721,44.47741],[-71.47333,44.47626],[-71.47494,44.47533],[-71.47664,44.47454],[-71.47632,44.47392],[-71.47736,44.47351],[-71.4783,44.47492],[-71.47618,44.47585],[-71.47558,44.47516],[-71.47499,44.47549],[-71.4755,44.47618],[-71.47467,44.47669],[-71.47345,44.47777],[-71.47266,44.47818],[-71.4721,44.47741]]]},"properties":{"id":"p-037-002","name":"Southworth","status":"unknown","acres":15.4,"score":36}},{"type":"Feature","id":206,"geometry":{"type":"Polygon","coordinates":[[[-71.46083,44.47725],[-71.45985,44.47683],[-71.46027,44.47613],[-71.46182,44.4768],[-71.46083,44.47725]]]},"properties":{"id":"p-037-003","name":"Southworth","status":"unknown","acres":2.4,"score":34}},{"type":"Feature","id":207,"geometry":{"type":"Polygon","coordinates":[[[-71.46083,44.47725],[-71.46234,44.47654],[-71.46378,44.47663],[-71.46334,44.4773],[-71.46178,44.47748],[-71.46083,44.47725]]]},"properties":{"id":"p-037-004","name":"Lancaster Water Supply","status":"unknown","acres":3.7,"score":40}},{"type":"Feature","id":208,"geometry":{"type":"Polygon","coordinates":[[[-71.4651,44.42344],[-71.466,44.42797],[-71.45627,44.42914],[-71.45535,44.42487],[-71.45654,44.4246],[-71.45692,44.42428],[-71.4651,44.42344]]]},"properties":{"id":"p-037-005","name":"Lovell/Lottero","status":"unknown","acres":99.8,"score":58}},{"type":"Feature","id":209,"geometry":{"type":"Polygon","coordinates":[[[-71.4624,44.48628],[-71.46594,44.48976],[-71.46059,44.49217],[-71.45683,44.4885],[-71.4624,44.48628]]]},"properties":{"id":"p-037-006","name":"Colonel Town Community Camp","status":"unknown","acres":61.1,"score":41}},{"type":"Feature","id":210,"geometry":{"type":"Polygon","coordinates":[[[-71.23557,44.44154],[-71.22926,44.44178],[-71.22847,44.42725],[-71.23546,44.42711],[-71.23496,44.42018],[-71.2348,44.4199],[-71.2414,44.41979],[-71.24117,44.41304],[-71.24769,44.41278],[-71.24785,44.41802],[-71.2543,44.41803],[-71.25419,44.41059],[-71.24745,44.41054],[-71.24685,44.40628],[-71.24656,44.40572],[-71.24605,44.4053],[-71.24571,44.40477],[-71.24743,44.40475],[-71.24734,44.40199],[-71.25794,44.40168],[-71.2688,44.40166],[-71.26902,44.41],[-71.28673,44.4095],[-71.28683,44.41731],[-71.28725,44.42665],[-71.28078,44.42667],[-71.28072,44.43332],[-71.26935,44.43339],[-71.26937,44.44021],[-71.26965,44.44781],[-71.23598,44.44889],[-71.23557,44.44154]],[[-71.24983,44.42476],[-71.24806,44.42481],[-71.24836,44.43373],[-71.25455,44.43384],[-71.25447,44.42493],[-71.24983,44.42476]]]},"properties":{"id":"p-038-001","name":"Ice Gulch Town Forest","status":"unknown","acres":3868.0,"score":68}},{"type":"Feature","id":211,"geometry":{"type":"Polygon","coordinates":[[[-71.27955,44.37789],[-71.27927,44.3776],[-71.27927,44.37706],[-71.28026,44.37706],[-71.28062,44.37746],[-71.28135,44.37765],[-71.28125,44.37792],[-71.28079,44.37825],[-71.27955,44.37789]]]},"properties":{"id":"p-038-003","name":"Mossy Glen","status":"unknown","acres":3.5,"score":33}},{"type":"Feature","id":212,"geometry":{"type":"MultiPolygon","coordinates":[[[[-71.33002,44.39608],[-71.33526,44.39991],[-71.34143,44.40336],[-71.34702,44.4072],[-71.34945,44.41146],[-71.35181,44.41685],[-71.33535,44.41677],[-71.3117,44.41694],[-71.30393,44.41688],[-71.29456,44.4172],[-71.29489,44.42663],[-71.28725,44.42665],[-71.28683,44.41731],[-71.29483,44.40937],[-71.29479,44.40526],[-71.30472,44.40098],[-71.31436,44.39808],[-71.32047,44.39316],[-71.33002,44.39608]]],[[[-71.3712,44.41794],[-71.3773,44.42485],[-71.37218,44.42489],[-71.37235,44.43288],[-71.35193,44.43271],[-71.35181,44.41685],[-71.36296,44.41603],[-71.3712,44.41794]]],[[[-71.38237,44.43244],[-71.38233,44.42635],[-71.3874,44.43103],[-71.38748,44.43226],[-71.38237,44.43244]]],[[[-71.27446,44.43335],[-71.27518,44.43335],[-71.27567,44.44757],[-71.26965,44.44781],[-71.26937,44.44021],[-71.27038,44.43943],[-71.27094,44.43523],[-71.27446,44.43335]]]]},"properties":{"id":"p-038-004","name":"Pond of Safety Tracts","status":"verified","acres":3206.7,"score":68}},{"type":"Feature","id":213,"geometry":{"type":"Polygon","coordinates":[[[-71.28815,44.37616],[-71.28819,44.3773],[-71.28728,44.37738],[-71.2872,44.37626],[-71.28815,44.37616]]]},"properties":{"id":"p-038-005","name":"Crystal Spring","status":"unknown","acres":2.3,"score":23}},{"type":"Feature","id":214,"geometry":{"type":"Polygon","coordinates":[[[-71.26537,44.37573],[-71.26569,44.37623],[-71.26462,44.37658],[-71.26429,44.37609],[-71.26537,44.37573]]]},"properties":{"id":"p-038-006","name":"Peek Park","status":"unknown","acres":1.4,"score":11}},{"type":"Feature","id":215,"geometry":{"type":"Polygon","coordinates":[[[-71.28079,44.37825],[-71.28125,44.37792],[-71.28135,44.37765],[-71.28154,44.37785],[-71.28244,44.37826],[-71.2838,44.37862],[-71.28427,44.37858],[-71.28516,44.37893],[-71.2855,44.37935],[-71.28205,44.37939],[-71.28028,44.37814],[-71.28079,44.37825]]]},"properties":{"id":"p-038-007","name":"Mossy Glen Extension","status":"unknown","acres":8.8,"score":24}},{"type":"Feature","id":216,"geometry":{"type":"MultiPolygon","coordinates":[[[[-71.39029,44.36949],[-71.39086,44.37806],[-71.38489,44.37625],[-71.38588,44.39366],[-71.39297,44.3955],[-71.39219,44.38744],[-71.39746,44.38871],[-71.39639,44.37952],[-71.40207,44.3813],[-71.40476,44.39882],[-71.41074,44.40063],[-71.41184,44.4082],[-71.41894,44.41013],[-71.41982,44.41711],[-71.3938,44.40999],[-71.3861,44.40806],[-71.3874,44.43103],[-71.38233,44.42635],[-71.38231,44.42482],[-71.3773,44.42485],[-71.3712,44.41794],[-71.36296,44.41603],[-71.35181,44.41685],[-71.34945,44.41146],[-71.34702,44.4072],[-71.34143,44.40336],[-71.33526,44.39991],[-71.33002,44.39608],[-71.32047,44.39316],[-71.31436,44.39808],[-71.30472,44.40098],[-71.29479,44.40526],[-71.29483,44.40937],[-71.28683,44.41731],[-71.28673,44.4095],[-71.26902,44.41],[-71.2688,44.40166],[-71.25794,44.40168],[-71.25765,44.39357],[-71.29477,44.39305],[-71.29462,44.3811],[-71.30515,44.3807],[-71.30963,44.38064],[-71.31269,44.38018],[-71.31256,44.3759],[-71.31975,44.37568],[-71.3196,44.37141],[-71.33492,44.37117],[-71.33463,44.36398],[-71.3447,44.36361],[-71.3445,44.36136],[-71.34566,44.36133],[-71.34547,44.35803],[-71.34881,44.35803],[-71.34903,44.36354],[-71.38406,44.36294],[-71.38435,44.36762],[-71.39029,44.36949]]],[[[-71.27094,44.43523],[-71.27038,44.43943],[-71.26937,44.44021],[-71.26935,44.43339],[-71.27446,44.43335],[-71.27094,44.43523]]]]},"properties":{"id":"p-038-008","name":"Randolph Community Forest","status":"unknown","acres":10311.3,"score":63}},{"type":"Feature","id":217,"geometry":{"type":"MultiPolygon","coordinates":[[[[-71.25244,44.5021],[-71.25197,44.50153],[-71.25086,44.50101],[-71.24978,44.4995],[-71.25193,44.4995],[-71.25352,44.49989],[-71.25382,44.50015],[-71.25394,44.5007],[-71.25438,44.50092],[-71.25588,44.50094],[-71.25619,44.50083],[-71.25665,44.49957],[-71.25694,44.49945],[-71.25731,44.49945],[-71.25915,44.50012],[-71.25925,44.5],[-71.25738,44.49932],[-71.25691,44.49931],[-71.25648,44.49951],[-71.25606,44.50074],[-71.25442,44.50078],[-71.25412,44.50064],[-71.25391,44.49995],[-71.25357,44.49975],[-71.25172,44.49934],[-71.25028,44.49941],[-71.24746,44.49925],[-71.2458,44.49888],[-71.24576,44.49853],[-71.2447,44.49786],[-71.24407,44.49712],[-71.24389,44.49656],[-71.24396,44.49623],[-71.24525,44.49465],[-71.2467,44.49397],[-71.24698,44.49353],[-71.24713,44.4926],[-71.2474,44.49224],[-71.24777,44.49181],[-71.24945,44.49055],[-71.22137,44.48962],[-71.22138,44.48941],[-71.22113,44.4894],[-71.22221,44.48717],[-71.21682,44.48659],[-71.2163,44.48498],[-71.21756,44.48168],[-71.22248,44.47041],[-71.22829,44.47036],[-71.23384,44.45736],[-71.23683,44.44885],[-71.27567,44.44757],[-71.29055,44.4472],[-71.28557,44.45678],[-71.27983,44.46955],[-71.30025,44.46919],[-71.29713,44.47523],[-71.27869,44.47533],[-71.27741,44.47774],[-71.27951,44.47776],[-71.27125,44.4948],[-71.28057,44.49452],[-71.2744,44.50658],[-71.26049,44.50715],[-71.26046,44.50193],[-71.25816,44.50133],[-71.25395,44.50116],[-71.25244,44.5021]],[[-71.27194,44.46236],[-71.27091,44.46502],[-71.27294,44.46504],[-71.27404,44.46233],[-71.27194,44.46236]]],[[[-71.20923,44.49809],[-71.21098,44.49446],[-71.21188,44.49459],[-71.21398,44.49538],[-71.21496,44.49604],[-71.2162,44.49616],[-71.21783,44.49668],[-71.21845,44.49701],[-71.2199,44.49809],[-71.22017,44.49819],[-71.22036,44.498],[-71.22075,44.49818],[-71.22091,44.4985],[-71.22107,44.49832],[-71.22125,44.49838],[-71.2219,44.49904],[-71.22228,44.49897],[-71.22254,44.49937],[-71.22259,44.49981],[-71.22285,44.49985],[-71.22321,44.49967],[-71.22381,44.4999],[-71.22379,44.50038],[-71.22409,44.50046],[-71.22431,44.50034],[-71.22552,44.50268],[-71.2284,44.51185],[-71.21854,44.51207],[-71.21165,44.52708],[-71.1875,44.5275],[-71.19347,44.51573],[-71.19857,44.5045],[-71.20162,44.4983],[-71.20923,44.49809]]]]},"properties":{"id":"p-038-009","name":"Jericho Mountain State Park","status":"verified","acres":7829.8,"score":57}},{"type":"Feature","id":218,"geometry":{"type":"Polygon","coordinates":[[[-71.15146,44.41341],[-71.16083,44.41185],[-71.16168,44.4382],[-71.15112,44.43829],[-71.15111,44.43697],[-71.15561,44.43697],[-71.15972,44.43325],[-71.15973,44.43107],[-71.15631,44.42743],[-71.15997,44.41748],[-71.15146,44.41341]]]},"properties":{"id":"p-039-001","name":"Appalachian Trail Tract 164-03","status":"unknown","acres":224.5,"score":58}},{"type":"Feature","id":219,"geometry":{"type":"Polygon","coordinates":[[[-71.16085,44.41242],[-71.16571,44.41228],[-71.16589,44.41705],[-71.16098,44.41708],[-71.16085,44.41242]]]},"properties":{"id":"p-039-002","name":"Appalachian Trail Tract 164-05","status":"unknown","acres":50.5,"score":57}},{"type":"Feature","id":220,"geometry":{"type":"Polygon","coordinates":[[[-71.17871,44.40177],[-71.17768,44.40181],[-71.17761,44.40107],[-71.17865,44.40103],[-71.17861,44.40051],[-71.1806,44.40043],[-71.18079,44.40264],[-71.1788,44.40272],[-71.17871,44.40177]]]},"properties":{"id":"p-039-003","name":"Mascot Mine Natural Area","status":"verified","acres":11.4,"score":43}},{"type":"Feature","id":221,"geometry":{"type":"MultiPolygon","coordinates":[[[[-71.14868,44.45372],[-71.14929,44.45374],[-71.15007,44.45359],[-71.15169,44.45378],[-71.1557,44.45265],[-71.15878,44.45211],[-71.1593,44.4524],[-71.15946,44.45311],[-71.15923,44.45337],[-71.15745,44.45333],[-71.15541,44.45344],[-71.15302,44.4542],[-71.15021,44.45433],[-71.14754,44.45479],[-71.14706,44.45408],[-71.14598,44.45372],[-71.14591,44.45323],[-71.14764,44.4534],[-71.14868,44.45372]]],[[[-71.14003,44.4535],[-71.14022,44.45252],[-71.14008,44.4519],[-71.13878,44.4512],[-71.13739,44.45096],[-71.13697,44.45071],[-71.13717,44.45037],[-71.13799,44.45021],[-71.13805,44.44976],[-71.13861,44.44896],[-71.13925,44.44848],[-71.13917,44.44765],[-71.13975,44.44708],[-71.14063,44.44772],[-71.14028,44.44836],[-71.14098,44.44874],[-71.14093,44.4494],[-71.14141,44.45097],[-71.14296,44.45228],[-71.14453,44.45243],[-71.14565,44.45295],[-71.14586,44.45378],[-71.14543,44.45409],[-71.14555,44.45467],[-71.14641,44.45503],[-71.14121,44.45642],[-71.14062,44.45591],[-71.14092,44.45496],[-71.14003,44.4535]]]]},"properties":{"id":"p-039-004","name":"James River Corp.","status":"unknown","acres":92.0,"score":41}},{"type":"Feature","id":222,"geometry":{"type":"Polygon","coordinates":[[[-71.12779,44.3887],[-71.13001,44.38693],[-71.13648,44.38562],[-71.13676,44.38736],[-71.13648,44.38735],[-71.13603,44.38771],[-71.13273,44.38744],[-71.13007,44.38901],[-71.13035,44.38976],[-71.12958,44.39012],[-71.1292,44.3902],[-71.12878,44.38984],[-71.12794,44.39048],[-71.12779,44.3887]]]},"properties":{"id":"p-039-005","name":"Shelburne Town Forest","status":"unknown","acres":33.9,"score":25}},{"type":"Feature","id":223,"geometry":{"type":"MultiPolygon","coordinates":[[[[-71.22341,44.39187],[-71.22396,44.39143],[-71.22465,44.39097],[-71.22322,44.39303],[-71.22288,44.39275],[-71.22341,44.39187]]],[[[-71.22371,44.39613],[-71.22394,44.3958],[-71.2241,44.39585],[-71.22431,44.39526],[-71.22414,44.39523],[-71.22412,44.39437],[-71.22368,44.39346],[-71.22542,44.39095],[-71.22754,44.39088],[-71.22713,44.39837],[-71.23357,44.39825],[-71.2338,44.4012],[-71.23126,44.40131],[-71.23033,44.40111],[-71.22723,44.40008],[-71.2271,44.39851],[-71.22695,44.3984],[-71.22678,44.39839],[-71.22648,44.39982],[-71.22322,44.39865],[-71.22239,44.39851],[-71.22218,44.39745],[-71.22371,44.39613]]],[[[-71.22785,44.4054],[-71.22088,44.40562],[-71.22058,44.39957],[-71.22236,44.39956],[-71.22231,44.39861],[-71.22359,44.39886],[-71.23033,44.40123],[-71.23043,44.40411],[-71.23195,44.40492],[-71.23221,44.40544],[-71.24055,44.40534],[-71.24116,44.41286],[-71.2414,44.41979],[-71.22167,44.42024],[-71.22137,44.41341],[-71.22792,44.41328],[-71.22785,44.4054]]]]},"properties":{"id":"p-039-006","name":"Moose Brook State Park","status":"verified","acres":740.8,"score":39}},{"type":"Feature","id":224,"geometry":{"type":"Polygon","coordinates":[[[-71.17245,44.37787],[-71.17354,44.37984],[-71.17359,44.38062],[-71.1732,44.38184],[-71.17062,44.38107],[-71.17031,44.37902],[-71.1705,44.37835],[-71.17088,44.37794],[-71.17245,44.37787]]]},"properties":{"id":"p-039-007","name":"Libby Pool","status":"unknown","acres":21.4,"score":30}},{"type":"Feature","id":225,"geometry":{"type":"Polygon","coordinates":[[[-71.19686,44.39475],[-71.19613,44.39475],[-71.19429,44.39508],[-71.19305,44.39398],[-71.19431,44.39318],[-71.19476,44.39215],[-71.20399,44.39425],[-71.20326,44.39642],[-71.19686,44.39475]]]},"properties":{"id":"p-039-008","name":"Gorham Water and Sewer Dept. Land","status":"unknown","acres":49.4,"score":26}},{"type":"Feature","id":226,"geometry":{"type":"Polygon","coordinates":[[[-71.15929,44.49902],[-71.1596,44.49869],[-71.16129,44.49899],[-71.16121,44.49923],[-71.16074,44.49916],[-71.1607,44.49929],[-71.15929,44.49902]]]},"properties":{"id":"p-039-009","name":"Berlin Water Works","status":"unknown","acres":1.4,"score":10}},{"type":"Feature","id":227,"geometry":{"type":"Polygon","coordinates":[[[-71.15973,44.39148],[-71.16178,44.39091],[-71.16207,44.39068],[-71.16275,44.39045],[-71.16464,44.3901],[-71.16473,44.39394],[-71.16621,44.39393],[-71.16607,44.38995],[-71.16633,44.38993],[-71.16687,44.39018],[-71.16735,44.39016],[-71.16732,44.39035],[-71.16649,44.39065],[-71.16668,44.39109],[-71.16829,44.39187],[-71.17039,44.39262],[-71.17053,44.39877],[-71.16892,44.39881],[-71.16917,44.40385],[-71.16011,44.40394],[-71.15973,44.39148]]]},"properties":{"id":"p-039-010","name":"Drew Easement","status":"unknown","acres":269.9,"score":33}},{"type":"Feature","id":228,"geometry":{"type":"MultiPolygon","coordinates":[[[[-71.15878,44.45211],[-71.1557,44.45265],[-71.15169,44.45378],[-71.15007,44.45359],[-71.14929,44.45374],[-71.14868,44.45372],[-71.14764,44.4534],[-71.14591,44.45323],[-71.14583,44.45202],[-71.15129,44.45245],[-71.15843,44.45096],[-71.16204,44.44985],[-71.17831,44.44962],[-71.17826,44.45079],[-71.17922,44.45121],[-71.17743,44.45242],[-71.1641,44.45424],[-71.15946,44.45311],[-71.1593,44.4524],[-71.15878,44.45211]]],[[[-71.14121,44.45642],[-71.13899,44.4565],[-71.14092,44.45496],[-71.14062,44.45591],[-71.14121,44.45642]]],[[[-71.11585,44.46428],[-71.11684,44.46273],[-71.1201,44.46498],[-71.12203,44.46437],[-71.12192,44.46111],[-71.1235,44.46092],[-71.12538,44.46125],[-71.12655,44.46127],[-71.12985,44.46085],[-71.1311,44.46005],[-71.1313,44.46136],[-71.13308,44.46065],[-71.13184,44.45921],[-71.13269,44.4586],[-71.13398,44.45918],[-71.13587,44.45869],[-71.13582,44.45777],[-71.13682,44.45732],[-71.13909,44.45668],[-71.14013,44.45677],[-71.13831,44.45905],[-71.13971,44.46323],[-71.13683,44.46824],[-71.13819,44.47253],[-71.13821,44.47312],[-71.13791,44.47368],[-71.13617,44.47567],[-71.13566,44.47504],[-71.13511,44.47468],[-71.1343,44.47445],[-71.13284,44.47435],[-71.13194,44.47397],[-71.13158,44.47366],[-71.13075,44.4724],[-71.12951,44.47158],[-71.12864,44.47133],[-71.12263,44.47045],[-71.12137,44.4701],[-71.1192,44.46921],[-71.11813,44.46903],[-71.11527,44.46473],[-71.11585,44.46428]]]]},"properties":{"id":"p-039-011","name":"Androscoggin Valley Reg. Refuse Disp. Dist","status":"unknown","acres":704.5,"score":51}},{"type":"Feature","id":229,"geometry":{"type":"Polygon","coordinates":[[[-71.17159,44.37791],[-71.17177,44.37739],[-71.17174,44.37613],[-71.17231,44.37522],[-71.17265,44.37526],[-71.17414,44.37497],[-71.17262,44.37718],[-71.17245,44.37787],[-71.17159,44.37791]]]},"properties":{"id":"p-039-012","name":"Gorham Land Company","status":"unknown","acres":7.9,"score":28}},{"type":"Feature","id":230,"geometry":{"type":"MultiPolygon","coordinates":[[[[-71.50726,44.37019],[-71.49669,44.3714],[-71.49415,44.37146],[-71.49224,44.37116],[-71.49115,44.37081],[-71.49009,44.37029],[-71.48753,44.36859],[-71.48628,44.36823],[-71.48476,44.3682],[-71.47819,44.36915],[-71.47271,44.36934],[-71.47265,44.36889],[-71.47374,44.36878],[-71.47377,44.36904],[-71.47862,44.36885],[-71.48397,44.36801],[-71.48596,44.36791],[-71.48687,44.36806],[-71.48774,44.36836],[-71.49012,44.36995],[-71.49114,44.37049],[-71.49225,44.37088],[-71.49338,44.3711],[-71.49488,44.37121],[-71.49614,44.37117],[-71.50647,44.36996],[-71.50771,44.36992],[-71.51358,44.37041],[-71.51519,44.37072],[-71.51639,44.3712],[-71.51793,44.37242],[-71.51764,44.37258],[-71.5162,44.37144],[-71.51547,44.3711],[-71.51366,44.3707],[-71.50726,44.37019]]],[[[-71.40741,44.36286],[-71.41142,44.36534],[-71.41236,44.36563],[-71.41513,44.36606],[-71.41623,44.36637],[-71.4211,44.36904],[-71.4224,44.36956],[-71.42365,44.36981],[-71.42785,44.37017],[-71.43641,44.37226],[-71.44264,44.37266],[-71.45886,44.37173],[-71.46018,44.37144],[-71.46569,44.36939],[-71.46983,44.36917],[-71.47246,44.36891],[-71.4725,44.36936],[-71.46585,44.36964],[-71.46025,44.37171],[-71.45881,44.37201],[-71.44247,44.37294],[-71.43625,44.37251],[-71.42755,44.3704],[-71.42337,44.37005],[-71.42206,44.36975],[-71.42076,44.3692],[-71.41579,44.36652],[-71.41194,44.36582],[-71.41101,44.36547],[-71.40811,44.36357],[-71.40692,44.36298],[-71.3887,44.3572],[-71.38865,44.35688],[-71.39617,44.35916],[-71.39612,44.35924],[-71.40741,44.36286]]],[[[-71.26596,44.37139],[-71.26492,44.37132],[-71.26419,44.371],[-71.26411,44.37105],[-71.26389,44.37085],[-71.28962,44.37136],[-71.29109,44.37127],[-71.29876,44.37021],[-71.29979,44.36991],[-71.30269,44.36858],[-71.30759,44.36737],[-71.31484,44.36501],[-71.31469,44.36477],[-71.31552,44.36449],[-71.31567,44.36473],[-71.32028,44.36334],[-71.33148,44.36167],[-71.34001,44.35852],[-71.34202,44.35793],[-71.34561,44.35731],[-71.3581,44.35573],[-71.35989,44.35556],[-71.36642,44.35563],[-71.38109,44.35488],[-71.38204,44.35494],[-71.38317,44.35517],[-71.38844,44.35682],[-71.38848,44.35713],[-71.38297,44.35541],[-71.38154,44.35517],[-71.38175,44.35528],[-71.38057,44.35523],[-71.3807,44.35516],[-71.36662,44.35589],[-71.35925,44.35588],[-71.3462,44.3576],[-71.34713,44.35766],[-71.34598,44.35782],[-71.34337,44.35792],[-71.34057,44.35857],[-71.33222,44.36176],[-71.3302,44.36221],[-71.31971,44.36376],[-71.3075,44.36769],[-71.30298,44.36879],[-71.29995,44.37016],[-71.29859,44.37052],[-71.29116,44.37154],[-71.28987,44.37162],[-71.26597,44.37123],[-71.26596,44.37139]]],[[[-71.22364,44.38342],[-71.22296,44.38213],[-71.22299,44.38159],[-71.22328,44.38105],[-71.2242,44.38042],[-71.22696,44.37997],[-71.22798,44.37932],[-71.2283,44.37843],[-71.2279,44.37703],[-71.2279,44.3763],[-71.22844,44.37517],[-71.22913,44.37453],[-71.23054,44.37376],[-71.2311,44.37324],[-71.23301,44.36995],[-71.233,44.36945],[-71.23332,44.36944],[-71.23375,44.36879],[-71.23446,44.36815],[-71.23656,44.36674],[-71.23732,44.36644],[-71.23868,44.36636],[-71.24079,44.36695],[-71.24174,44.36708],[-71.24561,44.36674],[-71.2472,44.3668],[-71.26144,44.37036],[-71.26358,44.37079],[-71.26393,44.37113],[-71.26207,44.37081],[-71.24694,44.36706],[-71.24602,44.367],[-71.24148,44.36733],[-71.23866,44.36663],[-71.23741,44.3667],[-71.23652,44.36714],[-71.23431,44.36869],[-71.23374,44.36943],[-71.23472,44.3694],[-71.23308,44.37163],[-71.23306,44.37062],[-71.2313,44.37352],[-71.23071,44.37401],[-71.22932,44.37478],[-71.22881,44.37526],[-71.22844,44.37585],[-71.22827,44.37663],[-71.22869,44.37844],[-71.22858,44.37902],[-71.22825,44.37952],[-71.22781,44.37989],[-71.22699,44.38026],[-71.22452,44.3806],[-71.224,44.38084],[-71.2235,44.38136],[-71.22361,44.3814],[-71.22348,44.38179],[-71.22335,44.38178],[-71.22335,44.38205],[-71.22408,44.38365],[-71.22406,44.38489],[-71.22376,44.38587],[-71.22154,44.38977],[-71.22136,44.39033],[-71.22146,44.39128],[-71.22196,44.39204],[-71.22276,44.39266],[-71.2227,44.39301],[-71.2218,44.39234],[-71.2212,44.3916],[-71.22095,44.39043],[-71.22115,44.38971],[-71.22354,44.38543],[-71.22375,44.38393],[-71.22364,44.38342]]],[[[-71.22368,44.39346],[-71.22412,44.39437],[-71.22414,44.39523],[-71.22431,44.39526],[-71.2241,44.39585],[-71.22394,44.3958],[-71.22313,44.39673],[-71.22053,44.39834],[-71.21991,44.39835],[-71.22269,44.39665],[-71.22327,44.39615],[-71.22374,44.39527],[-71.22378,44.39472],[-71.22356,44.39392],[-71.22281,44.3931],[-71.22288,44.39275],[-71.22368,44.39346]]],[[[-71.21872,44.39933],[-71.21735,44.39976],[-71.21617,44.39996],[-71.20275,44.40102],[-71.2014,44.40127],[-71.20068,44.40155],[-71.20048,44.40132],[-71.2016,44.40093],[-71.20247,44.40078],[-71.21617,44.39967],[-71.21826,44.39918],[-71.21967,44.39849],[-71.22022,44.39853],[-71.21872,44.39933]]]]},"properties":{"id":"p-039-013","name":"Presidential Recreational Trail","status":"verified","acres":227.2,"score":28}},{"type":"Feature","id":231,"geometry":{"type":"Polygon","coordinates":[[[-71.19258,44.48417],[-71.19445,44.4823],[-71.19527,44.48288],[-71.19612,44.48317],[-71.19632,44.48345],[-71.19635,44.48374],[-71.19613,44.48395],[-71.19631,44.48415],[-71.19695,44.4843],[-71.19764,44.48419],[-71.1981,44.48437],[-71.19742,44.48516],[-71.19799,44.4856],[-71.19914,44.48583],[-71.19846,44.48726],[-71.19258,44.48417]]]},"properties":{"id":"p-039-014","name":"Mt. Jasper","status":"unknown","acres":27.6,"score":38}},{"type":"Feature","id":232,"geometry":{"type":"Polygon","coordinates":[[[-71.19467,44.38503],[-71.19482,44.38857],[-71.19172,44.3886],[-71.19168,44.39031],[-71.18845,44.3885],[-71.18857,44.38508],[-71.19467,44.38503]]]},"properties":{"id":"p-039-015","name":"Ice Gulch Town Forest","status":"unknown","acres":54.1,"score":37}},{"type":"Feature","id":233,"geometry":{"type":"Polygon","coordinates":[[[-71.19773,44.44939],[-71.19689,44.43525],[-71.20976,44.43475],[-71.20913,44.42788],[-71.21562,44.42768],[-71.21536,44.42029],[-71.20886,44.42047],[-71.20846,44.41408],[-71.21502,44.41378],[-71.21482,44.40861],[-71.2151,44.40579],[-71.221,44.40561],[-71.22167,44.42024],[-71.2348,44.4199],[-71.23496,44.42018],[-71.23546,44.42711],[-71.22847,44.42725],[-71.22926,44.44178],[-71.23557,44.44154],[-71.23598,44.44889],[-71.19773,44.44939]]]},"properties":{"id":"p-039-016","name":"Tinker Brook","status":"unknown","acres":2010.2,"score":47}},{"type":"Feature","id":234,"geometry":{"type":"Polygon","coordinates":[[[-71.21305,44.45715],[-71.20358,44.457],[-71.20672,44.44927],[-71.22536,44.44905],[-71.22133,44.45722],[-71.22777,44.45728],[-71.23085,44.44898],[-71.23683,44.44885],[-71.23384,44.45736],[-71.23099,44.46396],[-71.20981,44.46388],[-71.21305,44.45715]]]},"properties":{"id":"p-039-017","name":"Cascade Hill Forest","status":"unknown","acres":733.1,"score":42}},{"type":"Feature","id":235,"geometry":{"type":"Polygon","coordinates":[[[-71.07092,44.40841],[-71.07161,44.4088],[-71.07294,44.41092],[-71.07333,44.41112],[-71.07397,44.41178],[-71.0751,44.41218],[-71.07507,44.41368],[-71.0743,44.41359],[-71.07397,44.41407],[-71.07155,44.41402],[-71.07158,44.41541],[-71.07513,44.4154],[-71.07522,44.4228],[-71.065,44.42296],[-71.06517,44.42061],[-71.06265,44.4207],[-71.06221,44.42009],[-71.06271,44.41887],[-71.06342,44.41394],[-71.06378,44.41377],[-71.06447,44.41381],[-71.06505,44.41313],[-71.06547,44.41305],[-71.06595,44.41317],[-71.06644,44.41307],[-71.06791,44.41229],[-71.06784,44.41194],[-71.06856,44.4116],[-71.06938,44.41082],[-71.07005,44.40978],[-71.0696,44.40918],[-71.07069,44.40851],[-71.07092,44.40841]],[[-71.0709,44.41306],[-71.06834,44.41261],[-71.06807,44.41315],[-71.07057,44.41391],[-71.0709,44.41306]]]},"properties":{"id":"p-040-001","name":"Millbrook Trust","status":"unknown","acres":275.6,"score":51}},{"type":"Feature","id":236,"geometry":{"type":"MultiPolygon","coordinates":[[[[-71.12923,44.39617],[-71.13009,44.40833],[-71.11994,44.40872],[-71.11996,44.40897],[-71.11558,44.40674],[-71.11556,44.40623],[-71.11582,44.40593],[-71.11643,44.40598],[-71.11511,44.40499],[-71.11632,44.40468],[-71.11734,44.40469],[-71.11802,44.40445],[-71.11947,44.40351],[-71.12081,44.40232],[-71.12176,44.402],[-71.12362,44.40172],[-71.12593,44.40071],[-71.12698,44.39984],[-71.12717,44.39918],[-71.12739,44.39902],[-71.12742,44.39817],[-71.1288,44.39712],[-71.12885,44.39656],[-71.12923,44.39617]]],[[[-71.11191,44.40297],[-71.11429,44.40233],[-71.1144,44.40318],[-71.11342,44.40363],[-71.11372,44.40378],[-71.11354,44.40394],[-71.11233,44.40447],[-71.11191,44.40297]]]]},"properties":{"id":"p-040-002","name":"Lead Mine State Forest","status":"verified","acres":212.8,"score":30}},{"type":"Feature","id":237,"geometry":{"type":"Polygon","coordinates":[[[-71.10107,44.41462],[-71.10132,44.41455],[-71.10193,44.41466],[-71.10275,44.41515],[-71.10341,44.41534],[-71.10391,44.4151],[-71.10507,44.41553],[-71.10539,44.41583],[-71.10553,44.41639],[-71.10526,44.41793],[-71.10407,44.41835],[-71.10387,44.41881],[-71.10443,44.41947],[-71.10498,44.42091],[-71.10544,44.42136],[-71.10556,44.42197],[-71.10649,44.42297],[-71.1065,44.42439],[-71.10168,44.42455],[-71.10107,44.41462]]]},"properties":{"id":"p-040-003","name":"Peabody Forest","status":"unknown","acres":80.7,"score":50}},{"type":"Feature","id":238,"geometry":{"type":"Polygon","coordinates":[[[-71.02172,44.48689],[-71.02148,44.484],[-71.03202,44.48053],[-71.03761,44.47776],[-71.03745,44.4692],[-71.04494,44.46587],[-71.04502,44.46429],[-71.04536,44.46293],[-71.05104,44.46314],[-71.05905,44.46025],[-71.06352,44.45536],[-71.06339,44.45375],[-71.064,44.45139],[-71.06964,44.44853],[-71.07419,44.45384],[-71.08183,44.44949],[-71.08733,44.44986],[-71.09111,44.44672],[-71.0916,44.44215],[-71.09429,44.4392],[-71.13711,44.4385],[-71.14069,44.43679],[-71.14701,44.43676],[-71.14981,44.43249],[-71.15407,44.43388],[-71.15597,44.43212],[-71.15218,44.42786],[-71.15547,44.41862],[-71.15223,44.4171],[-71.15056,44.41859],[-71.1452,44.41584],[-71.14405,44.41129],[-71.14223,44.41096],[-71.13702,44.40747],[-71.13708,44.40633],[-71.12992,44.40589],[-71.12973,44.4032],[-71.14104,44.40388],[-71.1409,44.40641],[-71.14418,44.40851],[-71.14741,44.40912],[-71.1488,44.41427],[-71.14981,44.41482],[-71.15146,44.41341],[-71.15997,44.41748],[-71.15631,44.42743],[-71.15973,44.43107],[-71.15972,44.43325],[-71.15561,44.43697],[-71.15111,44.43697],[-71.15111,44.43846],[-71.14919,44.4385],[-71.14913,44.4395],[-71.14186,44.43956],[-71.13943,44.44553],[-71.11991,44.44709],[-71.11249,44.44496],[-71.11032,44.44419],[-71.09992,44.44498],[-71.09499,44.44486],[-71.0946,44.44757],[-71.08873,44.45247],[-71.0829,44.45217],[-71.07313,44.45785],[-71.06747,44.45605],[-71.06174,44.46229],[-71.0516,44.46591],[-71.04887,44.46583],[-71.04867,44.46742],[-71.04111,44.47074],[-71.04141,44.47927],[-71.03406,44.48306],[-71.02172,44.48689]]]},"properties":{"id":"p-040-004","name":"Appalachian Trail Tract 161-01","status":"unknown","acres":1933.6,"score":62}},{"type":"Feature","id":239,"geometry":{"type":"Polygon","coordinates":[[[-71.07243,44.40231],[-71.06948,44.40056],[-71.06998,44.4002],[-71.07172,44.39994],[-71.07257,44.39966],[-71.0732,44.40006],[-71.07406,44.39943],[-71.07484,44.40028],[-71.07434,44.40045],[-71.07452,44.40096],[-71.07501,44.40086],[-71.07512,44.40132],[-71.07373,44.40194],[-71.07243,44.40231]]]},"properties":{"id":"p-040-005","name":"Chester Hayes Memorial Park","status":"unknown","acres":19.7,"score":33}},{"type":"Feature","id":240,"geometry":{"type":"MultiPolygon","coordinates":[[[[-71.0627,44.3991],[-71.06116,44.39914],[-71.06046,44.39917],[-71.06079,44.39864],[-71.062,44.39833],[-71.06209,44.39818],[-71.0627,44.3991]]],[[[-71.08769,44.40752],[-71.08513,44.4072],[-71.08405,44.40676],[-71.08177,44.4063],[-71.08464,44.40514],[-71.08853,44.40747],[-71.08769,44.40752]]],[[[-71.08632,44.4084],[-71.08759,44.40856],[-71.08801,44.40827],[-71.08875,44.40821],[-71.08743,44.40909],[-71.08612,44.40866],[-71.08562,44.40794],[-71.08604,44.40799],[-71.08632,44.4084]]]]},"properties":{"id":"p-040-006","name":"Shelburne Scenic Easement","status":"unknown","acres":19.8,"score":36}},{"type":"Feature","id":241,"geometry":{"type":"Polygon","coordinates":[[[-71.01987,44.3834],[-71.0202,44.38347],[-71.02171,44.3844],[-71.02185,44.38473],[-71.02018,44.38447],[-71.01816,44.3845],[-71.01713,44.38466],[-71.01611,44.38501],[-71.01678,44.38432],[-71.01776,44.38364],[-71.01858,44.38346],[-71.01987,44.3834]]]},"properties":{"id":"p-040-007","name":"Native American Reburial Ground","status":"unknown","acres":9.5,"score":18}},{"type":"Feature","id":242,"geometry":{"type":"Polygon","coordinates":[[[-71.01575,44.38549],[-71.01716,44.38507],[-71.01913,44.38481],[-71.02016,44.38483],[-71.02023,44.38513],[-71.02096,44.3852],[-71.02136,44.38556],[-71.02125,44.38569],[-71.02005,44.3856],[-71.01987,44.38582],[-71.02053,44.38601],[-71.01999,44.38645],[-71.01976,44.38625],[-71.01707,44.3872],[-71.01637,44.38716],[-71.0158,44.38728],[-71.01575,44.38549]]]},"properties":{"id":"p-040-008","name":"Town of Shelburne Land","status":"unknown","acres":18.6,"score":29}},{"type":"Feature","id":243,"geometry":{"type":"Polygon","coordinates":[[[-71.1108,44.39827],[-71.11055,44.39905],[-71.11056,44.39966],[-71.11038,44.39995],[-71.11019,44.3976],[-71.1108,44.39827]]]},"properties":{"id":"p-040-009","name":"Corrigan","status":"unknown","acres":1.4,"score":31}},{"type":"Feature","id":244,"geometry":{"type":"MultiPolygon","coordinates":[[[[-71.10899,44.39529],[-71.11007,44.39594],[-71.10991,44.39668],[-71.11036,44.39719],[-71.11022,44.39729],[-71.1098,44.39706],[-71.10946,44.39667],[-71.10914,44.39572],[-71.10883,44.39541],[-71.10869,44.39498],[-71.10893,44.39509],[-71.10899,44.39529]]],[[[-71.11019,44.3976],[-71.11022,44.39729],[-71.11083,44.39754],[-71.11097,44.39787],[-71.11084,44.39831],[-71.11019,44.3976]]]]},"properties":{"id":"p-040-010","name":"Wilfong","status":"unknown","acres":3.4,"score":39}},{"type":"Feature","id":245,"geometry":{"type":"Polygon","coordinates":[[[-71.03618,44.39345],[-71.03609,44.39325],[-71.03722,44.39332],[-71.04459,44.39272],[-71.04705,44.39271],[-71.04798,44.3928],[-71.04882,44.39305],[-71.05012,44.39373],[-71.04806,44.39529],[-71.04736,44.39567],[-71.04704,44.39612],[-71.03618,44.39345]]]},"properties":{"id":"p-040-011","name":"Town of Shelburne Land","status":"unknown","acres":54.8,"score":43}},{"type":"Feature","id":246,"geometry":{"type":"MultiPolygon","coordinates":[[[[-71.0572,44.40444],[-71.05702,44.40042],[-71.05887,44.40053],[-71.05954,44.40044],[-71.06018,44.40066],[-71.0601,44.40041],[-71.06076,44.40004],[-71.06034,44.40007],[-71.061,44.39976],[-71.06171,44.40585],[-71.06124,44.40627],[-71.0567,44.40498],[-71.0572,44.40444]]],[[[-71.04903,44.41567],[-71.04882,44.41215],[-71.05349,44.41205],[-71.05471,44.40847],[-71.05546,44.4086],[-71.05606,44.40684],[-71.05649,44.40692],[-71.05867,44.40569],[-71.06035,44.40619],[-71.05791,44.40665],[-71.05871,44.41995],[-71.05504,44.42004],[-71.0551,44.4219],[-71.04438,44.42229],[-71.04382,44.41584],[-71.04903,44.41567]]]]},"properties":{"id":"p-040-012","name":"Croftie Farm","status":"unknown","acres":353.0,"score":58}},{"type":"Feature","id":247,"geometry":{"type":"MultiPolygon","coordinates":[[[[-71.05702,44.40042],[-71.0572,44.40444],[-71.0567,44.40498],[-71.05479,44.40427],[-71.05271,44.404],[-71.05015,44.40326],[-71.04925,44.40318],[-71.04762,44.40348],[-71.04639,44.40344],[-71.04697,44.40197],[-71.04812,44.40204],[-71.04867,44.40173],[-71.04904,44.40168],[-71.0492,44.40152],[-71.04894,44.40165],[-71.04855,44.40166],[-71.04808,44.40197],[-71.04681,44.40186],[-71.04688,44.40177],[-71.04649,44.40141],[-71.04557,44.40119],[-71.04547,44.40086],[-71.04464,44.40032],[-71.04489,44.40043],[-71.0464,44.40036],[-71.04861,44.40054],[-71.05146,44.40003],[-71.05421,44.40004],[-71.05702,44.40042]]],[[[-71.04578,44.40504],[-71.04635,44.40357],[-71.04749,44.40363],[-71.04906,44.40333],[-71.04969,44.40334],[-71.05023,44.40366],[-71.04984,44.40402],[-71.05118,44.40566],[-71.05391,44.4062],[-71.05323,44.40821],[-71.05471,44.40847],[-71.05349,44.41205],[-71.04882,44.41215],[-71.04903,44.41567],[-71.04382,44.41584],[-71.04402,44.41786],[-71.03355,44.41812],[-71.03282,44.41022],[-71.04864,44.4097],[-71.04844,44.40489],[-71.04578,44.40504]]]]},"properties":{"id":"p-040-013","name":"Philbrook Farm Inn","status":"unknown","acres":427.3,"score":61}},{"type":"Feature","id":248,"geometry":{"type":"Polygon","coordinates":[[[-71.06101,44.3998],[-71.06254,44.39966],[-71.06355,44.39996],[-71.06489,44.40141],[-71.06619,44.40361],[-71.06713,44.40464],[-71.06663,44.4048],[-71.06603,44.40385],[-71.06529,44.40388],[-71.06449,44.40262],[-71.06393,44.40223],[-71.06271,44.40187],[-71.0621,44.40147],[-71.06116,44.40124],[-71.06101,44.3998]]]},"properties":{"id":"p-040-014","name":"NRCS_WRP_Tassey","status":"unknown","acres":20.3,"score":55}},{"type":"Feature","id":249,"geometry":{"type":"Polygon","coordinates":[[[-71.03406,44.48306],[-71.04141,44.47927],[-71.04111,44.47074],[-71.04867,44.46742],[-71.04887,44.46583],[-71.0516,44.46591],[-71.06174,44.46229],[-71.06747,44.45605],[-71.07313,44.45785],[-71.0829,44.45217],[-71.08873,44.45247],[-71.0946,44.44757],[-71.09499,44.44486],[-71.09992,44.44498],[-71.10998,44.44421],[-71.10751,44.45823],[-71.10768,44.45838],[-71.10641,44.46506],[-71.09179,44.46555],[-71.0638,44.48246],[-71.06375,44.48529],[-71.07412,44.48257],[-71.07745,44.48395],[-71.07647,44.48441],[-71.07532,44.48537],[-71.07513,44.48651],[-71.06231,44.4885],[-71.06183,44.49754],[-71.04389,44.49788],[-71.0446,44.50595],[-71.0356,44.50593],[-71.03579,44.50653],[-71.03862,44.50843],[-71.04504,44.51027],[-71.04003,44.51173],[-71.0376,44.51272],[-71.0371,44.51341],[-71.03635,44.51566],[-71.02954,44.51472],[-71.0256,44.51108],[-71.02367,44.5097],[-71.02171,44.48693],[-71.03406,44.48306]]]},"properties":{"id":"p-040-015","name":"Appalachian Trail","status":"unknown","acres":4762.9,"score":68}},{"type":"Feature","id":250,"geometry":{"type":"Polygon","coordinates":[[[-71.08836,44.42235],[-71.08349,44.42254],[-71.08427,44.41724],[-71.08888,44.41741],[-71.08916,44.41553],[-71.08947,44.41475],[-71.09075,44.41485],[-71.09178,44.41459],[-71.09261,44.42473],[-71.08864,44.42493],[-71.08836,44.42235]]]},"properties":{"id":"p-040-016","name":"First Mountain Forest","status":"unknown","acres":129.5,"score":54}},{"type":"Feature","id":251,"geometry":{"type":"Polygon","coordinates":[[[-71.11191,44.40297],[-71.11233,44.40447],[-71.11084,44.40537],[-71.11068,44.40325],[-71.11191,44.40297]]]},"properties":{"id":"p-040-017","name":"Androscoggin WMA","status":"unknown","acres":5.7,"score":27}},{"type":"Feature","id":252,"geometry":{"type":"MultiPolygon","coordinates":[[[[-71.03624,44.40113],[-71.0337,44.40035],[-71.03296,44.40026],[-71.03326,44.39896],[-71.03396,44.39942],[-71.03507,44.39943],[-71.0357,44.39905],[-71.03599,44.39866],[-71.03712,44.39845],[-71.03829,44.39861],[-71.03942,44.39903],[-71.03956,44.39927],[-71.03943,44.39955],[-71.03814,44.40001],[-71.03775,44.40034],[-71.03745,44.4015],[-71.03723,44.40145],[-71.03732,44.40111],[-71.03629,44.40094],[-71.03624,44.40113]]],[[[-71.02972,44.41313],[-71.02885,44.41176],[-71.02804,44.41087],[-71.02737,44.41032],[-71.02616,44.40964],[-71.02631,44.4063],[-71.02866,44.40577],[-71.02869,44.40339],[-71.02897,44.40291],[-71.03052,44.40126],[-71.03099,44.4003],[-71.03264,44.40034],[-71.03233,44.40108],[-71.03386,44.40139],[-71.03417,44.40062],[-71.03583,44.40113],[-71.03593,44.40179],[-71.03738,44.40225],[-71.03791,44.40999],[-71.03282,44.41022],[-71.03305,44.4129],[-71.02972,44.41313]]]]},"properties":{"id":"p-040-018","name":"Crow Mountain Farm","status":"unknown","acres":244.6,"score":45}},{"type":"Feature","id":253,"geometry":{"type":"MultiPolygon","coordinates":[[[[-71.15049,44.39121],[-71.15127,44.39139],[-71.15222,44.39145],[-71.15303,44.39174],[-71.15129,44.39207],[-71.14954,44.39149],[-71.14925,44.39127],[-71.14982,44.39124],[-71.15042,44.39142],[-71.15055,44.3914],[-71.15061,44.39136],[-71.15039,44.39141],[-71.14982,44.39122],[-71.15049,44.39121]]],[[[-71.14486,44.39127],[-71.14243,44.39129],[-71.1422,44.39114],[-71.14063,44.39084],[-71.14039,44.39075],[-71.14027,44.38978],[-71.14086,44.38993],[-71.14124,44.39023],[-71.14217,44.39008],[-71.14285,44.3897],[-71.14345,44.38972],[-71.14427,44.38994],[-71.14495,44.38991],[-71.14486,44.39127]]],[[[-71.13798,44.39063],[-71.13642,44.39053],[-71.13733,44.39033],[-71.13798,44.39063]]],[[[-71.1429,44.39147],[-71.14066,44.39151],[-71.14013,44.39104],[-71.14178,44.39118],[-71.1425,44.39144],[-71.1429,44.39147]]],[[[-71.13078,44.39218],[-71.13096,44.39201],[-71.13049,44.39204],[-71.12989,44.3918],[-71.1298,44.39167],[-71.12994,44.39147],[-71.13079,44.39151],[-71.13165,44.39123],[-71.1308,44.39145],[-71.12994,44.39133],[-71.12951,44.39143],[-71.1293,44.39125],[-71.1285,44.39182],[-71.12796,44.39198],[-71.12794,44.39048],[-71.12878,44.38984],[-71.1292,44.3902],[-71.13035,44.38976],[-71.13007,44.38901],[-71.13273,44.38744],[-71.13536,44.38763],[-71.13548,44.38927],[-71.13102,44.39216],[-71.13078,44.39218]]],[[[-71.13929,44.3919],[-71.1381,44.39189],[-71.13752,44.39167],[-71.13839,44.39146],[-71.1387,44.39107],[-71.14015,44.3917],[-71.13929,44.3919]]],[[[-71.13634,44.39063],[-71.13817,44.39075],[-71.13854,44.39097],[-71.13839,44.39121],[-71.13803,44.39138],[-71.13778,44.39133],[-71.13742,44.39144],[-71.13674,44.39191],[-71.13609,44.39202],[-71.1357,44.39146],[-71.13605,44.39079],[-71.13634,44.39063]]],[[[-71.13635,44.38914],[-71.13684,44.38894],[-71.13634,44.38936],[-71.1363,44.39013],[-71.13577,44.39031],[-71.13487,44.39121],[-71.13345,44.39148],[-71.13294,44.39176],[-71.13249,44.39231],[-71.13243,44.39269],[-71.13179,44.39329],[-71.13131,44.39353],[-71.13016,44.3938],[-71.12924,44.39383],[-71.12957,44.39353],[-71.13024,44.39371],[-71.13007,44.39351],[-71.12963,44.39344],[-71.13635,44.38914]]],[[[-71.1332,44.39221],[-71.1337,44.39186],[-71.13514,44.39154],[-71.13531,44.39161],[-71.13548,44.39221],[-71.13543,44.39239],[-71.13456,44.39277],[-71.1339,44.39298],[-71.13365,44.39314],[-71.13338,44.39307],[-71.13324,44.39315],[-71.13288,44.39299],[-71.1332,44.39221]]],[[[-71.13366,44.39317],[-71.13419,44.39295],[-71.13524,44.39254],[-71.13445,44.39343],[-71.13355,44.3935],[-71.13337,44.39317],[-71.13366,44.39317]]],[[[-71.13032,44.39261],[-71.12947,44.39241],[-71.12878,44.39211],[-71.12929,44.39198],[-71.13079,44.39232],[-71.13032,44.39261]]],[[[-71.13319,44.39329],[-71.13321,44.39354],[-71.13176,44.39377],[-71.13254,44.39331],[-71.13319,44.39329]]],[[[-71.12893,44.39337],[-71.12871,44.39312],[-71.129,44.39304],[-71.12896,44.39281],[-71.12824,44.3927],[-71.12836,44.39245],[-71.13008,44.39272],[-71.12917,44.39337],[-71.12893,44.39337]]],[[[-71.12887,44.3942],[-71.12941,44.39407],[-71.12974,44.39422],[-71.12931,44.39461],[-71.1285,44.39489],[-71.12834,44.39472],[-71.12887,44.3942]]],[[[-71.10414,44.40449],[-71.10557,44.40405],[-71.11068,44.40325],[-71.11084,44.40537],[-71.10994,44.40574],[-71.10934,44.40577],[-71.10856,44.40559],[-71.10791,44.4052],[-71.10604,44.40529],[-71.10486,44.40522],[-71.1033,44.40551],[-71.10244,44.40607],[-71.10202,44.40561],[-71.10324,44.40505],[-71.10315,44.40495],[-71.10414,44.40449]]],[[[-71.11034,44.4079],[-71.11019,44.40823],[-71.10921,44.40918],[-71.10988,44.40744],[-71.11022,44.40765],[-71.11034,44.4079]]],[[[-71.10256,44.40978],[-71.10163,44.40964],[-71.10146,44.4091],[-71.10093,44.40867],[-71.0992,44.40801],[-71.1007,44.40748],[-71.10192,44.40655],[-71.10352,44.40619],[-71.1041,44.40567],[-71.10486,44.40548],[-71.10696,44.40556],[-71.10821,44.40597],[-71.10931,44.40611],[-71.10941,44.40622],[-71.1092,44.40631],[-71.10963,44.40625],[-71.10783,44.40856],[-71.10548,44.41024],[-71.10428,44.41052],[-71.10384,44.41023],[-71.10185,44.40941],[-71.10256,44.40978]]],[[[-71.10714,44.40943],[-71.10823,44.40878],[-71.10875,44.40866],[-71.10861,44.4093],[-71.10816,44.40996],[-71.10782,44.41012],[-71.10685,44.41017],[-71.10714,44.40943]]],[[[-71.10262,44.41066],[-71.10172,44.41041],[-71.10146,44.41003],[-71.10158,44.40979],[-71.1019,44.4097],[-71.10423,44.41054],[-71.10262,44.41066]]],[[[-71.02836,44.38866],[-71.02792,44.38857],[-71.02782,44.38868],[-71.02801,44.3887],[-71.02807,44.38876],[-71.02769,44.38872],[-71.02736,44.3883],[-71.02472,44.38718],[-71.02405,44.38661],[-71.02235,44.38578],[-71.0218,44.3857],[-71.02074,44.38601],[-71.01987,44.38582],[-71.02013,44.38557],[-71.02058,44.3857],[-71.02135,44.38562],[-71.02096,44.3852],[-71.02023,44.38513],[-71.02016,44.38483],[-71.02199,44.38511],[-71.02346,44.38564],[-71.0287,44.38867],[-71.02823,44.38884],[-71.02836,44.38866]]],[[[-71.10399,44.40559],[-71.10355,44.40605],[-71.10303,44.40617],[-71.10326,44.40577],[-71.10399,44.40559]]],[[[-71.03042,44.38997],[-71.03243,44.39212],[-71.03349,44.39283],[-71.03471,44.39337],[-71.05161,44.39757],[-71.05194,44.39934],[-71.0495,44.39961],[-71.04878,44.39939],[-71.04837,44.39914],[-71.04682,44.39887],[-71.04629,44.39815],[-71.04533,44.39756],[-71.04439,44.39763],[-71.04345,44.3979],[-71.04319,44.39777],[-71.04338,44.3979],[-71.04327,44.39792],[-71.04285,44.39783],[-71.04238,44.39792],[-71.0408,44.39768],[-71.03866,44.39802],[-71.03879,44.39791],[-71.03869,44.39785],[-71.03897,44.39771],[-71.03834,44.3979],[-71.03404,44.39807],[-71.03303,44.39795],[-71.0317,44.39742],[-71.03087,44.3969],[-71.03025,44.39628],[-71.02965,44.39538],[-71.02891,44.3947],[-71.02866,44.39398],[-71.02873,44.39291],[-71.02951,44.39214],[-71.0294,44.39246],[-71.0298,44.39212],[-71.03009,44.39206],[-71.0299,44.39037],[-71.02957,44.38924],[-71.03042,44.38997]]],[[[-71.02737,44.39827],[-71.0257,44.39649],[-71.02524,44.39623],[-71.02054,44.39476],[-71.01628,44.39439],[-71.01595,44.38807],[-71.01657,44.38792],[-71.01713,44.38794],[-71.02097,44.38667],[-71.02167,44.38666],[-71.0225,44.38684],[-71.02315,44.38714],[-71.02414,44.38806],[-71.02497,44.3886],[-71.02704,44.38892],[-71.02818,44.38929],[-71.02843,44.38923],[-71.0288,44.38945],[-71.0292,44.3901],[-71.02924,44.39106],[-71.02904,44.39161],[-71.02787,44.39277],[-71.02769,44.39344],[-71.02777,44.39454],[-71.02829,44.39554],[-71.02903,44.39605],[-71.03015,44.39721],[-71.02925,44.39782],[-71.02844,44.39735],[-71.02737,44.39827]]],[[[-71.09953,44.4073],[-71.10119,44.40685],[-71.10103,44.40719],[-71.10024,44.40756],[-71.09919,44.40784],[-71.09841,44.40784],[-71.09858,44.40767],[-71.09953,44.4073]]],[[[-71.04517,44.39771],[-71.0457,44.39788],[-71.04584,44.39806],[-71.04562,44.39809],[-71.04566,44.39817],[-71.04536,44.39813],[-71.04494,44.39779],[-71.04517,44.39771]]],[[[-71.04494,44.39785],[-71.04526,44.39814],[-71.04589,44.39828],[-71.04601,44.39856],[-71.04464,44.39824],[-71.04354,44.39843],[-71.04286,44.3981],[-71.0436,44.39811],[-71.04426,44.39787],[-71.04494,44.39785]]],[[[-71.04514,44.39852],[-71.04658,44.39915],[-71.04781,44.39929],[-71.049,44.39986],[-71.0479,44.40009],[-71.04651,44.39986],[-71.04507,44.39985],[-71.0449,44.39973],[-71.04521,44.39974],[-71.04488,44.39967],[-71.04365,44.39864],[-71.04406,44.39864],[-71.04449,44.39848],[-71.04514,44.39852]]],[[[-71.04344,44.39937],[-71.04334,44.39872],[-71.0445,44.39968],[-71.04412,44.39965],[-71.04344,44.39937]]],[[[-71.03972,44.39839],[-71.04068,44.39814],[-71.04143,44.39848],[-71.04186,44.39899],[-71.0415,44.39935],[-71.04064,44.39934],[-71.04112,44.39917],[-71.04033,44.39936],[-71.04001,44.39925],[-71.03991,44.39904],[-71.04006,44.39896],[-71.03982,44.39888],[-71.03985,44.39897],[-71.03972,44.39897],[-71.03951,44.39873],[-71.03978,44.39879],[-71.04006,44.39869],[-71.04006,44.39844],[-71.03972,44.39839]]],[[[-71.03955,44.3996],[-71.04027,44.39969],[-71.04103,44.39944],[-71.04198,44.39951],[-71.04225,44.39931],[-71.04412,44.40032],[-71.0445,44.40035],[-71.04536,44.40093],[-71.0456,44.40124],[-71.04615,44.40137],[-71.04699,44.4019],[-71.04669,44.40268],[-71.04485,44.40235],[-71.0445,44.40324],[-71.04202,44.40303],[-71.04095,44.40279],[-71.03745,44.4015],[-71.03775,44.40034],[-71.03814,44.40001],[-71.03955,44.3996],[-71.03903,44.39987],[-71.03955,44.3996]]],[[[-71.07784,44.40714],[-71.07906,44.40791],[-71.08048,44.40848],[-71.08679,44.40973],[-71.08675,44.40984],[-71.08414,44.40981],[-71.08294,44.41006],[-71.08284,44.41036],[-71.08205,44.41056],[-71.07932,44.41083],[-71.07719,44.41079],[-71.07478,44.40998],[-71.07352,44.40917],[-71.07439,44.40516],[-71.07486,44.4045],[-71.07784,44.40714]]],[[[-71.06976,44.40772],[-71.06891,44.40755],[-71.06867,44.40728],[-71.06866,44.40631],[-71.06851,44.40595],[-71.06898,44.40625],[-71.06944,44.40636],[-71.07035,44.40698],[-71.07117,44.40832],[-71.07094,44.40836],[-71.06976,44.40772]]],[[[-71.07323,44.41038],[-71.07284,44.40977],[-71.07236,44.40868],[-71.0734,44.40976],[-71.07451,44.41044],[-71.0737,44.41068],[-71.07323,44.41038]]],[[[-71.07442,44.41062],[-71.07509,44.41068],[-71.07755,44.41134],[-71.07665,44.41152],[-71.07503,44.41119],[-71.07432,44.41116],[-71.07436,44.41097],[-71.07398,44.41076],[-71.07442,44.41062]]],[[[-71.07566,44.4118],[-71.07536,44.41204],[-71.07508,44.41203],[-71.07448,44.41188],[-71.07426,44.4117],[-71.07501,44.4116],[-71.07566,44.4118]]],[[[-71.04288,44.40321],[-71.04253,44.40404],[-71.04597,44.40458],[-71.04578,44.40504],[-71.04844,44.40489],[-71.04864,44.4097],[-71.03791,44.40999],[-71.03756,44.40361],[-71.04234,44.40402],[-71.04269,44.40321],[-71.04288,44.40321]]]]},"properties":{"id":"p-040-019","name":"Shelburne Riverlands","status":"unknown","acres":876.8,"score":43}},{"type":"Feature","id":254,"geometry":{"type":"Polygon","coordinates":[[[-71.10239,44.43286],[-71.0951,44.43681],[-71.09445,44.437],[-71.09357,44.43759],[-71.09345,44.43785],[-71.09277,44.43816],[-71.09206,44.4294],[-71.09193,44.42486],[-71.10642,44.42439],[-71.13017,44.42406],[-71.13127,44.42529],[-71.13141,44.42565],[-71.13142,44.42724],[-71.13185,44.42813],[-71.13165,44.42971],[-71.13198,44.4305],[-71.13352,44.43275],[-71.13364,44.43317],[-71.12805,44.43567],[-71.12656,44.43813],[-71.11071,44.43849],[-71.10852,44.43305],[-71.10239,44.43286]]]},"properties":{"id":"p-040-020","name":"Bald Cap Peak Forest","status":"unknown","acres":1030.2,"score":64}},{"type":"Feature","id":255,"geometry":{"type":"MultiPolygon","coordinates":[[[[-71.76402,44.40459],[-71.76216,44.40523],[-71.76204,44.40515],[-71.76065,44.40541],[-71.75837,44.4054],[-71.75659,44.40513],[-71.75543,44.4046],[-71.75484,44.40449],[-71.75277,44.40331],[-71.75212,44.40282],[-71.75088,44.40149],[-71.75022,44.40103],[-71.74875,44.40049],[-71.74681,44.40021],[-71.74513,44.40023],[-71.7421,44.40087],[-71.74121,44.40157],[-71.73935,44.40259],[-71.7394,44.4028],[-71.73916,44.40288],[-71.73943,44.40285],[-71.73953,44.40274],[-71.7398,44.40306],[-71.74023,44.40274],[-71.73982,44.4038],[-71.73865,44.40307],[-71.74104,44.4006],[-71.7408,44.40012],[-71.74124,44.39996],[-71.7447,44.3993],[-71.74555,44.39925],[-71.74649,44.39935],[-71.74787,44.39914],[-71.74915,44.39974],[-71.75036,44.40012],[-71.7509,44.40045],[-71.75184,44.4012],[-71.75254,44.40212],[-71.75852,44.39846],[-71.76402,44.40459]]],[[[-71.72429,44.41062],[-71.72199,44.41043],[-71.71904,44.40975],[-71.71844,44.40988],[-71.7183,44.40915],[-71.71873,44.40915],[-71.71948,44.40958],[-71.72288,44.41015],[-71.72826,44.40984],[-71.72887,44.41044],[-71.72429,44.41062]]]]},"properties":{"id":"p-043-018","name":"TransCanada CE","status":"unknown","acres":142.4,"score":36}},{"type":"Feature","id":256,"geometry":{"type":"Polygon","coordinates":[[[-71.68473,44.36122],[-71.68446,44.36142],[-71.68078,44.35762],[-71.68105,44.35756],[-71.67743,44.35382],[-71.67401,44.35614],[-71.67345,44.35561],[-71.67172,44.35493],[-71.67062,44.35414],[-71.67078,44.35352],[-71.67153,44.35346],[-71.67194,44.3533],[-71.67264,44.35251],[-71.67346,44.35205],[-71.67356,44.35122],[-71.68443,44.35585],[-71.68599,44.35511],[-71.68657,44.35501],[-71.68952,44.35809],[-71.69379,44.35532],[-71.70136,44.36334],[-71.69718,44.36633],[-71.69881,44.36815],[-71.6946,44.37102],[-71.6929,44.3692],[-71.68473,44.36122]]]},"properties":{"id":"p-044-001","name":"Forest Lake State Park","status":"verified","acres":413.1,"score":47}},{"type":"Feature","id":257,"geometry":{"type":"Polygon","coordinates":[[[-71.72128,44.36886],[-71.7204,44.36948],[-71.72173,44.37093],[-71.72233,44.3706],[-71.72297,44.37061],[-71.72328,44.37025],[-71.7235,44.37025],[-71.7238,44.36986],[-71.72513,44.37158],[-71.72472,44.37273],[-71.72479,44.3735],[-71.72172,44.37377],[-71.72231,44.37426],[-71.72235,44.37448],[-71.72209,44.3749],[-71.72218,44.37506],[-71.72129,44.37554],[-71.72016,44.37414],[-71.7145,44.3774],[-71.71254,44.37475],[-71.72,44.36968],[-71.71847,44.36861],[-71.7185,44.36818],[-71.72022,44.3685],[-71.7213,44.36843],[-71.72128,44.36886]]]},"properties":{"id":"p-044-002","name":"Ruth & Slade Gorton Memorial Forest","status":"unknown","acres":105.5,"score":45}},{"type":"Feature","id":258,"geometry":{"type":"Polygon","coordinates":[[[-71.7213,44.36843],[-71.72236,44.36817],[-71.7238,44.36986],[-71.7235,44.37025],[-71.72328,44.37025],[-71.72297,44.37061],[-71.72233,44.3706],[-71.72173,44.37093],[-71.7204,44.36948],[-71.72128,44.36886],[-71.7213,44.36843]]]},"properties":{"id":"p-044-003","name":"Thompson","status":"unknown","acres":11.6,"score":33}},{"type":"Feature","id":259,"geometry":{"type":"Polygon","coordinates":[[[-71.7248,44.37364],[-71.72218,44.37506],[-71.72211,44.37503],[-71.72235,44.37436],[-71.72172,44.37377],[-71.72479,44.3735],[-71.7248,44.37364]]]},"properties":{"id":"p-044-004","name":"Hall-Nilsen","status":"unknown","acres":4.4,"score":36}},{"type":"Feature","id":260,"geometry":{"type":"Polygon","coordinates":[[[-71.62558,44.36345],[-71.62575,44.36281],[-71.62628,44.3623],[-71.62514,44.36143],[-71.62595,44.36089],[-71.62847,44.36229],[-71.62593,44.3642],[-71.62558,44.36345]]]},"properties":{"id":"p-044-013","name":"Whitefield Water Department Land","status":"unknown","acres":10.9,"score":28}},{"type":"Feature","id":261,"geometry":{"type":"Polygon","coordinates":[[[-71.63527,44.32363],[-71.63582,44.3238],[-71.63449,44.32575],[-71.63331,44.32538],[-71.63167,44.32774],[-71.62919,44.327],[-71.62981,44.32493],[-71.62876,44.32471],[-71.62815,44.32541],[-71.62762,44.32654],[-71.62346,44.32529],[-71.62333,44.32516],[-71.62822,44.3179],[-71.63732,44.3208],[-71.63527,44.32363]]]},"properties":{"id":"p-044-021","name":"Maple Lane Farm","status":"unknown","acres":166.5,"score":72}},{"type":"Feature","id":262,"geometry":{"type":"Polygon","coordinates":[[[-71.6646,44.32948],[-71.65927,44.32784],[-71.65928,44.32779],[-71.6646,44.32948]]]},"properties":{"id":"p-044-023","name":"Shooting Range/Mitigation Site","status":"unknown","acres":0.5,"score":30}},{"type":"Feature","id":263,"geometry":{"type":"Polygon","coordinates":[[[-71.58779,44.35853],[-71.58655,44.35723],[-71.5858,44.35547],[-71.58931,44.35538],[-71.58803,44.35309],[-71.59672,44.3522],[-71.59748,44.35622],[-71.59885,44.35677],[-71.59958,44.36065],[-71.5968,44.35975],[-71.59711,44.36169],[-71.58719,44.36289],[-71.5858,44.35905],[-71.58627,44.359],[-71.58779,44.35853]],[[-71.5911,44.36068],[-71.59148,44.36037],[-71.59049,44.35964],[-71.59007,44.36002],[-71.59096,44.36059],[-71.5905,44.36105],[-71.59155,44.36173],[-71.59206,44.36132],[-71.5911,44.36068]]]},"properties":{"id":"p-045-001","name":"Bean","status":"unknown","acres":225.8,"score":74}},{"type":"Feature","id":264,"geometry":{"type":"Polygon","coordinates":[[[-71.56249,44.33216],[-71.56117,44.3274],[-71.56447,44.3269],[-71.56557,44.32755],[-71.56991,44.33552],[-71.5682,44.33577],[-71.56832,44.33592],[-71.56702,44.33613],[-71.56653,44.33354],[-71.56531,44.33185],[-71.56249,44.33216]]]},"properties":{"id":"p-045-002","name":"Livingstone","status":"unknown","acres":72.8,"score":39}},{"type":"Feature","id":265,"geometry":{"type":"Polygon","coordinates":[[[-71.53212,44.265],[-71.52479,44.26601],[-71.52457,44.26561],[-71.52455,44.26506],[-71.52531,44.26471],[-71.52591,44.26413],[-71.52774,44.26305],[-71.52798,44.26274],[-71.53426,44.26077],[-71.53617,44.26056],[-71.53656,44.26168],[-71.53723,44.26215],[-71.53752,44.26255],[-71.53803,44.26415],[-71.53926,44.26491],[-71.53965,44.26545],[-71.5396,44.26682],[-71.53896,44.26789],[-71.53876,44.2678],[-71.5385,44.26877],[-71.53951,44.26936],[-71.53893,44.26945],[-71.53824,44.2689],[-71.5381,44.26864],[-71.53821,44.26761],[-71.53776,44.2667],[-71.5374,44.2665],[-71.53691,44.26646],[-71.5352,44.2657],[-71.53413,44.26578],[-71.5342,44.26818],[-71.53263,44.26868],[-71.53212,44.265]]]},"properties":{"id":"p-045-003","name":"Twin Mountain Recreation Area","status":"unknown","acres":125.9,"score":33}},{"type":"Feature","id":266,"geometry":{"type":"MultiPolygon","coordinates":[[[[-71.54233,44.26937],[-71.5426,44.2692],[-71.54465,44.26945],[-71.54819,44.27043],[-71.54809,44.27069],[-71.54479,44.26977],[-71.54337,44.26952],[-71.54339,44.26942],[-71.54233,44.26937]]],[[[-71.47318,44.27066],[-71.47009,44.26967],[-71.46967,44.26916],[-71.47028,44.26968],[-71.47297,44.27059],[-71.4763,44.2705],[-71.47318,44.27066]]]]},"properties":{"id":"p-045-006","name":"Carroll Recreational Trail","status":"verified","acres":4.2,"score":15}},{"type":"Feature","id":267,"geometry":{"type":"Polygon","coordinates":[[[-71.54696,44.30662],[-71.54586,44.30543],[-71.5464,44.30542],[-71.54632,44.30494],[-71.5465,44.30487],[-71.5464,44.30469],[-71.54624,44.30475],[-71.54587,44.30435],[-71.54526,44.30451],[-71.54472,44.30353],[-71.54768,44.30328],[-71.54891,44.30386],[-71.54901,44.30435],[-71.54834,44.30563],[-71.5473,44.30627],[-71.54728,44.30691],[-71.54832,44.30799],[-71.54767,44.30857],[-71.54732,44.30819],[-71.54665,44.30923],[-71.54603,44.30946],[-71.5455,44.3094],[-71.54516,44.30909],[-71.54536,44.30816],[-71.54499,44.30726],[-71.54564,44.3075],[-71.54567,44.30693],[-71.54696,44.30662]]]},"properties":{"id":"p-045-007","name":"Twin Mountain Fish Hatchery","status":"unknown","acres":29.9,"score":26}},{"type":"Feature","id":268,"geometry":{"type":"MultiPolygon","coordinates":[[[[-71.52298,44.34806],[-71.5231,44.34863],[-71.52107,44.34893],[-71.52056,44.34877],[-71.52019,44.34829],[-71.52298,44.34806]]],[[[-71.55745,44.36819],[-71.55742,44.36857],[-71.55709,44.36856],[-71.55648,44.36932],[-71.5503,44.36904],[-71.54985,44.36879],[-71.53396,44.36936],[-71.5327,44.36953],[-71.53367,44.36882],[-71.5329,44.36896],[-71.53279,44.3674],[-71.53663,44.36754],[-71.53656,44.36652],[-71.54516,44.36621],[-71.53531,44.3608],[-71.53722,44.36028],[-71.53849,44.35979],[-71.54066,44.35841],[-71.54353,44.35887],[-71.54802,44.361],[-71.55082,44.35938],[-71.55512,44.36145],[-71.55745,44.36819]]]]},"properties":{"id":"p-045-008","name":"Whitefield Water Department Land","status":"unknown","acres":370.0,"score":38}},{"type":"Feature","id":269,"geometry":{"type":"Polygon","coordinates":[[[-71.50869,44.35461],[-71.50669,44.3551],[-71.50661,44.35492],[-71.50768,44.35475],[-71.5086,44.35444],[-71.50869,44.35461]]]},"properties":{"id":"p-045-012","name":"Ackerman","status":"unknown","acres":0.7,"score":32}},{"type":"Feature","id":270,"geometry":{"type":"Polygon","coordinates":[[[-71.50328,44.35553],[-71.50675,44.35509],[-71.50938,44.35441],[-71.50955,44.35461],[-71.5131,44.35421],[-71.51406,44.35885],[-71.50425,44.36004],[-71.50328,44.35553]]]},"properties":{"id":"p-045-013","name":"Haase Tract","status":"unknown","acres":101.6,"score":47}},{"type":"Feature","id":271,"geometry":{"type":"Polygon","coordinates":[[[-71.57033,44.26603],[-71.57024,44.26688],[-71.57069,44.26762],[-71.57378,44.26804],[-71.57384,44.26863],[-71.57366,44.26934],[-71.57444,44.26996],[-71.57351,44.27075],[-71.57213,44.27119],[-71.57142,44.271],[-71.57158,44.27085],[-71.57162,44.2702],[-71.57148,44.26982],[-71.5717,44.26951],[-71.57155,44.26914],[-71.57094,44.26888],[-71.57066,44.26857],[-71.57031,44.26774],[-71.56986,44.2672],[-71.56988,44.26701],[-71.56964,44.26673],[-71.56906,44.26643],[-71.56895,44.26615],[-71.57033,44.26603]]]},"properties":{"id":"p-045-014","name":"Carroll Conservation Easement","status":"unknown","acres":21.2,"score":33}},{"type":"Feature","id":272,"geometry":{"type":"Polygon","coordinates":[[[-71.50231,44.36038],[-71.50048,44.35603],[-71.50193,44.35576],[-71.50208,44.35648],[-71.50345,44.35629],[-71.50427,44.36019],[-71.50231,44.36038]]]},"properties":{"id":"p-045-015","name":"NH DOT Rte 2 Mitigation","status":"unknown","acres":22.7,"score":44}},{"type":"Feature","id":273,"geometry":{"type":"MultiPolygon","coordinates":[[[[-71.56569,44.36188],[-71.56563,44.36122],[-71.56493,44.36016],[-71.5667,44.36057],[-71.56711,44.35962],[-71.56519,44.35918],[-71.56435,44.35611],[-71.56504,44.35588],[-71.5655,44.35551],[-71.56612,44.3553],[-71.56771,44.35532],[-71.56904,44.35511],[-71.57084,44.3551],[-71.57361,44.35463],[-71.57452,44.35936],[-71.57157,44.36083],[-71.5709,44.36066],[-71.56907,44.36139],[-71.56941,44.36215],[-71.56878,44.36239],[-71.56713,44.36261],[-71.5669,44.36164],[-71.56569,44.36188]],[[-71.56703,44.3593],[-71.57079,44.3594],[-71.5708,44.35659],[-71.56703,44.35648],[-71.56703,44.3593]]],[[[-71.57113,44.36128],[-71.57236,44.36058],[-71.57302,44.36125],[-71.57329,44.36327],[-71.57514,44.36266],[-71.57545,44.36417],[-71.56605,44.36516],[-71.5656,44.36334],[-71.56674,44.36283],[-71.56853,44.3626],[-71.56948,44.36228],[-71.56971,44.3628],[-71.57076,44.36281],[-71.57179,44.362],[-71.57113,44.36128]]]]},"properties":{"id":"p-045-017","name":"Rexford Conservation Area","status":"prohibited","acres":142.1,"score":42}},{"type":"Feature","id":274,"geometry":{"type":"Polygon","coordinates":[[[-71.50454,44.36482],[-71.50295,44.36392],[-71.50266,44.36345],[-71.50244,44.36264],[-71.50278,44.36225],[-71.50252,44.36155],[-71.5024,44.36038],[-71.50427,44.36019],[-71.50532,44.36545],[-71.50473,44.36552],[-71.50454,44.36482]]]},"properties":{"id":"p-045-019","name":"Pondicherry","status":"unknown","acres":20.4,"score":72}},{"type":"Feature","id":275,"geometry":{"type":"Polygon","coordinates":[[[-71.47561,44.36248],[-71.47421,44.36266],[-71.47332,44.35878],[-71.47798,44.35817],[-71.47855,44.36038],[-71.47861,44.36164],[-71.47671,44.36191],[-71.47708,44.36316],[-71.47579,44.36332],[-71.47561,44.36248]]]},"properties":{"id":"p-046-001","name":"Hartley","status":"unknown","acres":41.4,"score":46}},{"type":"Feature","id":276,"geometry":{"type":"Polygon","coordinates":[[[-71.45031,44.35192],[-71.44917,44.34718],[-71.45924,44.34588],[-71.46055,44.3507],[-71.45031,44.35192]]]},"properties":{"id":"p-046-002","name":"Agnew State Forest","status":"verified","acres":109.4,"score":46}},{"type":"Feature","id":277,"geometry":{"type":"MultiPolygon","coordinates":[[[[-71.50345,44.35629],[-71.50208,44.35648],[-71.50193,44.35576],[-71.50328,44.35553],[-71.50345,44.35629]]],[[[-71.4965,44.36097],[-71.49441,44.36123],[-71.49362,44.35803],[-71.49571,44.3574],[-71.4965,44.36097],[-71.50222,44.3603],[-71.5024,44.36038],[-71.50252,44.36155],[-71.50278,44.36225],[-71.50244,44.36264],[-71.50266,44.36345],[-71.50295,44.36392],[-71.50361,44.3644],[-71.50454,44.36482],[-71.50473,44.36552],[-71.49751,44.36625],[-71.4965,44.36097]]],[[[-71.48665,44.36349],[-71.4862,44.36371],[-71.48588,44.36409],[-71.48477,44.36402],[-71.48384,44.36423],[-71.48346,44.36255],[-71.48521,44.36207],[-71.48652,44.36154],[-71.48665,44.36349]]]]},"properties":{"id":"p-046-003","name":"SILVIO O. CONTE NATIONAL FWR","status":"unknown","acres":102.7,"score":50}},{"type":"Feature","id":278,"geometry":{"type":"MultiPolygon","coordinates":[[[[-71.516,44.35233],[-71.51632,44.35213],[-71.51661,44.35305],[-71.51726,44.35374],[-71.52059,44.35339],[-71.5217,44.35572],[-71.51776,44.35572],[-71.51741,44.35509],[-71.51727,44.35396],[-71.51708,44.35399],[-71.51735,44.35569],[-71.51665,44.35554],[-71.51597,44.35519],[-71.51544,44.35471],[-71.51499,44.35399],[-71.51687,44.35378],[-71.51624,44.35314],[-71.516,44.35233]]],[[[-71.48957,44.35975],[-71.49156,44.35875],[-71.49362,44.35802],[-71.49441,44.36123],[-71.49149,44.36159],[-71.48957,44.35975]]],[[[-71.48943,44.35984],[-71.49127,44.36162],[-71.48883,44.36192],[-71.48895,44.36304],[-71.48865,44.36306],[-71.48841,44.36342],[-71.48665,44.36349],[-71.48653,44.3617],[-71.48759,44.36114],[-71.48746,44.36103],[-71.48943,44.35984]]],[[[-71.48648,44.37717],[-71.48151,44.3778],[-71.48175,44.37686],[-71.48169,44.37648],[-71.48145,44.37637],[-71.48143,44.3762],[-71.48165,44.37591],[-71.48133,44.37567],[-71.48139,44.37552],[-71.48185,44.37532],[-71.48252,44.37444],[-71.48288,44.37439],[-71.48338,44.37397],[-71.48316,44.37363],[-71.48222,44.37335],[-71.48183,44.37284],[-71.48543,44.37243],[-71.48648,44.37717]]]]},"properties":{"id":"p-046-004","name":"Silvio O. Conte NFWR","status":"unknown","acres":109.4,"score":45}},{"type":"Feature","id":279,"geometry":{"type":"MultiPolygon","coordinates":[[[[-71.53426,44.26077],[-71.52798,44.26274],[-71.52774,44.26305],[-71.52591,44.26413],[-71.52531,44.26471],[-71.52455,44.26506],[-71.52457,44.26561],[-71.52479,44.26601],[-71.53212,44.265],[-71.53263,44.26868],[-71.53145,44.26877],[-71.53018,44.26789],[-71.52946,44.26819],[-71.52913,44.26819],[-71.52887,44.26786],[-71.52896,44.26696],[-71.52864,44.26673],[-71.52826,44.26674],[-71.52475,44.26883],[-71.52379,44.26912],[-71.52221,44.26935],[-71.52253,44.27072],[-71.5224,44.27079],[-71.52022,44.27162],[-71.51901,44.27188],[-71.51762,44.27196],[-71.51506,44.27171],[-71.50307,44.26866],[-71.5014,44.26772],[-71.49885,44.26574],[-71.49819,44.26546],[-71.49698,44.26524],[-71.49582,44.26538],[-71.49473,44.26571],[-71.48977,44.26795],[-71.4864,44.26846],[-71.48548,44.26887],[-71.48427,44.26976],[-71.48341,44.27007],[-71.48087,44.26989],[-71.47779,44.27033],[-71.47695,44.26625],[-71.47001,44.26673],[-71.46929,44.26345],[-71.46839,44.26335],[-71.46756,44.26268],[-71.46726,44.25978],[-71.46881,44.25958],[-71.46971,44.25994],[-71.50584,44.25556],[-71.50741,44.2629],[-71.53359,44.25972],[-71.53332,44.26045],[-71.53392,44.26043],[-71.53426,44.26077]]],[[[-71.40673,44.26211],[-71.40718,44.26248],[-71.40776,44.26332],[-71.4084,44.26521],[-71.40898,44.26584],[-71.40968,44.26628],[-71.41055,44.26652],[-71.41164,44.26647],[-71.41348,44.26588],[-71.41699,44.26559],[-71.42026,44.26388],[-71.42278,44.26294],[-71.42356,44.26225],[-71.42744,44.25742],[-71.42878,44.25611],[-71.42968,44.25552],[-71.4304,44.25521],[-71.43019,44.25555],[-71.43062,44.25708],[-71.43005,44.25716],[-71.42901,44.25681],[-71.42696,44.25925],[-71.42931,44.26024],[-71.43074,44.25888],[-71.43125,44.25924],[-71.43186,44.25865],[-71.43226,44.25854],[-71.43461,44.26085],[-71.44152,44.2705],[-71.45595,44.26884],[-71.457,44.2733],[-71.46659,44.27242],[-71.46721,44.2768],[-71.4789,44.27565],[-71.47785,44.27061],[-71.48088,44.27016],[-71.48285,44.27038],[-71.4835,44.27034],[-71.4845,44.26998],[-71.48614,44.26886],[-71.48722,44.26854],[-71.4899,44.26821],[-71.49082,44.26788],[-71.49411,44.26626],[-71.49647,44.26555],[-71.49745,44.26556],[-71.49842,44.26585],[-71.49939,44.26647],[-71.50113,44.26791],[-71.5029,44.2689],[-71.51368,44.27167],[-71.51565,44.27207],[-71.51762,44.27224],[-71.5191,44.27215],[-71.52036,44.27188],[-71.52225,44.27121],[-71.53303,44.26999],[-71.53637,44.28524],[-71.52602,44.2865],[-71.52682,44.29162],[-71.52776,44.29626],[-71.51731,44.29749],[-71.51817,44.3025],[-71.52904,44.30175],[-71.52959,44.30548],[-71.51771,44.30622],[-71.51821,44.31069],[-71.50701,44.31217],[-71.50767,44.31662],[-71.50883,44.32097],[-71.50964,44.32549],[-71.51096,44.33154],[-71.50922,44.33038],[-71.50115,44.33187],[-71.50049,44.33182],[-71.50214,44.3417],[-71.51061,44.34046],[-71.51098,44.34437],[-71.51202,44.34916],[-71.48044,44.35308],[-71.47823,44.34384],[-71.47397,44.34431],[-71.47068,44.32936],[-71.45867,44.3306],[-71.45857,44.33009],[-71.45883,44.32805],[-71.45881,44.32681],[-71.45901,44.3265],[-71.45993,44.32643],[-71.46013,44.32619],[-71.46003,44.32516],[-71.45457,44.32577],[-71.45517,44.32921],[-71.45452,44.33111],[-71.45716,44.33082],[-71.45752,44.33449],[-71.45925,44.3343],[-71.46042,44.33828],[-71.4619,44.34574],[-71.45933,44.34621],[-71.45924,44.34588],[-71.44917,44.34718],[-71.45031,44.35192],[-71.45222,44.36234],[-71.44129,44.36372],[-71.4423,44.36834],[-71.4313,44.36906],[-71.42407,44.36985],[-71.42274,44.36965],[-71.42195,44.36941],[-71.41623,44.36637],[-71.41513,44.36606],[-71.41236,44.36563],[-71.41142,44.36534],[-71.40813,44.36322],[-71.40672,44.36262],[-71.40557,44.35785],[-71.39906,44.35912],[-71.39866,44.35745],[-71.39736,44.35759],[-71.39733,44.35742],[-71.39643,44.35713],[-71.39538,44.35646],[-71.39409,44.35643],[-71.39375,44.3563],[-71.39319,44.35521],[-71.39198,44.35436],[-71.39112,44.35403],[-71.3904,44.35111],[-71.38384,44.35181],[-71.38388,44.35333],[-71.34843,44.35442],[-71.3485,44.35671],[-71.34549,44.35707],[-71.34664,44.35608],[-71.34729,44.35445],[-71.34453,44.35452],[-71.34433,44.35729],[-71.34172,44.35772],[-71.34164,44.35462],[-71.33422,44.35479],[-71.33446,44.36046],[-71.33267,44.36113],[-71.32963,44.3619],[-71.32112,44.36306],[-71.31767,44.36393],[-71.29869,44.36408],[-71.29937,44.36541],[-71.29874,44.36672],[-71.2988,44.36766],[-71.29842,44.3677],[-71.29852,44.36899],[-71.29896,44.36899],[-71.29862,44.37005],[-71.2915,44.37103],[-71.28926,44.37117],[-71.27258,44.37093],[-71.27211,44.3645],[-71.25996,44.36459],[-71.2601,44.36811],[-71.25965,44.36794],[-71.25972,44.36878],[-71.25679,44.36757],[-71.25352,44.36601],[-71.25359,44.36838],[-71.2472,44.3668],[-71.24561,44.36674],[-71.24174,44.36708],[-71.24079,44.36695],[-71.23868,44.36636],[-71.23732,44.36644],[-71.23656,44.36674],[-71.23446,44.36815],[-71.23375,44.36879],[-71.23332,44.36944],[-71.233,44.36945],[-71.23301,44.36995],[-71.2311,44.37324],[-71.23054,44.37376],[-71.22913,44.37453],[-71.22844,44.37517],[-71.2279,44.3763],[-71.2279,44.37703],[-71.2283,44.37843],[-71.22798,44.37932],[-71.22696,44.37997],[-71.2242,44.38042],[-71.22328,44.38105],[-71.22299,44.38159],[-71.22296,44.38213],[-71.22364,44.38342],[-71.22374,44.38408],[-71.20769,44.38448],[-71.2075,44.37709],[-71.1945,44.37718],[-71.19432,44.36995],[-71.18292,44.37007],[-71.18316,44.36378],[-71.18412,44.36362],[-71.18473,44.36322],[-71.1859,44.36194],[-71.18605,44.36143],[-71.18573,44.35998],[-71.1845,44.35995],[-71.18471,44.35909],[-71.18258,44.35952],[-71.18266,44.35925],[-71.18375,44.359],[-71.18427,44.35816],[-71.18435,44.35673],[-71.18578,44.35554],[-71.18578,44.35476],[-71.19095,44.351],[-71.19223,44.35099],[-71.19224,44.34997],[-71.19252,44.34839],[-71.19457,44.34662],[-71.1952,44.34659],[-71.19537,44.34586],[-71.19469,44.34565],[-71.1939,44.34605],[-71.19344,44.3457],[-71.19285,44.34567],[-71.19236,44.34536],[-71.19104,44.34514],[-71.19046,44.34449],[-71.18937,44.344],[-71.18915,44.34369],[-71.18875,44.3435],[-71.17536,44.35158],[-71.17596,44.35201],[-71.17654,44.35193],[-71.17718,44.35257],[-71.17788,44.35266],[-71.17876,44.35317],[-71.17873,44.35362],[-71.17912,44.35416],[-71.17838,44.35482],[-71.17891,44.3555],[-71.17846,44.35661],[-71.17863,44.35722],[-71.17889,44.35747],[-71.17882,44.3579],[-71.17907,44.3585],[-71.17905,44.359],[-71.17871,44.3593],[-71.17899,44.36025],[-71.17862,44.36068],[-71.17809,44.36211],[-71.17781,44.36225],[-71.17746,44.3629],[-71.17708,44.36323],[-71.1767,44.36346],[-71.17594,44.36349],[-71.17469,44.36384],[-71.17479,44.36415],[-71.17669,44.3639],[-71.17552,44.3648],[-71.17501,44.36569],[-71.17435,44.36552],[-71.17443,44.36592],[-71.17364,44.36764],[-71.17371,44.36815],[-71.17406,44.36876],[-71.17412,44.36975],[-71.17368,44.37],[-71.15912,44.37033],[-71.15917,44.37142],[-71.15492,44.37152],[-71.15508,44.37462],[-71.14651,44.37477],[-71.14696,44.38259],[-71.14323,44.38267],[-71.14344,44.38639],[-71.14313,44.38647],[-71.14286,44.38441],[-71.14087,44.38459],[-71.14075,44.38219],[-71.13921,44.38196],[-71.13913,44.38048],[-71.12242,44.38099],[-71.12227,44.37915],[-71.11203,44.37931],[-71.11244,44.38502],[-71.12251,44.38462],[-71.12285,44.38852],[-71.11903,44.38869],[-71.1197,44.39625],[-71.11559,44.39838],[-71.11499,44.38986],[-71.10653,44.39017],[-71.10756,44.39069],[-71.10762,44.39103],[-71.10725,44.39157],[-71.10735,44.39175],[-71.10802,44.39183],[-71.10846,44.39243],[-71.10781,44.3927],[-71.1077,44.39307],[-71.10818,44.39367],[-71.10813,44.39408],[-71.10883,44.39541],[-71.10914,44.39572],[-71.10946,44.39667],[-71.1098,44.39706],[-71.11022,44.39729],[-71.11043,44.40056],[-71.11191,44.39993],[-71.11202,44.40006],[-71.10933,44.40114],[-71.10926,44.40103],[-71.10633,44.40245],[-71.10583,44.40198],[-71.10515,44.40237],[-71.10567,44.40277],[-71.09982,44.40565],[-71.09962,44.40532],[-71.09908,44.4055],[-71.09932,44.40586],[-71.09622,44.40656],[-71.0953,44.40662],[-71.09399,44.40647],[-71.0934,44.40658],[-71.09219,44.39263],[-71.07914,44.39319],[-71.079,44.39209],[-71.07815,44.39088],[-71.07792,44.38634],[-71.06524,44.38668],[-71.0657,44.39245],[-71.06902,44.39237],[-71.06906,44.39444],[-71.06717,44.39448],[-71.06716,44.39518],[-71.06648,44.39535],[-71.06665,44.39634],[-71.06495,44.3967],[-71.06481,44.39623],[-71.06458,44.3962],[-71.06477,44.39595],[-71.06575,44.39566],[-71.0656,44.39521],[-71.06396,44.39567],[-71.0637,44.39525],[-71.06335,44.39539],[-71.06329,44.39587],[-71.06103,44.39653],[-71.06142,44.39726],[-71.06071,44.39736],[-71.06059,44.39798],[-71.05848,44.39799],[-71.05682,44.3976],[-71.05543,44.39667],[-71.05656,44.39595],[-71.05586,44.39512],[-71.05668,44.39463],[-71.0562,44.39364],[-71.05615,44.39266],[-71.05559,44.39276],[-71.05622,44.39232],[-71.05713,44.39233],[-71.05737,44.39153],[-71.05387,44.39092],[-71.05384,44.39153],[-71.05364,44.39168],[-71.05346,44.38809],[-71.06012,44.38788],[-71.05957,44.37807],[-71.03387,44.37949],[-71.03352,44.37395],[-71.02547,44.3743],[-71.02505,44.37487],[-71.02503,44.37546],[-71.02368,44.37621],[-71.02291,44.37725],[-71.01963,44.37881],[-71.01903,44.37925],[-71.01894,44.37987],[-71.01954,44.38116],[-71.01911,44.38264],[-71.02001,44.38335],[-71.01974,44.3834],[-71.01895,44.38285],[-71.01885,44.38264],[-71.01929,44.38116],[-71.01869,44.3799],[-71.01882,44.37915],[-71.01949,44.37866],[-71.02273,44.37713],[-71.02352,44.37608],[-71.02482,44.37536],[-71.0248,44.37482],[-71.02515,44.37432],[-71.01526,44.37477],[-71.0136,44.35276],[-71.01313,44.34325],[-71.01323,44.34297],[-71.01222,44.32528],[-71.01099,44.29519],[-71.00998,44.2849],[-71.04438,44.28378],[-71.04367,44.27493],[-71.04211,44.27494],[-71.04228,44.23751],[-71.07036,44.23754],[-71.09854,44.23544],[-71.25196,44.24427],[-71.30604,44.13727],[-71.30245,44.1374],[-71.31037,44.09854],[-71.31214,44.09842],[-71.31374,44.09198],[-71.32382,44.09179],[-71.3359,44.08577],[-71.34359,44.09205],[-71.34322,44.12347],[-71.35114,44.14867],[-71.3507,44.14875],[-71.35616,44.16612],[-71.37741,44.17565],[-71.38395,44.17871],[-71.39506,44.21502],[-71.40702,44.21341],[-71.41088,44.2176],[-71.41081,44.21829],[-71.41041,44.21916],[-71.41066,44.22029],[-71.41085,44.22022],[-71.41261,44.22137],[-71.41337,44.22201],[-71.41429,44.21955],[-71.41626,44.22006],[-71.41711,44.22044],[-71.41828,44.22169],[-71.41933,44.22364],[-71.42061,44.22547],[-71.42186,44.22681],[-71.42362,44.22833],[-71.42406,44.2289],[-71.42476,44.23056],[-71.42586,44.23155],[-71.42795,44.23266],[-71.42901,44.23368],[-71.43063,44.23605],[-71.4322,44.24039],[-71.43309,44.24161],[-71.43665,44.24468],[-71.43806,44.24657],[-71.43891,44.24724],[-71.43988,44.24773],[-71.44072,44.24834],[-71.44235,44.2503],[-71.44288,44.25074],[-71.44467,44.25173],[-71.44854,44.25315],[-71.44832,44.25349],[-71.44288,44.25116],[-71.44109,44.25013],[-71.43786,44.24795],[-71.4362,44.24718],[-71.43483,44.2462],[-71.43312,44.24526],[-71.43147,44.24418],[-71.42353,44.24852],[-71.42491,44.25005],[-71.42819,44.25453],[-71.42815,44.25498],[-71.43006,44.25471],[-71.43023,44.25496],[-71.42906,44.25553],[-71.42807,44.25631],[-71.42712,44.25727],[-71.42324,44.2621],[-71.42253,44.26273],[-71.42008,44.26364],[-71.41684,44.26533],[-71.41338,44.26561],[-71.41154,44.2662],[-71.41061,44.26624],[-71.40988,44.26605],[-71.40927,44.26566],[-71.40874,44.26509],[-71.40783,44.26273],[-71.40655,44.26145],[-71.40449,44.25897],[-71.40415,44.25909],[-71.40673,44.26211]],[[-71.10996,44.40076],[-71.10985,44.40062],[-71.10906,44.40095],[-71.10926,44.40103],[-71.10996,44.40076]],[[-71.22321,44.295],[-71.22294,44.29446],[-71.22305,44.2932],[-71.2321,44.29313],[-71.23206,44.28782],[-71.23371,44.28687],[-71.23465,44.28578],[-71.23647,44.28689],[-71.23824,44.28513],[-71.23779,44.28405],[-71.2382,44.28371],[-71.23851,44.28291],[-71.23983,44.28146],[-71.24145,44.28008],[-71.24205,44.27977],[-71.24242,44.27976],[-71.24378,44.28094],[-71.24514,44.28144],[-71.24556,44.28145],[-71.24717,44.28076],[-71.2481,44.28007],[-71.24852,44.27997],[-71.24977,44.28008],[-71.25225,44.27898],[-71.25282,44.27887],[-71.25311,44.27896],[-71.25329,44.27921],[-71.25322,44.27958],[-71.25245,44.28078],[-71.25246,44.28127],[-71.25261,44.28145],[-71.25317,44.28162],[-71.25379,44.28147],[-71.2549,44.28069],[-71.25572,44.28057],[-71.25691,44.28264],[-71.2576,44.2831],[-71.25896,44.2833],[-71.25984,44.28303],[-71.26156,44.28341],[-71.26298,44.28455],[-71.26379,44.28486],[-71.26405,44.2851],[-71.26428,44.2859],[-71.26483,44.28644],[-71.26632,44.28712],[-71.26661,44.2874],[-71.26677,44.28821],[-71.26699,44.28838],[-71.27139,44.28961],[-71.27264,44.28978],[-71.27315,44.28996],[-71.27358,44.29031],[-71.2737,44.29094],[-71.27466,44.29229],[-71.27507,44.29263],[-71.27656,44.2933],[-71.27697,44.29363],[-71.2773,44.29428],[-71.27716,44.29505],[-71.27736,44.29593],[-71.27767,44.29617],[-71.27821,44.2963],[-71.27956,44.29609],[-71.28001,44.29594],[-71.28077,44.29529],[-71.28057,44.29501],[-71.28005,44.29503],[-71.28004,44.29467],[-71.28046,44.29402],[-71.28112,44.29341],[-71.28133,44.29241],[-71.28059,44.29177],[-71.28009,44.29104],[-71.27975,44.28967],[-71.28006,44.28909],[-71.28001,44.28878],[-71.27908,44.28728],[-71.27703,44.28512],[-71.27618,44.28377],[-71.27605,44.28303],[-71.27644,44.2817],[-71.27662,44.28156],[-71.27697,44.28155],[-71.27711,44.28167],[-71.27722,44.28204],[-71.27837,44.28349],[-71.27985,44.28446],[-71.28067,44.2848],[-71.28285,44.28517],[-71.28417,44.28465],[-71.28479,44.2846],[-71.28673,44.28382],[-71.28728,44.28348],[-71.28851,44.28316],[-71.29064,44.28207],[-71.29442,44.28106],[-71.29507,44.28078],[-71.2951,44.28045],[-71.29425,44.28022],[-71.2928,44.27952],[-71.29295,44.27889],[-71.29515,44.27738],[-71.29627,44.27759],[-71.29699,44.27806],[-71.29781,44.2781],[-71.29815,44.27803],[-71.30057,44.27667],[-71.30111,44.27649],[-71.30255,44.27544],[-71.30247,44.2744],[-71.30172,44.27349],[-71.30259,44.27301],[-71.311,44.27636],[-71.31253,44.2768],[-71.31416,44.27679],[-71.31838,44.27587],[-71.32063,44.27496],[-71.32489,44.27406],[-71.32635,44.27397],[-71.33068,44.27416],[-71.33207,44.27408],[-71.34741,44.27148],[-71.35084,44.27065],[-71.35226,44.27061],[-71.35424,44.27031],[-71.35541,44.26961],[-71.35661,44.26935],[-71.3565,44.26897],[-71.35973,44.26784],[-71.35902,44.26781],[-71.35647,44.26871],[-71.35615,44.26769],[-71.34914,44.26883],[-71.35013,44.26986],[-71.34907,44.27041],[-71.34986,44.27065],[-71.34731,44.27122],[-71.332,44.27381],[-71.33068,44.27389],[-71.32634,44.27369],[-71.32482,44.2738],[-71.32049,44.2747],[-71.31823,44.27562],[-71.31409,44.27652],[-71.3134,44.27658],[-71.31261,44.27653],[-71.31117,44.27611],[-71.30378,44.27325],[-71.30274,44.2727],[-71.30228,44.27216],[-71.30317,44.27227],[-71.30405,44.27218],[-71.30494,44.27189],[-71.3056,44.27147],[-71.30624,44.27061],[-71.30633,44.2697],[-71.30577,44.26869],[-71.30471,44.26801],[-71.3033,44.26774],[-71.30187,44.26796],[-71.30091,44.26845],[-71.30028,44.26916],[-71.30006,44.26999],[-71.30028,44.27083],[-71.29895,44.27156],[-71.30126,44.27374],[-71.30155,44.27358],[-71.30227,44.27453],[-71.30234,44.2753],[-71.30139,44.27608],[-71.29801,44.27788],[-71.29721,44.27793],[-71.29617,44.27735],[-71.29505,44.27721],[-71.29313,44.27845],[-71.29264,44.27893],[-71.29252,44.27948],[-71.29263,44.27967],[-71.29345,44.27999],[-71.29379,44.28026],[-71.29492,44.28058],[-71.29482,44.28069],[-71.29156,44.28168],[-71.29065,44.28185],[-71.28838,44.283],[-71.28711,44.28335],[-71.28505,44.28431],[-71.28407,44.28448],[-71.28282,44.28499],[-71.28109,44.28468],[-71.27986,44.28424],[-71.27871,44.28349],[-71.27808,44.28285],[-71.27714,44.28141],[-71.27671,44.28134],[-71.27623,44.2816],[-71.27581,44.28288],[-71.27599,44.28392],[-71.27683,44.28523],[-71.27885,44.28736],[-71.27965,44.28867],[-71.27979,44.28918],[-71.2795,44.28967],[-71.2798,44.29093],[-71.28023,44.29171],[-71.28109,44.29246],[-71.28083,44.29342],[-71.28035,44.29381],[-71.27974,44.29482],[-71.28,44.29521],[-71.28051,44.2952],[-71.2805,44.29532],[-71.27966,44.29586],[-71.27824,44.29612],[-71.27758,44.29583],[-71.27742,44.29507],[-71.27751,44.29414],[-71.2772,44.29355],[-71.27668,44.29314],[-71.27546,44.29263],[-71.27485,44.29217],[-71.27394,44.29088],[-71.27382,44.29026],[-71.27333,44.28983],[-71.27273,44.28961],[-71.27133,44.28941],[-71.26706,44.28818],[-71.26677,44.28723],[-71.26599,44.28668],[-71.26497,44.28629],[-71.26451,44.28582],[-71.26433,44.28508],[-71.26394,44.28471],[-71.26298,44.2843],[-71.26172,44.28327],[-71.26055,44.28305],[-71.26013,44.28286],[-71.25979,44.28285],[-71.25889,44.28311],[-71.25787,44.28299],[-71.25746,44.28283],[-71.25713,44.28256],[-71.25593,44.28044],[-71.25548,44.28038],[-71.25495,44.28048],[-71.25383,44.28124],[-71.25314,44.28144],[-71.2528,44.28133],[-71.25266,44.28098],[-71.25275,44.28068],[-71.25347,44.27962],[-71.25354,44.27919],[-71.2535,44.27904],[-71.25288,44.27869],[-71.25214,44.27881],[-71.24973,44.2799],[-71.24855,44.27979],[-71.24796,44.27992],[-71.24702,44.28061],[-71.2455,44.28128],[-71.24522,44.28127],[-71.24382,44.28072],[-71.24267,44.27967],[-71.24237,44.27956],[-71.24181,44.27967],[-71.24045,44.28057],[-71.23873,44.28227],[-71.23828,44.28283],[-71.23788,44.28375],[-71.23772,44.28387],[-71.23767,44.28375],[-71.23504,44.28503],[-71.2334,44.28671],[-71.23204,44.28752],[-71.23198,44.28566],[-71.22067,44.28575],[-71.22066,44.28879],[-71.21725,44.28973],[-71.21606,44.28919],[-71.2134,44.28928],[-71.21271,44.28943],[-71.21173,44.29006],[-71.21135,44.28993],[-71.21155,44.28978],[-71.20842,44.28853],[-71.20793,44.28899],[-71.20882,44.29006],[-71.20975,44.29079],[-71.21094,44.29015],[-71.21183,44.29032],[-71.21267,44.28979],[-71.21333,44.28957],[-71.21593,44.28947],[-71.21714,44.29008],[-71.22072,44.28912],[-71.22076,44.29319],[-71.22277,44.2932],[-71.22257,44.29435],[-71.22285,44.29503],[-71.22247,44.29561],[-71.22261,44.29588],[-71.22248,44.29589],[-71.22243,44.29933],[-71.22361,44.29933],[-71.22414,44.29806],[-71.22413,44.29589],[-71.2228,44.29588],[-71.22275,44.29563],[-71.22321,44.295]],[[-71.42571,44.23978],[-71.42532,44.23967],[-71.4252,44.23936],[-71.4246,44.23885],[-71.42329,44.23964],[-71.42505,44.24109],[-71.42633,44.24031],[-71.42571,44.23978]]],[[[-71.52402,44.33166],[-71.52532,44.3405],[-71.52158,44.34096],[-71.5212,44.339],[-71.51455,44.33981],[-71.5132,44.33291],[-71.52402,44.33166]]],[[[-71.48009,44.59635],[-71.48036,44.6077],[-71.48879,44.60679],[-71.48946,44.60904],[-71.48857,44.60915],[-71.48862,44.61073],[-71.48464,44.6103],[-71.4777,44.60869],[-71.47559,44.60837],[-71.47044,44.60786],[-71.46792,44.6074],[-71.46794,44.60638],[-71.46916,44.60448],[-71.46896,44.60063],[-71.46473,44.60069],[-71.45706,44.60116],[-71.45722,44.60436],[-71.44939,44.59918],[-71.4486,44.59964],[-71.44612,44.59804],[-71.44652,44.59773],[-71.44447,44.59533],[-71.44449,44.59431],[-71.44381,44.5938],[-71.44164,44.59344],[-71.44087,44.58998],[-71.42524,44.59038],[-71.42448,44.58288],[-71.41663,44.58311],[-71.41701,44.59072],[-71.4143,44.5908],[-71.4125,44.59492],[-71.40853,44.59661],[-71.40933,44.59755],[-71.40877,44.59798],[-71.40827,44.59788],[-71.40742,44.59957],[-71.40717,44.59951],[-71.40612,44.60114],[-71.40701,44.60146],[-71.40625,44.60232],[-71.40547,44.60281],[-71.40367,44.60247],[-71.40328,44.6031],[-71.40273,44.60353],[-71.40206,44.60471],[-71.40205,44.6052],[-71.40223,44.60544],[-71.40275,44.60564],[-71.40267,44.60577],[-71.40223,44.60562],[-71.40194,44.60536],[-71.40188,44.60468],[-71.40257,44.60345],[-71.40314,44.60301],[-71.40348,44.60243],[-71.39761,44.60159],[-71.39781,44.60344],[-71.39384,44.60409],[-71.39426,44.60588],[-71.3901,44.6057],[-71.39207,44.60922],[-71.39354,44.60907],[-71.39801,44.61396],[-71.39586,44.61503],[-71.39621,44.61571],[-71.39133,44.61777],[-71.38051,44.62018],[-71.37876,44.62072],[-71.378,44.62112],[-71.37798,44.62096],[-71.37592,44.62241],[-71.37345,44.62339],[-71.37224,44.61751],[-71.3713,44.6168],[-71.37056,44.61576],[-71.36932,44.61576],[-71.37104,44.62343],[-71.3695,44.62333],[-71.36439,44.62165],[-71.36162,44.62065],[-71.35987,44.61963],[-71.3613,44.61817],[-71.36115,44.61598],[-71.35959,44.61605],[-71.35947,44.61439],[-71.35825,44.61512],[-71.35685,44.61543],[-71.35591,44.61623],[-71.35489,44.61644],[-71.35492,44.61659],[-71.35617,44.61675],[-71.35686,44.61696],[-71.35723,44.6172],[-71.35728,44.61772],[-71.35709,44.61767],[-71.35705,44.61726],[-71.35675,44.61707],[-71.35473,44.61666],[-71.35468,44.61636],[-71.35582,44.61611],[-71.35672,44.61532],[-71.35817,44.615],[-71.35946,44.61419],[-71.35925,44.61132],[-71.35718,44.61138],[-71.35717,44.6112],[-71.35506,44.61127],[-71.35495,44.61019],[-71.35443,44.61011],[-71.35443,44.6087],[-71.35104,44.60883],[-71.35109,44.60911],[-71.33654,44.60905],[-71.33446,44.60741],[-71.33276,44.60634],[-71.33219,44.60616],[-71.33125,44.59948],[-71.33085,44.59237],[-71.32418,44.59239],[-71.32462,44.60308],[-71.3226,44.6032],[-71.32272,44.60417],[-71.32225,44.60431],[-71.32116,44.60506],[-71.31993,44.60649],[-71.31892,44.60692],[-71.31879,44.60355],[-71.31621,44.60364],[-71.31811,44.59937],[-71.31911,44.59939],[-71.31835,44.59878],[-71.32056,44.59376],[-71.32563,44.5832],[-71.31477,44.58351],[-71.31732,44.57865],[-71.30783,44.57871],[-71.30888,44.57679],[-71.30712,44.57596],[-71.30607,44.57609],[-71.30477,44.57679],[-71.30458,44.57669],[-71.3056,44.57609],[-71.3067,44.57579],[-71.30761,44.57591],[-71.30896,44.57663],[-71.30923,44.57614],[-71.31869,44.57596],[-71.31995,44.57343],[-71.31065,44.57354],[-71.31288,44.56861],[-71.32243,44.56876],[-71.32479,44.5638],[-71.31505,44.56388],[-71.32006,44.55313],[-71.32244,44.54848],[-71.31291,44.54856],[-71.30747,44.55852],[-71.29716,44.55878],[-71.30251,44.54883],[-71.29345,44.54916],[-71.29616,44.54427],[-71.30063,44.53438],[-71.29023,44.53437],[-71.29486,44.52543],[-71.28111,44.52561],[-71.28478,44.51804],[-71.27545,44.51833],[-71.28038,44.50857],[-71.27335,44.50872],[-71.28058,44.49452],[-71.27125,44.4948],[-71.27951,44.47776],[-71.27741,44.47774],[-71.27869,44.47533],[-71.29713,44.47523],[-71.30025,44.46919],[-71.27983,44.46955],[-71.28561,44.45688],[-71.29063,44.44718],[-71.27567,44.44757],[-71.27518,44.43335],[-71.28072,44.43332],[-71.28078,44.42667],[-71.29489,44.42663],[-71.29456,44.4172],[-71.30393,44.41688],[-71.3117,44.41694],[-71.33535,44.41677],[-71.35181,44.41685],[-71.35193,44.43271],[-71.37235,44.43288],[-71.37218,44.42489],[-71.38231,44.42482],[-71.38237,44.43244],[-71.38748,44.43226],[-71.3861,44.40806],[-71.3938,44.40999],[-71.41983,44.41712],[-71.42008,44.41819],[-71.42291,44.41784],[-71.42181,44.41286],[-71.4324,44.4119],[-71.43869,44.41114],[-71.45196,44.40982],[-71.45364,44.41711],[-71.45723,44.41655],[-71.46403,44.41584],[-71.46425,44.41513],[-71.46375,44.41462],[-71.4639,44.4143],[-71.46659,44.4158],[-71.46564,44.41639],[-71.46614,44.4168],[-71.46558,44.41709],[-71.46683,44.41824],[-71.46823,44.41798],[-71.46823,44.4178],[-71.46871,44.41775],[-71.46978,44.41732],[-71.47051,44.41731],[-71.47138,44.41713],[-71.47207,44.41755],[-71.47185,44.4177],[-71.47224,44.41796],[-71.4725,44.41781],[-71.47279,44.41799],[-71.47119,44.4186],[-71.46936,44.41881],[-71.46451,44.4204],[-71.46254,44.42118],[-71.46094,44.42212],[-71.45788,44.42348],[-71.45654,44.4246],[-71.45535,44.42487],[-71.45627,44.42914],[-71.466,44.42797],[-71.45736,44.43362],[-71.46745,44.43219],[-71.4686,44.43684],[-71.45864,44.43784],[-71.4597,44.44222],[-71.44981,44.4436],[-71.44486,44.44442],[-71.44504,44.44533],[-71.44492,44.44602],[-71.44542,44.44758],[-71.44527,44.44839],[-71.44554,44.44884],[-71.4456,44.44955],[-71.4449,44.45109],[-71.44515,44.45192],[-71.44506,44.4522],[-71.44643,44.453],[-71.44841,44.45386],[-71.44907,44.45398],[-71.45046,44.4538],[-71.45117,44.45398],[-71.45159,44.45441],[-71.45202,44.45456],[-71.45291,44.45518],[-71.45369,44.45622],[-71.45514,44.45746],[-71.45872,44.46248],[-71.46253,44.46107],[-71.46661,44.46169],[-71.46025,44.46404],[-71.46126,44.46515],[-71.4631,44.46839],[-71.46534,44.46783],[-71.4686,44.46646],[-71.47061,44.46577],[-71.47208,44.46673],[-71.47406,44.46904],[-71.47195,44.4698],[-71.47265,44.47042],[-71.47274,44.47075],[-71.47342,44.47129],[-71.47469,44.47307],[-71.47564,44.47263],[-71.47664,44.47454],[-71.47494,44.47533],[-71.47333,44.47626],[-71.4721,44.47741],[-71.47009,44.47503],[-71.46889,44.47551],[-71.46643,44.47231],[-71.46581,44.47188],[-71.46327,44.47296],[-71.46175,44.47126],[-71.46008,44.47176],[-71.45952,44.47139],[-71.45734,44.47198],[-71.45426,44.4736],[-71.45304,44.47238],[-71.45189,44.47287],[-71.44654,44.46619],[-71.44674,44.46608],[-71.44084,44.45899],[-71.43006,44.46022],[-71.43092,44.4648],[-71.4324,44.48033],[-71.43435,44.49053],[-71.4563,44.4975],[-71.45666,44.50465],[-71.45733,44.51113],[-71.46431,44.50845],[-71.46454,44.50939],[-71.46533,44.51482],[-71.4598,44.51521],[-71.46065,44.52071],[-71.46627,44.52039],[-71.4672,44.52596],[-71.46764,44.53119],[-71.47797,44.53064],[-71.47863,44.5428],[-71.47885,44.55538],[-71.4792,44.56285],[-71.47122,44.5628],[-71.47135,44.57075],[-71.47946,44.57076],[-71.47964,44.58013],[-71.48072,44.58073],[-71.4853,44.57658],[-71.48815,44.57821],[-71.4852,44.58475],[-71.48647,44.5853],[-71.48648,44.58782],[-71.48548,44.58791],[-71.48542,44.58755],[-71.48491,44.58759],[-71.48497,44.58795],[-71.4841,44.58809],[-71.48358,44.58839],[-71.4836,44.5895],[-71.48333,44.58955],[-71.47981,44.58857],[-71.47974,44.58874],[-71.47237,44.58888],[-71.47189,44.58112],[-71.46393,44.5814],[-71.46468,44.59251],[-71.47258,44.59226],[-71.47281,44.59648],[-71.48009,44.59635]],[[-71.46342,44.57352],[-71.45529,44.57367],[-71.45535,44.57643],[-71.44735,44.57655],[-71.44783,44.58192],[-71.46393,44.5814],[-71.46342,44.57352]],[[-71.39557,44.5677],[-71.39739,44.56659],[-71.39819,44.5653],[-71.39936,44.56484],[-71.39956,44.56451],[-71.39932,44.56339],[-71.39893,44.56296],[-71.39849,44.56279],[-71.39785,44.56277],[-71.39733,44.56243],[-71.3972,44.56177],[-71.39735,44.56139],[-71.39779,44.56104],[-71.37515,44.56203],[-71.37594,44.56925],[-71.39564,44.56858],[-71.39557,44.5677]],[[-71.39896,44.56261],[-71.39974,44.56331],[-71.39987,44.56478],[-71.39947,44.5651],[-71.39849,44.56547],[-71.39782,44.56664],[-71.39596,44.56774],[-71.39604,44.56857],[-71.4077,44.56817],[-71.40698,44.5606],[-71.3984,44.56102],[-71.39767,44.56154],[-71.39768,44.56232],[-71.398,44.56251],[-71.39896,44.56261]],[[-71.42844,44.52786],[-71.4286,44.53284],[-71.43681,44.53269],[-71.43642,44.52763],[-71.42844,44.52786]],[[-71.36966,44.58482],[-71.36968,44.59248],[-71.38612,44.59162],[-71.38554,44.58412],[-71.37719,44.58427],[-71.36966,44.58482]],[[-71.40035,44.59402],[-71.40221,44.59589],[-71.40339,44.5964],[-71.40391,44.59717],[-71.40373,44.59723],[-71.40298,44.59631],[-71.40208,44.59599],[-71.40028,44.5942],[-71.39989,44.59288],[-71.40051,44.59912],[-71.40421,44.59906],[-71.40363,44.59122],[-71.39992,44.59135],[-71.39983,44.59168],[-71.40035,44.59402]],[[-71.36649,44.60043],[-71.36586,44.59991],[-71.36574,44.59947],[-71.36598,44.59869],[-71.36625,44.59847],[-71.36613,44.59815],[-71.36636,44.59794],[-71.36611,44.59758],[-71.36651,44.59654],[-71.36602,44.59592],[-71.3655,44.59486],[-71.36546,44.59443],[-71.36398,44.59325],[-71.36128,44.59193],[-71.36039,44.59204],[-71.35986,44.59188],[-71.35934,44.59194],[-71.3585,44.59181],[-71.35694,44.5907],[-71.35618,44.59079],[-71.35511,44.59074],[-71.35409,44.59154],[-71.35326,44.59175],[-71.35322,44.5919],[-71.35407,44.5921],[-71.35421,44.59274],[-71.35444,44.59298],[-71.35482,44.59313],[-71.35526,44.593],[-71.35868,44.59459],[-71.35917,44.59525],[-71.36106,44.59715],[-71.3641,44.59975],[-71.36521,44.60045],[-71.36441,44.60047],[-71.36441,44.6006],[-71.36526,44.60165],[-71.36528,44.60192],[-71.3642,44.60181],[-71.364,44.60201],[-71.36334,44.60188],[-71.3624,44.60671],[-71.36465,44.60703],[-71.36467,44.60762],[-71.36569,44.60787],[-71.36662,44.60509],[-71.36654,44.60272],[-71.36693,44.60273],[-71.36686,44.60045],[-71.36649,44.60043]],[[-71.34542,44.59091],[-71.34638,44.59084],[-71.34673,44.59065],[-71.34652,44.59033],[-71.3438,44.59011],[-71.34274,44.5904],[-71.34176,44.59004],[-71.34087,44.58991],[-71.34031,44.59005],[-71.33993,44.5908],[-71.33897,44.59078],[-71.33892,44.59087],[-71.33964,44.59116],[-71.34304,44.59083],[-71.34542,44.59091]],[[-71.45678,44.59686],[-71.45655,44.59297],[-71.44871,44.59321],[-71.44847,44.59707],[-71.45678,44.59686]]],[[[-71.47754,44.60894],[-71.48314,44.61024],[-71.48298,44.6105],[-71.48179,44.61029],[-71.48042,44.60987],[-71.47196,44.60833],[-71.47555,44.60864],[-71.47754,44.60894]]],[[[-71.44872,44.25289],[-71.44488,44.2515],[-71.44315,44.25054],[-71.44268,44.25015],[-71.44102,44.24816],[-71.44012,44.24752],[-71.43916,44.24703],[-71.43836,44.2464],[-71.43697,44.24453],[-71.4338,44.24181],[-71.4329,44.24082],[-71.43237,44.23984],[-71.43099,44.23597],[-71.42934,44.23354],[-71.42821,44.23246],[-71.42611,44.23134],[-71.42511,44.23043],[-71.42441,44.22878],[-71.42393,44.22817],[-71.42216,44.22664],[-71.42093,44.22533],[-71.41812,44.22092],[-71.41694,44.21999],[-71.4144,44.21929],[-71.41231,44.21674],[-71.41104,44.21727],[-71.40742,44.21335],[-71.41592,44.2122],[-71.44334,44.24917],[-71.44949,44.25175],[-71.44872,44.25289]]],[[[-71.23398,44.36903],[-71.23504,44.36813],[-71.23715,44.36679],[-71.23779,44.36663],[-71.23866,44.36663],[-71.23993,44.36698],[-71.24007,44.36932],[-71.23374,44.36943],[-71.23398,44.36903]]],[[[-71.2313,44.37352],[-71.23215,44.37216],[-71.23306,44.37062],[-71.23319,44.37402],[-71.23071,44.37401],[-71.2313,44.37352]]]]},"properties":{"id":"p-047-001-22000-fo","name":"White Mountain National Forest","status":"verified","acres":229884.5,"score":87}},{"type":"Feature","id":280,"geometry":{"type":"MultiPolygon","coordinates":[[[[-71.51817,44.3025],[-71.51731,44.29749],[-71.52776,44.29626],[-71.52904,44.30175],[-71.51817,44.3025]]],[[[-71.51028,44.32187],[-71.50988,44.31964],[-71.52108,44.31869],[-71.52149,44.32084],[-71.51028,44.32187]]],[[[-71.51069,44.33034],[-71.51016,44.3279],[-71.51847,44.32685],[-71.51914,44.32948],[-71.51069,44.33034]]]]},"properties":{"id":"p-047-001-22000-fo-2","name":"White Mountain National Forest","status":"verified","acres":227.3,"score":71}},{"type":"Feature","id":281,"geometry":{"type":"Polygon","coordinates":[[[-71.51454,44.33974],[-71.5212,44.339],[-71.52201,44.34323],[-71.514,44.34419],[-71.51482,44.34462],[-71.5143,44.34479],[-71.51462,44.34516],[-71.51445,44.34535],[-71.51383,44.34566],[-71.51255,44.34674],[-71.51152,44.34686],[-71.51098,44.34437],[-71.51061,44.34046],[-71.50214,44.3417],[-71.50049,44.33182],[-71.50115,44.33187],[-71.50922,44.33038],[-71.5132,44.33291],[-71.51454,44.33974]]]},"properties":{"id":"p-047-001-22000-fo-3","name":"White Mountain National Forest","status":"verified","acres":376.8,"score":69}},{"type":"Feature","id":282,"geometry":{"type":"Polygon","coordinates":[[[-71.29895,44.27156],[-71.30028,44.27083],[-71.30006,44.27006],[-71.30025,44.26923],[-71.30085,44.2685],[-71.30178,44.26799],[-71.3029,44.26775],[-71.30417,44.26785],[-71.30528,44.26829],[-71.30602,44.26898],[-71.3063,44.26956],[-71.30635,44.27019],[-71.30619,44.27074],[-71.30578,44.27131],[-71.30502,44.27185],[-71.30405,44.27218],[-71.30297,44.27226],[-71.30185,44.27204],[-71.30217,44.27264],[-71.30259,44.27301],[-71.30126,44.27374],[-71.29895,44.27156]],[[-71.30257,44.27063],[-71.30228,44.27106],[-71.30252,44.2712],[-71.30276,44.27082],[-71.30257,44.27063]]]},"properties":{"id":"p-047-002","name":"Mount Washington State Park","status":"verified","acres":58.8,"score":21}},{"type":"Feature","id":283,"geometry":{"type":"Polygon","coordinates":[[[-71.29916,44.36763],[-71.29923,44.36898],[-71.29852,44.36899],[-71.29842,44.3677],[-71.29916,44.36763]]]},"properties":{"id":"p-047-003","name":"Cold Brook Falls","status":"unknown","acres":2.1,"score":33}},{"type":"Feature","id":284,"geometry":{"type":"Polygon","coordinates":[[[-71.29041,44.37431],[-71.28808,44.37483],[-71.28802,44.37424],[-71.28623,44.37422],[-71.28468,44.37454],[-71.28489,44.37166],[-71.29137,44.37165],[-71.29429,44.37119],[-71.29437,44.37384],[-71.29259,44.37417],[-71.29041,44.37431]]]},"properties":{"id":"p-047-004","name":"Durand Lake","status":"unknown","acres":56.2,"score":23}},{"type":"Feature","id":285,"geometry":{"type":"Polygon","coordinates":[[[-71.32438,44.36646],[-71.32472,44.36736],[-71.32316,44.36767],[-71.32313,44.36667],[-71.32438,44.36646]]]},"properties":{"id":"p-047-005","name":"Randolph Springs Town Park","status":"unknown","acres":3.1,"score":17}},{"type":"Feature","id":286,"geometry":{"type":"Polygon","coordinates":[[[-71.35716,44.35843],[-71.35818,44.35847],[-71.35825,44.36039],[-71.35717,44.36038],[-71.35716,44.35843]]]},"properties":{"id":"p-047-006","name":"Town of Randolph Land","status":"unknown","acres":4.5,"score":40}},{"type":"Feature","id":287,"geometry":{"type":"Polygon","coordinates":[[[-71.31975,44.37568],[-71.31344,44.37588],[-71.31329,44.37202],[-71.31345,44.37202],[-71.31342,44.37154],[-71.3196,44.37141],[-71.31975,44.37568]]]},"properties":{"id":"p-047-007","name":"Meiklejohn, Dempster","status":"unknown","acres":59.4,"score":31}},{"type":"Feature","id":288,"geometry":{"type":"Polygon","coordinates":[[[-71.28864,44.37469],[-71.29041,44.37431],[-71.29044,44.37431],[-71.29016,44.37461],[-71.28965,44.37481],[-71.28911,44.37485],[-71.28864,44.37469]]]},"properties":{"id":"p-047-008","name":"Former Ravine House Site","status":"unknown","acres":1.0,"score":21}},{"type":"Feature","id":289,"geometry":{"type":"Polygon","coordinates":[[[-71.26065,44.36831],[-71.2601,44.36811],[-71.25996,44.36459],[-71.27211,44.3645],[-71.27258,44.37093],[-71.26505,44.37082],[-71.26582,44.37031],[-71.26509,44.36974],[-71.26434,44.37028],[-71.26409,44.37065],[-71.26384,44.37073],[-71.26357,44.37048],[-71.26402,44.37012],[-71.26338,44.3697],[-71.26328,44.36978],[-71.2627,44.36946],[-71.26228,44.36981],[-71.26139,44.36954],[-71.26064,44.36913],[-71.26065,44.36831]]]},"properties":{"id":"p-047-009","name":"Broadacres Realty Trust","status":"unknown","acres":155.9,"score":34}},{"type":"Feature","id":290,"geometry":{"type":"MultiPolygon","coordinates":[[[[-71.25526,44.36687],[-71.25972,44.36878],[-71.25965,44.36794],[-71.26065,44.36831],[-71.26062,44.37015],[-71.25359,44.36838],[-71.25352,44.36601],[-71.25526,44.36687]]],[[[-71.2536,44.36868],[-71.26061,44.37045],[-71.2606,44.37228],[-71.25369,44.37251],[-71.2536,44.36868]]],[[[-71.24675,44.37828],[-71.24658,44.37272],[-71.25369,44.37251],[-71.25374,44.37644],[-71.24675,44.37828]]]]},"properties":{"id":"p-047-010","name":"Moose River Phase II","status":"unknown","acres":142.9,"score":47}},{"type":"Feature","id":291,"geometry":{"type":"MultiPolygon","coordinates":[[[[-71.34164,44.35462],[-71.34172,44.35789],[-71.33962,44.35844],[-71.33446,44.36046],[-71.33422,44.35479],[-71.34164,44.35462]]],[[[-71.32309,44.36547],[-71.32027,44.36583],[-71.32011,44.36387],[-71.32295,44.36378],[-71.32309,44.36547]]]]},"properties":{"id":"p-047-012","name":"Randolph Community Forest","status":"unknown","acres":82.0,"score":31}},{"type":"Feature","id":292,"geometry":{"type":"Polygon","coordinates":[[[-71.24007,44.36932],[-71.23993,44.36698],[-71.24091,44.36725],[-71.24201,44.36735],[-71.24602,44.367],[-71.24774,44.36719],[-71.2536,44.36868],[-71.25369,44.37251],[-71.24658,44.37272],[-71.24645,44.36913],[-71.24007,44.36932]]]},"properties":{"id":"p-048-002","name":"Moose River CE","status":"unknown","acres":104.5,"score":55}},{"type":"Feature","id":293,"geometry":{"type":"Polygon","coordinates":[[[-71.17503,44.3708],[-71.17648,44.37083],[-71.17657,44.37037],[-71.17605,44.3701],[-71.17594,44.36909],[-71.17623,44.36661],[-71.17659,44.36575],[-71.17562,44.36553],[-71.17619,44.36464],[-71.17687,44.3642],[-71.17837,44.36434],[-71.1808,44.36347],[-71.18237,44.36409],[-71.18226,44.36986],[-71.18109,44.36993],[-71.18013,44.37052],[-71.17939,44.37142],[-71.17782,44.37167],[-71.17603,44.37261],[-71.17492,44.37305],[-71.17503,44.3708]]]},"properties":{"id":"p-048-003","name":"Gorham01-00072","status":"unknown","acres":100.8,"score":45}},{"type":"Feature","id":294,"geometry":{"type":"MultiPolygon","coordinates":[[[[-71.4144,44.21929],[-71.41297,44.21876],[-71.41219,44.21831],[-71.41104,44.21727],[-71.41231,44.21674],[-71.4144,44.21929]]],[[[-71.4113,44.21804],[-71.41276,44.21899],[-71.41429,44.21955],[-71.41337,44.22201],[-71.41261,44.22137],[-71.41085,44.22022],[-71.41066,44.22029],[-71.41041,44.21916],[-71.41081,44.21829],[-71.41088,44.2176],[-71.4113,44.21804]]]]},"properties":{"id":"p-055-001","name":"Crawford Notch Property","status":"unknown","acres":24.6,"score":16}},{"type":"Feature","id":295,"geometry":{"type":"Polygon","coordinates":[[[-71.4246,44.23885],[-71.4252,44.23936],[-71.42532,44.23967],[-71.42571,44.23978],[-71.42633,44.24031],[-71.42505,44.24109],[-71.42329,44.23964],[-71.4246,44.23885]]]},"properties":{"id":"p-055-002","name":"Eisenhower Memorial Area","status":"verified","acres":7.0,"score":33}},{"type":"Feature","id":296,"geometry":{"type":"MultiPolygon","coordinates":[[[[-71.37741,44.17565],[-71.35616,44.16612],[-71.3507,44.14875],[-71.35114,44.14867],[-71.35648,44.16584],[-71.37741,44.17565]]],[[[-71.39157,44.2036],[-71.38439,44.18015],[-71.38395,44.17871],[-71.38424,44.17884],[-71.39157,44.2036]]],[[[-71.41592,44.2122],[-71.39506,44.21502],[-71.39496,44.21467],[-71.41592,44.2122]]]]},"properties":{"id":"p-055-003","name":"Crawford Notch State Park","status":"verified","acres":42.4,"score":55}}]}